2026-08-08T09:56:24.640+02:00  INFO 5328 --- [demo] [main] com.warehouse.demo.DemoApplication       : Starting DemoApplication using Java 21.0.12 with PID 5328 (C:\Users\v1rus\Development\Java\Warehouse\demo\target\classes started by v1rus in C:\Users\v1rus\Development\Java\Warehouse\demo)
2026-08-08T09:56:24.646+02:00  INFO 5328 --- [demo] [main] com.warehouse.demo.DemoApplication       : No active profile set, falling back to 1 default profile: "default"
2026-08-08T09:56:25.429+02:00  INFO 5328 --- [demo] [main] .s.d.r.c.RepositoryConfigurationDelegate : Bootstrapping Spring Data JPA repositories in DEFAULT mode.
2026-08-08T09:56:25.569+02:00  INFO 5328 --- [demo] [main] .s.d.r.c.RepositoryConfigurationDelegate : Finished Spring Data repository scanning in 119 ms. Found 22 JPA repository interfaces.
2026-08-08T09:56:26.238+02:00  INFO 5328 --- [demo] [main] o.s.boot.tomcat.TomcatWebServer          : Tomcat initialized with port 8080 (http)
2026-08-08T09:56:26.257+02:00  INFO 5328 --- [demo] [main] o.apache.catalina.core.StandardService   : Starting service [Tomcat]
2026-08-08T09:56:26.257+02:00  INFO 5328 --- [demo] [main] o.apache.catalina.core.StandardEngine    : Starting Servlet engine: [Apache Tomcat/11.0.22]
2026-08-08T09:56:26.351+02:00  INFO 5328 --- [demo] [main] b.w.c.s.WebApplicationContextInitializer : Root WebApplicationContext: initialization completed in 1655 ms
2026-08-08T09:56:26.655+02:00  INFO 5328 --- [demo] [main] org.hibernate.orm.jpa                    : HHH008540: Processing PersistenceUnitInfo [name: default]
2026-08-08T09:56:26.710+02:00  INFO 5328 --- [demo] [main] org.hibernate.orm.core                   : HHH000001: Hibernate ORM core version 7.4.1.Final
2026-08-08T09:56:27.197+02:00  INFO 5328 --- [demo] [main] o.s.o.j.p.SpringPersistenceUnitInfo      : No LoadTimeWeaver setup: ignoring JPA class transformer
2026-08-08T09:56:27.235+02:00  INFO 5328 --- [demo] [main] com.zaxxer.hikari.HikariDataSource       : HikariPool-1 - Starting...
2026-08-08T09:56:27.424+02:00  INFO 5328 --- [demo] [main] com.zaxxer.hikari.pool.HikariPool        : HikariPool-1 - Added connection org.postgresql.jdbc.PgConnection@3c4c7e51
2026-08-08T09:56:27.430+02:00  INFO 5328 --- [demo] [main] com.zaxxer.hikari.HikariDataSource       : HikariPool-1 - Start completed.
2026-08-08T09:56:27.501+02:00  INFO 5328 --- [demo] [main] org.hibernate.orm.connections.pooling    : HHH10001005: Database info:
	Database JDBC URL [jdbc:postgresql://localhost:5432/warehouse_db]
	Database driver: PostgreSQL JDBC Driver
	Database dialect: PostgreSQLDialect
	Database version: 18.4
	Default catalog/schema: warehouse_db/public
	Autocommit mode: undefined/unknown
	Isolation level: READ_COMMITTED [default READ_COMMITTED]
	JDBC fetch size: none
	Pool: DataSourceConnectionProvider
	Minimum pool size: undefined/unknown
	Maximum pool size: undefined/unknown
2026-08-08T09:56:28.672+02:00  INFO 5328 --- [demo] [main] org.hibernate.orm.core                   : HHH000489: No JTA platform available (set 'hibernate.transaction.jta.platform' to enable JTA platform integration)
2026-08-08T09:56:28.700+02:00 DEBUG 5328 --- [demo] [main] org.hibernate.SQL                        : set client_min_messages = WARNING
2026-08-08T09:56:28.702+02:00 DEBUG 5328 --- [demo] [main] org.hibernate.SQL                        : alter table if exists action_logs drop constraint if exists FKabx32d38kv3htb0sytu0grnft
2026-08-08T09:56:28.705+02:00 DEBUG 5328 --- [demo] [main] org.hibernate.SQL                        : alter table if exists employees drop constraint if exists FKh62l7gpgesex8wjd6himtb3e1
2026-08-08T09:56:28.705+02:00 DEBUG 5328 --- [demo] [main] org.hibernate.SQL                        : alter table if exists employees drop constraint if exists FKngcpgx7fx5kednw3m7u0u8of3
2026-08-08T09:56:28.705+02:00 DEBUG 5328 --- [demo] [main] org.hibernate.SQL                        : alter table if exists employees drop constraint if exists FKerjbet32797doputgk79dc4ga
2026-08-08T09:56:28.706+02:00 DEBUG 5328 --- [demo] [main] org.hibernate.SQL                        : alter table if exists order_pallets drop constraint if exists FKpqdqlwod8tktiphtoc7oer7rt
2026-08-08T09:56:28.706+02:00 DEBUG 5328 --- [demo] [main] org.hibernate.SQL                        : alter table if exists order_pallets drop constraint if exists FKre8sl05h2cj0mpxc2r8t7fvvx
2026-08-08T09:56:28.706+02:00 DEBUG 5328 --- [demo] [main] org.hibernate.SQL                        : alter table if exists order_pallets drop constraint if exists FKamr5jy658vv73d04vembos2bw
2026-08-08T09:56:28.708+02:00 DEBUG 5328 --- [demo] [main] org.hibernate.SQL                        : alter table if exists ordered_products drop constraint if exists FKi7isf670mbq331v0muqqry1cd
2026-08-08T09:56:28.708+02:00 DEBUG 5328 --- [demo] [main] org.hibernate.SQL                        : alter table if exists ordered_products drop constraint if exists FK4ximfyldt9wafxil44a95nbow
2026-08-08T09:56:28.709+02:00 DEBUG 5328 --- [demo] [main] org.hibernate.SQL                        : alter table if exists orders drop constraint if exists FKlwggw414a2ts5kuwn3w3xwey4
2026-08-08T09:56:28.709+02:00 DEBUG 5328 --- [demo] [main] org.hibernate.SQL                        : alter table if exists orders drop constraint if exists FK90a9kwkuq8tdssbn73patuj1o
2026-08-08T09:56:28.709+02:00 DEBUG 5328 --- [demo] [main] org.hibernate.SQL                        : alter table if exists orders drop constraint if exists FKsskkpl1vd8t45wcvx150udmvo
2026-08-08T09:56:28.710+02:00 DEBUG 5328 --- [demo] [main] org.hibernate.SQL                        : alter table if exists orders drop constraint if exists FKp7dc0isy2d4u0q76rrmwyyye9
2026-08-08T09:56:28.710+02:00 DEBUG 5328 --- [demo] [main] org.hibernate.SQL                        : alter table if exists organizations drop constraint if exists FKapumdmay8yodgwtrshtoukpm1
2026-08-08T09:56:28.711+02:00 DEBUG 5328 --- [demo] [main] org.hibernate.SQL                        : alter table if exists packages drop constraint if exists FKpbap7arai7981kim42hnmllvy
2026-08-08T09:56:28.711+02:00 DEBUG 5328 --- [demo] [main] org.hibernate.SQL                        : alter table if exists paper_cards drop constraint if exists FKd9updxxiind6n0qu03wobuvh6
2026-08-08T09:56:28.712+02:00 DEBUG 5328 --- [demo] [main] org.hibernate.SQL                        : alter table if exists picked_products drop constraint if exists FKd7dkbt15tcqu5a44qp1f8fpvw
2026-08-08T09:56:28.712+02:00 DEBUG 5328 --- [demo] [main] org.hibernate.SQL                        : alter table if exists picked_products drop constraint if exists FKl3toya91sky77ldb56ak25egp
2026-08-08T09:56:28.712+02:00 DEBUG 5328 --- [demo] [main] org.hibernate.SQL                        : alter table if exists product_pallets drop constraint if exists FKq0c540v7295mp0t33kl6sj0v3
2026-08-08T09:56:28.713+02:00 DEBUG 5328 --- [demo] [main] org.hibernate.SQL                        : alter table if exists product_pallets drop constraint if exists FKpnufn9ti4t3cus76xl9727jpl
2026-08-08T09:56:28.713+02:00 DEBUG 5328 --- [demo] [main] org.hibernate.SQL                        : alter table if exists product_pallets drop constraint if exists FKge9nts7ge6rddq124q7wm7geh
2026-08-08T09:56:28.713+02:00 DEBUG 5328 --- [demo] [main] org.hibernate.SQL                        : alter table if exists product_pallets drop constraint if exists FK437c8obhesvrd78rdmv09bmym
2026-08-08T09:56:28.713+02:00 DEBUG 5328 --- [demo] [main] org.hibernate.SQL                        : alter table if exists products drop constraint if exists FK9f4oe4i29p9ah82tlxxfx9qmw
2026-08-08T09:56:28.715+02:00 DEBUG 5328 --- [demo] [main] org.hibernate.SQL                        : alter table if exists return_products drop constraint if exists FK4ncg3gnnd9f9wcadd80whdc89
2026-08-08T09:56:28.716+02:00 DEBUG 5328 --- [demo] [main] org.hibernate.SQL                        : alter table if exists return_products drop constraint if exists FKv2qnmbp3kaqqe4wycem8mhti
2026-08-08T09:56:28.716+02:00 DEBUG 5328 --- [demo] [main] org.hibernate.SQL                        : alter table if exists tracks drop constraint if exists FKh4jx673abomox36uqp69qe0a6
2026-08-08T09:56:28.718+02:00 DEBUG 5328 --- [demo] [main] org.hibernate.SQL                        : alter table if exists users drop constraint if exists FK6p2ib82uai0pj9yk1iassppgq
2026-08-08T09:56:28.718+02:00 DEBUG 5328 --- [demo] [main] org.hibernate.SQL                        : alter table if exists work_stations drop constraint if exists FKsb494sowyhqf94e5oumi6b7a0
2026-08-08T09:56:28.719+02:00 DEBUG 5328 --- [demo] [main] org.hibernate.SQL                        : drop table if exists action_logs cascade
2026-08-08T09:56:28.721+02:00 DEBUG 5328 --- [demo] [main] org.hibernate.SQL                        : drop table if exists employees cascade
2026-08-08T09:56:28.721+02:00 DEBUG 5328 --- [demo] [main] org.hibernate.SQL                        : drop table if exists gates cascade
2026-08-08T09:56:28.721+02:00 DEBUG 5328 --- [demo] [main] org.hibernate.SQL                        : drop table if exists order_pallets cascade
2026-08-08T09:56:28.722+02:00 DEBUG 5328 --- [demo] [main] org.hibernate.SQL                        : drop table if exists ordered_products cascade
2026-08-08T09:56:28.722+02:00 DEBUG 5328 --- [demo] [main] org.hibernate.SQL                        : drop table if exists orders cascade
2026-08-08T09:56:28.722+02:00 DEBUG 5328 --- [demo] [main] org.hibernate.SQL                        : drop table if exists organization_types cascade
2026-08-08T09:56:28.722+02:00 DEBUG 5328 --- [demo] [main] org.hibernate.SQL                        : drop table if exists organizations cascade
2026-08-08T09:56:28.723+02:00 DEBUG 5328 --- [demo] [main] org.hibernate.SQL                        : drop table if exists packages cascade
2026-08-08T09:56:28.723+02:00 DEBUG 5328 --- [demo] [main] org.hibernate.SQL                        : drop table if exists pallets cascade
2026-08-08T09:56:28.724+02:00 DEBUG 5328 --- [demo] [main] org.hibernate.SQL                        : drop table if exists paper_cards cascade
2026-08-08T09:56:28.724+02:00 DEBUG 5328 --- [demo] [main] org.hibernate.SQL                        : drop table if exists picked_products cascade
2026-08-08T09:56:28.724+02:00 DEBUG 5328 --- [demo] [main] org.hibernate.SQL                        : drop table if exists positions cascade
2026-08-08T09:56:28.725+02:00 DEBUG 5328 --- [demo] [main] org.hibernate.SQL                        : drop table if exists product_pallets cascade
2026-08-08T09:56:28.725+02:00 DEBUG 5328 --- [demo] [main] org.hibernate.SQL                        : drop table if exists products cascade
2026-08-08T09:56:28.725+02:00 DEBUG 5328 --- [demo] [main] org.hibernate.SQL                        : drop table if exists return_products cascade
2026-08-08T09:56:28.725+02:00 DEBUG 5328 --- [demo] [main] org.hibernate.SQL                        : drop table if exists shifts cascade
2026-08-08T09:56:28.726+02:00 DEBUG 5328 --- [demo] [main] org.hibernate.SQL                        : drop table if exists statuses cascade
2026-08-08T09:56:28.726+02:00 DEBUG 5328 --- [demo] [main] org.hibernate.SQL                        : drop table if exists tracks cascade
2026-08-08T09:56:28.726+02:00 DEBUG 5328 --- [demo] [main] org.hibernate.SQL                        : drop table if exists users cascade
2026-08-08T09:56:28.727+02:00 DEBUG 5328 --- [demo] [main] org.hibernate.SQL                        : drop table if exists work_stations cascade
2026-08-08T09:56:28.727+02:00 DEBUG 5328 --- [demo] [main] org.hibernate.SQL                        : drop table if exists workshops cascade
2026-08-08T09:56:28.729+02:00 DEBUG 5328 --- [demo] [main] org.hibernate.SQL                        : drop sequence if exists action_logs_seq
2026-08-08T09:56:28.729+02:00 DEBUG 5328 --- [demo] [main] org.hibernate.SQL                        : drop sequence if exists employee_seq
2026-08-08T09:56:28.730+02:00 DEBUG 5328 --- [demo] [main] org.hibernate.SQL                        : drop sequence if exists gate_seq
2026-08-08T09:56:28.730+02:00 DEBUG 5328 --- [demo] [main] org.hibernate.SQL                        : drop sequence if exists order_pallets_seq
2026-08-08T09:56:28.730+02:00 DEBUG 5328 --- [demo] [main] org.hibernate.SQL                        : drop sequence if exists order_seq
2026-08-08T09:56:28.730+02:00 DEBUG 5328 --- [demo] [main] org.hibernate.SQL                        : drop sequence if exists ordered_products_seq
2026-08-08T09:56:28.731+02:00 DEBUG 5328 --- [demo] [main] org.hibernate.SQL                        : drop sequence if exists organization_seq
2026-08-08T09:56:28.731+02:00 DEBUG 5328 --- [demo] [main] org.hibernate.SQL                        : drop sequence if exists organization_type_seq
2026-08-08T09:56:28.731+02:00 DEBUG 5328 --- [demo] [main] org.hibernate.SQL                        : drop sequence if exists package_seq
2026-08-08T09:56:28.732+02:00 DEBUG 5328 --- [demo] [main] org.hibernate.SQL                        : drop sequence if exists pallet_seq
2026-08-08T09:56:28.732+02:00 DEBUG 5328 --- [demo] [main] org.hibernate.SQL                        : drop sequence if exists paper_cards_seq
2026-08-08T09:56:28.732+02:00 DEBUG 5328 --- [demo] [main] org.hibernate.SQL                        : drop sequence if exists picked_products_seq
2026-08-08T09:56:28.732+02:00 DEBUG 5328 --- [demo] [main] org.hibernate.SQL                        : drop sequence if exists position_seq
2026-08-08T09:56:28.734+02:00 DEBUG 5328 --- [demo] [main] org.hibernate.SQL                        : drop sequence if exists product_pallet_seq
2026-08-08T09:56:28.734+02:00 DEBUG 5328 --- [demo] [main] org.hibernate.SQL                        : drop sequence if exists products_seq
2026-08-08T09:56:28.734+02:00 DEBUG 5328 --- [demo] [main] org.hibernate.SQL                        : drop sequence if exists return_products_seq
2026-08-08T09:56:28.735+02:00 DEBUG 5328 --- [demo] [main] org.hibernate.SQL                        : drop sequence if exists shift_seq
2026-08-08T09:56:28.735+02:00 DEBUG 5328 --- [demo] [main] org.hibernate.SQL                        : drop sequence if exists status_seq
2026-08-08T09:56:28.735+02:00 DEBUG 5328 --- [demo] [main] org.hibernate.SQL                        : drop sequence if exists track_seq
2026-08-08T09:56:28.736+02:00 DEBUG 5328 --- [demo] [main] org.hibernate.SQL                        : drop sequence if exists user_seq
2026-08-08T09:56:28.736+02:00 DEBUG 5328 --- [demo] [main] org.hibernate.SQL                        : drop sequence if exists work_station_seq
2026-08-08T09:56:28.736+02:00 DEBUG 5328 --- [demo] [main] org.hibernate.SQL                        : drop sequence if exists workshop_seq
2026-08-08T09:56:28.741+02:00 DEBUG 5328 --- [demo] [main] org.hibernate.SQL                        : create sequence action_logs_seq start with 1 increment by 50
2026-08-08T09:56:28.752+02:00 DEBUG 5328 --- [demo] [main] org.hibernate.SQL                        : create sequence employee_seq start with 1 increment by 50
2026-08-08T09:56:28.756+02:00 DEBUG 5328 --- [demo] [main] org.hibernate.SQL                        : create sequence gate_seq start with 1 increment by 1
2026-08-08T09:56:28.757+02:00 DEBUG 5328 --- [demo] [main] org.hibernate.SQL                        : create sequence order_pallets_seq start with 1 increment by 50
2026-08-08T09:56:28.758+02:00 DEBUG 5328 --- [demo] [main] org.hibernate.SQL                        : create sequence order_seq start with 1 increment by 50
2026-08-08T09:56:28.760+02:00 DEBUG 5328 --- [demo] [main] org.hibernate.SQL                        : create sequence ordered_products_seq start with 1 increment by 50
2026-08-08T09:56:28.762+02:00 DEBUG 5328 --- [demo] [main] org.hibernate.SQL                        : create sequence organization_seq start with 1 increment by 50
2026-08-08T09:56:28.764+02:00 DEBUG 5328 --- [demo] [main] org.hibernate.SQL                        : create sequence organization_type_seq start with 1 increment by 1
2026-08-08T09:56:28.765+02:00 DEBUG 5328 --- [demo] [main] org.hibernate.SQL                        : create sequence package_seq start with 1 increment by 50
2026-08-08T09:56:28.767+02:00 DEBUG 5328 --- [demo] [main] org.hibernate.SQL                        : create sequence pallet_seq start with 1 increment by 1
2026-08-08T09:56:28.768+02:00 DEBUG 5328 --- [demo] [main] org.hibernate.SQL                        : create sequence paper_cards_seq start with 1 increment by 50
2026-08-08T09:56:28.770+02:00 DEBUG 5328 --- [demo] [main] org.hibernate.SQL                        : create sequence picked_products_seq start with 1 increment by 50
2026-08-08T09:56:28.771+02:00 DEBUG 5328 --- [demo] [main] org.hibernate.SQL                        : create sequence position_seq start with 1 increment by 1
2026-08-08T09:56:28.772+02:00 DEBUG 5328 --- [demo] [main] org.hibernate.SQL                        : create sequence product_pallet_seq start with 1 increment by 50
2026-08-08T09:56:28.774+02:00 DEBUG 5328 --- [demo] [main] org.hibernate.SQL                        : create sequence products_seq start with 1 increment by 50
2026-08-08T09:56:28.775+02:00 DEBUG 5328 --- [demo] [main] org.hibernate.SQL                        : create sequence return_products_seq start with 1 increment by 50
2026-08-08T09:56:28.777+02:00 DEBUG 5328 --- [demo] [main] org.hibernate.SQL                        : create sequence shift_seq start with 1 increment by 1
2026-08-08T09:56:28.778+02:00 DEBUG 5328 --- [demo] [main] org.hibernate.SQL                        : create sequence status_seq start with 1 increment by 1
2026-08-08T09:56:28.780+02:00 DEBUG 5328 --- [demo] [main] org.hibernate.SQL                        : create sequence track_seq start with 1 increment by 1
2026-08-08T09:56:28.782+02:00 DEBUG 5328 --- [demo] [main] org.hibernate.SQL                        : create sequence user_seq start with 1 increment by 1
2026-08-08T09:56:28.783+02:00 DEBUG 5328 --- [demo] [main] org.hibernate.SQL                        : create sequence work_station_seq start with 1 increment by 1
2026-08-08T09:56:28.785+02:00 DEBUG 5328 --- [demo] [main] org.hibernate.SQL                        : create sequence workshop_seq start with 1 increment by 1
2026-08-08T09:56:28.789+02:00 DEBUG 5328 --- [demo] [main] org.hibernate.SQL                        : create table action_logs (employee_id bigint, entity_id bigint not null, id bigint not null, proceeded_at timestamp(6), action varchar(255), entity_type varchar(255), primary key (id))
2026-08-08T09:56:28.802+02:00 DEBUG 5328 --- [demo] [main] org.hibernate.SQL                        : create table employees (birth_date date, id bigint not null, organization_id bigint, position_id bigint, shift_id bigint, document_id varchar(255), employee_number varchar(255) unique, first_name varchar(255), last_name varchar(255), phone_number varchar(255), residence_address varchar(255), primary key (id))
2026-08-08T09:56:28.808+02:00 DEBUG 5328 --- [demo] [main] org.hibernate.SQL                        : create table gates (id bigint not null, symbol varchar(255), primary key (id))
2026-08-08T09:56:28.811+02:00 DEBUG 5328 --- [demo] [main] org.hibernate.SQL                        : create table order_pallets (id bigint not null, order_id bigint, pallet_id bigint, status_id bigint, primary key (id))
2026-08-08T09:56:28.815+02:00 DEBUG 5328 --- [demo] [main] org.hibernate.SQL                        : create table ordered_products (ordered_volume numeric(38,2), id bigint not null, order_id bigint, package_id bigint, primary key (id))
2026-08-08T09:56:28.818+02:00 DEBUG 5328 --- [demo] [main] org.hibernate.SQL                        : create table orders (gate_id bigint, id bigint not null, shift_id bigint, status_id bigint, store_id bigint, note varchar(255), primary key (id))
2026-08-08T09:56:28.821+02:00 DEBUG 5328 --- [demo] [main] org.hibernate.SQL                        : create table organization_types (id bigint not null, name varchar(255) unique, primary key (id))
2026-08-08T09:56:28.840+02:00 DEBUG 5328 --- [demo] [main] org.hibernate.SQL                        : create table organizations (id bigint not null, organization_type_id bigint, address varchar(255), email varchar(255), name varchar(255), organization_number varchar(255) unique, phone varchar(255), url varchar(255), primary key (id))
2026-08-08T09:56:28.849+02:00 DEBUG 5328 --- [demo] [main] org.hibernate.SQL                        : create table packages (products_amount integer not null, volume numeric(38,2), weight numeric(38,2), id bigint not null, product_id bigint, primary key (id))
2026-08-08T09:56:28.852+02:00 DEBUG 5328 --- [demo] [main] org.hibernate.SQL                        : create table pallets (height numeric(38,2), length numeric(38,2), weight numeric(38,2), width numeric(38,2), id bigint not null, color varchar(255), name varchar(255), primary key (id))
2026-08-08T09:56:28.857+02:00 DEBUG 5328 --- [demo] [main] org.hibernate.SQL                        : create table paper_cards (id bigint not null, order_id bigint, code varchar(255), primary key (id))
2026-08-08T09:56:28.860+02:00 DEBUG 5328 --- [demo] [main] org.hibernate.SQL                        : create table picked_products (picked_volume numeric(38,2), id bigint not null, order_pallet_id bigint, product_package_id bigint, primary key (id))
2026-08-08T09:56:28.865+02:00 DEBUG 5328 --- [demo] [main] org.hibernate.SQL                        : create table positions (id bigint not null, code_name varchar(255) unique, name varchar(255) unique, primary key (id))
2026-08-08T09:56:28.873+02:00 DEBUG 5328 --- [demo] [main] org.hibernate.SQL                        : create table product_pallets (package_amount integer not null, id bigint not null, pallet_id bigint, product_package_id bigint, status_id bigint, work_station_id bigint, id_number varchar(255), primary key (id))
2026-08-08T09:56:28.877+02:00 DEBUG 5328 --- [demo] [main] org.hibernate.SQL                        : create table products (cost numeric(38,2), id bigint not null, producer_id bigint, barcode_number varchar(255), name varchar(255), primary key (id))
2026-08-08T09:56:28.883+02:00 DEBUG 5328 --- [demo] [main] org.hibernate.SQL                        : create table return_products (products_amount integer not null, id bigint not null, order_id bigint, product_id bigint, primary key (id))
2026-08-08T09:56:28.886+02:00 DEBUG 5328 --- [demo] [main] org.hibernate.SQL                        : create table shifts (id bigint not null, symbol varchar(255), primary key (id))
2026-08-08T09:56:28.888+02:00 DEBUG 5328 --- [demo] [main] org.hibernate.SQL                        : create table statuses (id bigint not null, name varchar(255), primary key (id))
2026-08-08T09:56:28.892+02:00 DEBUG 5328 --- [demo] [main] org.hibernate.SQL                        : create table tracks (length numeric(38,2), width numeric(38,2), gate_id bigint, id bigint not null, symbol varchar(255), primary key (id))
2026-08-08T09:56:28.894+02:00 DEBUG 5328 --- [demo] [main] org.hibernate.SQL                        : create table users (enabled boolean not null, employee_id bigint unique, id bigint not null, password varchar(255), primary key (id))
2026-08-08T09:56:28.899+02:00 DEBUG 5328 --- [demo] [main] org.hibernate.SQL                        : create table work_stations (id bigint not null, workshop_id bigint, control_number varchar(255), station_number varchar(255), type varchar(255), primary key (id))
2026-08-08T09:56:28.903+02:00 DEBUG 5328 --- [demo] [main] org.hibernate.SQL                        : create table workshops (standard numeric(38,2), id bigint not null, name varchar(255), primary key (id))
2026-08-08T09:56:28.907+02:00 DEBUG 5328 --- [demo] [main] org.hibernate.SQL                        : alter table if exists action_logs add constraint FKabx32d38kv3htb0sytu0grnft foreign key (employee_id) references employees
2026-08-08T09:56:28.913+02:00 DEBUG 5328 --- [demo] [main] org.hibernate.SQL                        : alter table if exists employees add constraint FKh62l7gpgesex8wjd6himtb3e1 foreign key (organization_id) references organizations
2026-08-08T09:56:28.915+02:00 DEBUG 5328 --- [demo] [main] org.hibernate.SQL                        : alter table if exists employees add constraint FKngcpgx7fx5kednw3m7u0u8of3 foreign key (position_id) references positions
2026-08-08T09:56:28.918+02:00 DEBUG 5328 --- [demo] [main] org.hibernate.SQL                        : alter table if exists employees add constraint FKerjbet32797doputgk79dc4ga foreign key (shift_id) references shifts
2026-08-08T09:56:28.920+02:00 DEBUG 5328 --- [demo] [main] org.hibernate.SQL                        : alter table if exists order_pallets add constraint FKpqdqlwod8tktiphtoc7oer7rt foreign key (order_id) references orders
2026-08-08T09:56:28.921+02:00 DEBUG 5328 --- [demo] [main] org.hibernate.SQL                        : alter table if exists order_pallets add constraint FKre8sl05h2cj0mpxc2r8t7fvvx foreign key (pallet_id) references pallets
2026-08-08T09:56:28.923+02:00 DEBUG 5328 --- [demo] [main] org.hibernate.SQL                        : alter table if exists order_pallets add constraint FKamr5jy658vv73d04vembos2bw foreign key (status_id) references statuses
2026-08-08T09:56:28.924+02:00 DEBUG 5328 --- [demo] [main] org.hibernate.SQL                        : alter table if exists ordered_products add constraint FKi7isf670mbq331v0muqqry1cd foreign key (order_id) references orders
2026-08-08T09:56:28.927+02:00 DEBUG 5328 --- [demo] [main] org.hibernate.SQL                        : alter table if exists ordered_products add constraint FK4ximfyldt9wafxil44a95nbow foreign key (package_id) references packages
2026-08-08T09:56:28.928+02:00 DEBUG 5328 --- [demo] [main] org.hibernate.SQL                        : alter table if exists orders add constraint FKlwggw414a2ts5kuwn3w3xwey4 foreign key (gate_id) references gates
2026-08-08T09:56:28.931+02:00 DEBUG 5328 --- [demo] [main] org.hibernate.SQL                        : alter table if exists orders add constraint FK90a9kwkuq8tdssbn73patuj1o foreign key (shift_id) references shifts
2026-08-08T09:56:28.933+02:00 DEBUG 5328 --- [demo] [main] org.hibernate.SQL                        : alter table if exists orders add constraint FKsskkpl1vd8t45wcvx150udmvo foreign key (status_id) references statuses
2026-08-08T09:56:28.934+02:00 DEBUG 5328 --- [demo] [main] org.hibernate.SQL                        : alter table if exists orders add constraint FKp7dc0isy2d4u0q76rrmwyyye9 foreign key (store_id) references organizations
2026-08-08T09:56:28.937+02:00 DEBUG 5328 --- [demo] [main] org.hibernate.SQL                        : alter table if exists organizations add constraint FKapumdmay8yodgwtrshtoukpm1 foreign key (organization_type_id) references organization_types
2026-08-08T09:56:28.938+02:00 DEBUG 5328 --- [demo] [main] org.hibernate.SQL                        : alter table if exists packages add constraint FKpbap7arai7981kim42hnmllvy foreign key (product_id) references products
2026-08-08T09:56:28.941+02:00 DEBUG 5328 --- [demo] [main] org.hibernate.SQL                        : alter table if exists paper_cards add constraint FKd9updxxiind6n0qu03wobuvh6 foreign key (order_id) references orders
2026-08-08T09:56:28.942+02:00 DEBUG 5328 --- [demo] [main] org.hibernate.SQL                        : alter table if exists picked_products add constraint FKd7dkbt15tcqu5a44qp1f8fpvw foreign key (order_pallet_id) references order_pallets
2026-08-08T09:56:28.944+02:00 DEBUG 5328 --- [demo] [main] org.hibernate.SQL                        : alter table if exists picked_products add constraint FKl3toya91sky77ldb56ak25egp foreign key (product_package_id) references packages
2026-08-08T09:56:28.945+02:00 DEBUG 5328 --- [demo] [main] org.hibernate.SQL                        : alter table if exists product_pallets add constraint FKq0c540v7295mp0t33kl6sj0v3 foreign key (pallet_id) references pallets
2026-08-08T09:56:28.947+02:00 DEBUG 5328 --- [demo] [main] org.hibernate.SQL                        : alter table if exists product_pallets add constraint FKpnufn9ti4t3cus76xl9727jpl foreign key (product_package_id) references packages
2026-08-08T09:56:28.949+02:00 DEBUG 5328 --- [demo] [main] org.hibernate.SQL                        : alter table if exists product_pallets add constraint FKge9nts7ge6rddq124q7wm7geh foreign key (status_id) references statuses
2026-08-08T09:56:28.950+02:00 DEBUG 5328 --- [demo] [main] org.hibernate.SQL                        : alter table if exists product_pallets add constraint FK437c8obhesvrd78rdmv09bmym foreign key (work_station_id) references work_stations
2026-08-08T09:56:28.952+02:00 DEBUG 5328 --- [demo] [main] org.hibernate.SQL                        : alter table if exists products add constraint FK9f4oe4i29p9ah82tlxxfx9qmw foreign key (producer_id) references organizations
2026-08-08T09:56:28.953+02:00 DEBUG 5328 --- [demo] [main] org.hibernate.SQL                        : alter table if exists return_products add constraint FK4ncg3gnnd9f9wcadd80whdc89 foreign key (order_id) references orders
2026-08-08T09:56:28.955+02:00 DEBUG 5328 --- [demo] [main] org.hibernate.SQL                        : alter table if exists return_products add constraint FKv2qnmbp3kaqqe4wycem8mhti foreign key (product_id) references products
2026-08-08T09:56:28.957+02:00 DEBUG 5328 --- [demo] [main] org.hibernate.SQL                        : alter table if exists tracks add constraint FKh4jx673abomox36uqp69qe0a6 foreign key (gate_id) references gates
2026-08-08T09:56:28.958+02:00 DEBUG 5328 --- [demo] [main] org.hibernate.SQL                        : alter table if exists users add constraint FK6p2ib82uai0pj9yk1iassppgq foreign key (employee_id) references employees
2026-08-08T09:56:28.961+02:00 DEBUG 5328 --- [demo] [main] org.hibernate.SQL                        : alter table if exists work_stations add constraint FKsb494sowyhqf94e5oumi6b7a0 foreign key (workshop_id) references workshops
2026-08-08T09:56:28.965+02:00  INFO 5328 --- [demo] [main] j.LocalContainerEntityManagerFactoryBean : Initialized JPA EntityManagerFactory for persistence unit 'default'
2026-08-08T09:56:29.055+02:00  INFO 5328 --- [demo] [main] o.s.d.j.r.query.QueryEnhancerFactories   : Hibernate is in classpath; If applicable, HQL parser will be used.
2026-08-08T09:56:29.952+02:00  WARN 5328 --- [demo] [main] JpaBaseConfiguration$JpaWebConfiguration : spring.jpa.open-in-view is enabled by default. Therefore, database queries may be performed during view rendering. Explicitly configure spring.jpa.open-in-view to disable this warning
2026-08-08T09:56:30.067+02:00  INFO 5328 --- [demo] [main] r$InitializeUserDetailsManagerConfigurer : Global AuthenticationManager configured with UserDetailsService bean with name userDetailsServiceImpl
2026-08-08T09:56:30.882+02:00  INFO 5328 --- [demo] [main] o.s.b.a.e.web.EndpointLinksResolver      : Exposing 1 endpoint beneath base path '/actuator'
2026-08-08T09:56:30.987+02:00  INFO 5328 --- [demo] [main] o.s.boot.tomcat.TomcatWebServer          : Tomcat started on port 8080 (http) with context path '/'
2026-08-08T09:56:30.994+02:00  INFO 5328 --- [demo] [main] com.warehouse.demo.DemoApplication       : Started DemoApplication in 6.857 seconds (process running for 7.267)
2026-08-08T10:01:11.381+02:00  INFO 5328 --- [demo] [SpringApplicationShutdownHook] o.s.boot.tomcat.GracefulShutdown         : Commencing graceful shutdown. Waiting for active requests to complete
2026-08-08T10:01:11.390+02:00  INFO 5328 --- [demo] [tomcat-shutdown] o.s.boot.tomcat.GracefulShutdown         : Graceful shutdown complete
2026-08-08T10:01:11.400+02:00  INFO 5328 --- [demo] [SpringApplicationShutdownHook] j.LocalContainerEntityManagerFactoryBean : Closing JPA EntityManagerFactory for persistence unit 'default'
2026-08-08T10:01:11.403+02:00 DEBUG 5328 --- [demo] [SpringApplicationShutdownHook] org.hibernate.SQL                        : set client_min_messages = WARNING
2026-08-08T10:01:11.426+02:00 DEBUG 5328 --- [demo] [SpringApplicationShutdownHook] org.hibernate.SQL                        : alter table if exists action_logs drop constraint if exists FKabx32d38kv3htb0sytu0grnft
2026-08-08T10:01:11.461+02:00 DEBUG 5328 --- [demo] [SpringApplicationShutdownHook] org.hibernate.SQL                        : alter table if exists employees drop constraint if exists FKh62l7gpgesex8wjd6himtb3e1
2026-08-08T10:01:11.466+02:00 DEBUG 5328 --- [demo] [SpringApplicationShutdownHook] org.hibernate.SQL                        : alter table if exists employees drop constraint if exists FKngcpgx7fx5kednw3m7u0u8of3
2026-08-08T10:01:11.470+02:00 DEBUG 5328 --- [demo] [SpringApplicationShutdownHook] org.hibernate.SQL                        : alter table if exists employees drop constraint if exists FKerjbet32797doputgk79dc4ga
2026-08-08T10:01:11.473+02:00 DEBUG 5328 --- [demo] [SpringApplicationShutdownHook] org.hibernate.SQL                        : alter table if exists order_pallets drop constraint if exists FKpqdqlwod8tktiphtoc7oer7rt
2026-08-08T10:01:11.474+02:00 DEBUG 5328 --- [demo] [SpringApplicationShutdownHook] org.hibernate.SQL                        : alter table if exists order_pallets drop constraint if exists FKre8sl05h2cj0mpxc2r8t7fvvx
2026-08-08T10:01:11.477+02:00 DEBUG 5328 --- [demo] [SpringApplicationShutdownHook] org.hibernate.SQL                        : alter table if exists order_pallets drop constraint if exists FKamr5jy658vv73d04vembos2bw
2026-08-08T10:01:11.479+02:00 DEBUG 5328 --- [demo] [SpringApplicationShutdownHook] org.hibernate.SQL                        : alter table if exists ordered_products drop constraint if exists FKi7isf670mbq331v0muqqry1cd
2026-08-08T10:01:11.480+02:00 DEBUG 5328 --- [demo] [SpringApplicationShutdownHook] org.hibernate.SQL                        : alter table if exists ordered_products drop constraint if exists FK4ximfyldt9wafxil44a95nbow
2026-08-08T10:01:11.482+02:00 DEBUG 5328 --- [demo] [SpringApplicationShutdownHook] org.hibernate.SQL                        : alter table if exists orders drop constraint if exists FKlwggw414a2ts5kuwn3w3xwey4
2026-08-08T10:01:11.484+02:00 DEBUG 5328 --- [demo] [SpringApplicationShutdownHook] org.hibernate.SQL                        : alter table if exists orders drop constraint if exists FK90a9kwkuq8tdssbn73patuj1o
2026-08-08T10:01:11.486+02:00 DEBUG 5328 --- [demo] [SpringApplicationShutdownHook] org.hibernate.SQL                        : alter table if exists orders drop constraint if exists FKsskkpl1vd8t45wcvx150udmvo
2026-08-08T10:01:11.487+02:00 DEBUG 5328 --- [demo] [SpringApplicationShutdownHook] org.hibernate.SQL                        : alter table if exists orders drop constraint if exists FKp7dc0isy2d4u0q76rrmwyyye9
2026-08-08T10:01:11.488+02:00 DEBUG 5328 --- [demo] [SpringApplicationShutdownHook] org.hibernate.SQL                        : alter table if exists organizations drop constraint if exists FKapumdmay8yodgwtrshtoukpm1
2026-08-08T10:01:11.489+02:00 DEBUG 5328 --- [demo] [SpringApplicationShutdownHook] org.hibernate.SQL                        : alter table if exists packages drop constraint if exists FKpbap7arai7981kim42hnmllvy
2026-08-08T10:01:11.490+02:00 DEBUG 5328 --- [demo] [SpringApplicationShutdownHook] org.hibernate.SQL                        : alter table if exists paper_cards drop constraint if exists FKd9updxxiind6n0qu03wobuvh6
2026-08-08T10:01:11.491+02:00 DEBUG 5328 --- [demo] [SpringApplicationShutdownHook] org.hibernate.SQL                        : alter table if exists picked_products drop constraint if exists FKd7dkbt15tcqu5a44qp1f8fpvw
2026-08-08T10:01:11.492+02:00 DEBUG 5328 --- [demo] [SpringApplicationShutdownHook] org.hibernate.SQL                        : alter table if exists picked_products drop constraint if exists FKl3toya91sky77ldb56ak25egp
2026-08-08T10:01:11.493+02:00 DEBUG 5328 --- [demo] [SpringApplicationShutdownHook] org.hibernate.SQL                        : alter table if exists product_pallets drop constraint if exists FKq0c540v7295mp0t33kl6sj0v3
2026-08-08T10:01:11.494+02:00 DEBUG 5328 --- [demo] [SpringApplicationShutdownHook] org.hibernate.SQL                        : alter table if exists product_pallets drop constraint if exists FKpnufn9ti4t3cus76xl9727jpl
2026-08-08T10:01:11.498+02:00 DEBUG 5328 --- [demo] [SpringApplicationShutdownHook] org.hibernate.SQL                        : alter table if exists product_pallets drop constraint if exists FKge9nts7ge6rddq124q7wm7geh
2026-08-08T10:01:11.507+02:00 DEBUG 5328 --- [demo] [SpringApplicationShutdownHook] org.hibernate.SQL                        : alter table if exists product_pallets drop constraint if exists FK437c8obhesvrd78rdmv09bmym
2026-08-08T10:01:11.509+02:00 DEBUG 5328 --- [demo] [SpringApplicationShutdownHook] org.hibernate.SQL                        : alter table if exists products drop constraint if exists FK9f4oe4i29p9ah82tlxxfx9qmw
2026-08-08T10:01:11.510+02:00 DEBUG 5328 --- [demo] [SpringApplicationShutdownHook] org.hibernate.SQL                        : alter table if exists return_products drop constraint if exists FK4ncg3gnnd9f9wcadd80whdc89
2026-08-08T10:01:11.511+02:00 DEBUG 5328 --- [demo] [SpringApplicationShutdownHook] org.hibernate.SQL                        : alter table if exists return_products drop constraint if exists FKv2qnmbp3kaqqe4wycem8mhti
2026-08-08T10:01:11.512+02:00 DEBUG 5328 --- [demo] [SpringApplicationShutdownHook] org.hibernate.SQL                        : alter table if exists tracks drop constraint if exists FKh4jx673abomox36uqp69qe0a6
2026-08-08T10:01:11.512+02:00 DEBUG 5328 --- [demo] [SpringApplicationShutdownHook] org.hibernate.SQL                        : alter table if exists users drop constraint if exists FK6p2ib82uai0pj9yk1iassppgq
2026-08-08T10:01:11.515+02:00 DEBUG 5328 --- [demo] [SpringApplicationShutdownHook] org.hibernate.SQL                        : alter table if exists work_stations drop constraint if exists FKsb494sowyhqf94e5oumi6b7a0
2026-08-08T10:01:11.516+02:00 DEBUG 5328 --- [demo] [SpringApplicationShutdownHook] org.hibernate.SQL                        : drop table if exists action_logs cascade
2026-08-08T10:01:11.521+02:00 DEBUG 5328 --- [demo] [SpringApplicationShutdownHook] org.hibernate.SQL                        : drop table if exists employees cascade
2026-08-08T10:01:11.524+02:00 DEBUG 5328 --- [demo] [SpringApplicationShutdownHook] org.hibernate.SQL                        : drop table if exists gates cascade
2026-08-08T10:01:11.526+02:00 DEBUG 5328 --- [demo] [SpringApplicationShutdownHook] org.hibernate.SQL                        : drop table if exists order_pallets cascade
2026-08-08T10:01:11.528+02:00 DEBUG 5328 --- [demo] [SpringApplicationShutdownHook] org.hibernate.SQL                        : drop table if exists ordered_products cascade
2026-08-08T10:01:11.530+02:00 DEBUG 5328 --- [demo] [SpringApplicationShutdownHook] org.hibernate.SQL                        : drop table if exists orders cascade
2026-08-08T10:01:11.533+02:00 DEBUG 5328 --- [demo] [SpringApplicationShutdownHook] org.hibernate.SQL                        : drop table if exists organization_types cascade
2026-08-08T10:01:11.536+02:00 DEBUG 5328 --- [demo] [SpringApplicationShutdownHook] org.hibernate.SQL                        : drop table if exists organizations cascade
2026-08-08T10:01:11.539+02:00 DEBUG 5328 --- [demo] [SpringApplicationShutdownHook] org.hibernate.SQL                        : drop table if exists packages cascade
2026-08-08T10:01:11.542+02:00 DEBUG 5328 --- [demo] [SpringApplicationShutdownHook] org.hibernate.SQL                        : drop table if exists pallets cascade
2026-08-08T10:01:11.545+02:00 DEBUG 5328 --- [demo] [SpringApplicationShutdownHook] org.hibernate.SQL                        : drop table if exists paper_cards cascade
2026-08-08T10:01:11.546+02:00 DEBUG 5328 --- [demo] [SpringApplicationShutdownHook] org.hibernate.SQL                        : drop table if exists picked_products cascade
2026-08-08T10:01:11.548+02:00 DEBUG 5328 --- [demo] [SpringApplicationShutdownHook] org.hibernate.SQL                        : drop table if exists positions cascade
2026-08-08T10:01:11.552+02:00 DEBUG 5328 --- [demo] [SpringApplicationShutdownHook] org.hibernate.SQL                        : drop table if exists product_pallets cascade
2026-08-08T10:01:11.555+02:00 DEBUG 5328 --- [demo] [SpringApplicationShutdownHook] org.hibernate.SQL                        : drop table if exists products cascade
2026-08-08T10:01:11.558+02:00 DEBUG 5328 --- [demo] [SpringApplicationShutdownHook] org.hibernate.SQL                        : drop table if exists return_products cascade
2026-08-08T10:01:11.559+02:00 DEBUG 5328 --- [demo] [SpringApplicationShutdownHook] org.hibernate.SQL                        : drop table if exists shifts cascade
2026-08-08T10:01:11.561+02:00 DEBUG 5328 --- [demo] [SpringApplicationShutdownHook] org.hibernate.SQL                        : drop table if exists statuses cascade
2026-08-08T10:01:11.563+02:00 DEBUG 5328 --- [demo] [SpringApplicationShutdownHook] org.hibernate.SQL                        : drop table if exists tracks cascade
2026-08-08T10:01:11.566+02:00 DEBUG 5328 --- [demo] [SpringApplicationShutdownHook] org.hibernate.SQL                        : drop table if exists users cascade
2026-08-08T10:01:11.569+02:00 DEBUG 5328 --- [demo] [SpringApplicationShutdownHook] org.hibernate.SQL                        : drop table if exists work_stations cascade
2026-08-08T10:01:11.572+02:00 DEBUG 5328 --- [demo] [SpringApplicationShutdownHook] org.hibernate.SQL                        : drop table if exists workshops cascade
2026-08-08T10:01:11.573+02:00 DEBUG 5328 --- [demo] [SpringApplicationShutdownHook] org.hibernate.SQL                        : drop sequence if exists action_logs_seq
2026-08-08T10:01:11.575+02:00 DEBUG 5328 --- [demo] [SpringApplicationShutdownHook] org.hibernate.SQL                        : drop sequence if exists employee_seq
2026-08-08T10:01:11.576+02:00 DEBUG 5328 --- [demo] [SpringApplicationShutdownHook] org.hibernate.SQL                        : drop sequence if exists gate_seq
2026-08-08T10:01:11.578+02:00 DEBUG 5328 --- [demo] [SpringApplicationShutdownHook] org.hibernate.SQL                        : drop sequence if exists order_pallets_seq
2026-08-08T10:01:11.580+02:00 DEBUG 5328 --- [demo] [SpringApplicationShutdownHook] org.hibernate.SQL                        : drop sequence if exists order_seq
2026-08-08T10:01:11.581+02:00 DEBUG 5328 --- [demo] [SpringApplicationShutdownHook] org.hibernate.SQL                        : drop sequence if exists ordered_products_seq
2026-08-08T10:01:11.582+02:00 DEBUG 5328 --- [demo] [SpringApplicationShutdownHook] org.hibernate.SQL                        : drop sequence if exists organization_seq
2026-08-08T10:01:11.585+02:00 DEBUG 5328 --- [demo] [SpringApplicationShutdownHook] org.hibernate.SQL                        : drop sequence if exists organization_type_seq
2026-08-08T10:01:11.586+02:00 DEBUG 5328 --- [demo] [SpringApplicationShutdownHook] org.hibernate.SQL                        : drop sequence if exists package_seq
2026-08-08T10:01:11.587+02:00 DEBUG 5328 --- [demo] [SpringApplicationShutdownHook] org.hibernate.SQL                        : drop sequence if exists pallet_seq
2026-08-08T10:01:11.589+02:00 DEBUG 5328 --- [demo] [SpringApplicationShutdownHook] org.hibernate.SQL                        : drop sequence if exists paper_cards_seq
2026-08-08T10:01:11.591+02:00 DEBUG 5328 --- [demo] [SpringApplicationShutdownHook] org.hibernate.SQL                        : drop sequence if exists picked_products_seq
2026-08-08T10:01:11.592+02:00 DEBUG 5328 --- [demo] [SpringApplicationShutdownHook] org.hibernate.SQL                        : drop sequence if exists position_seq
2026-08-08T10:01:11.594+02:00 DEBUG 5328 --- [demo] [SpringApplicationShutdownHook] org.hibernate.SQL                        : drop sequence if exists product_pallet_seq
2026-08-08T10:01:11.595+02:00 DEBUG 5328 --- [demo] [SpringApplicationShutdownHook] org.hibernate.SQL                        : drop sequence if exists products_seq
2026-08-08T10:01:11.597+02:00 DEBUG 5328 --- [demo] [SpringApplicationShutdownHook] org.hibernate.SQL                        : drop sequence if exists return_products_seq
2026-08-08T10:01:11.600+02:00 DEBUG 5328 --- [demo] [SpringApplicationShutdownHook] org.hibernate.SQL                        : drop sequence if exists shift_seq
2026-08-08T10:01:11.602+02:00 DEBUG 5328 --- [demo] [SpringApplicationShutdownHook] org.hibernate.SQL                        : drop sequence if exists status_seq
2026-08-08T10:01:11.603+02:00 DEBUG 5328 --- [demo] [SpringApplicationShutdownHook] org.hibernate.SQL                        : drop sequence if exists track_seq
2026-08-08T10:01:11.606+02:00 DEBUG 5328 --- [demo] [SpringApplicationShutdownHook] org.hibernate.SQL                        : drop sequence if exists user_seq
2026-08-08T10:01:11.607+02:00 DEBUG 5328 --- [demo] [SpringApplicationShutdownHook] org.hibernate.SQL                        : drop sequence if exists work_station_seq
2026-08-08T10:01:11.608+02:00 DEBUG 5328 --- [demo] [SpringApplicationShutdownHook] org.hibernate.SQL                        : drop sequence if exists workshop_seq
2026-08-08T10:01:11.613+02:00  INFO 5328 --- [demo] [SpringApplicationShutdownHook] com.zaxxer.hikari.HikariDataSource       : HikariPool-1 - Shutdown initiated...
2026-08-08T10:01:11.617+02:00  INFO 5328 --- [demo] [SpringApplicationShutdownHook] com.zaxxer.hikari.HikariDataSource       : HikariPool-1 - Shutdown completed.
2026-08-08T10:02:10.500+02:00  INFO 11076 --- [demo] [main] com.warehouse.demo.DemoApplication       : Starting DemoApplication using Java 21.0.12 with PID 11076 (C:\Users\v1rus\Development\Java\Warehouse\demo\target\classes started by v1rus in C:\Users\v1rus\Development\Java\Warehouse\demo)
2026-08-08T10:02:10.505+02:00  INFO 11076 --- [demo] [main] com.warehouse.demo.DemoApplication       : No active profile set, falling back to 1 default profile: "default"
2026-08-08T10:02:11.441+02:00  INFO 11076 --- [demo] [main] .s.d.r.c.RepositoryConfigurationDelegate : Bootstrapping Spring Data JPA repositories in DEFAULT mode.
2026-08-08T10:02:11.588+02:00  INFO 11076 --- [demo] [main] .s.d.r.c.RepositoryConfigurationDelegate : Finished Spring Data repository scanning in 134 ms. Found 22 JPA repository interfaces.
2026-08-08T10:02:12.374+02:00  INFO 11076 --- [demo] [main] o.s.boot.tomcat.TomcatWebServer          : Tomcat initialized with port 8080 (http)
2026-08-08T10:02:12.394+02:00  INFO 11076 --- [demo] [main] o.apache.catalina.core.StandardService   : Starting service [Tomcat]
2026-08-08T10:02:12.395+02:00  INFO 11076 --- [demo] [main] o.apache.catalina.core.StandardEngine    : Starting Servlet engine: [Apache Tomcat/11.0.22]
2026-08-08T10:02:12.467+02:00  INFO 11076 --- [demo] [main] b.w.c.s.WebApplicationContextInitializer : Root WebApplicationContext: initialization completed in 1907 ms
2026-08-08T10:02:12.813+02:00  INFO 11076 --- [demo] [main] org.hibernate.orm.jpa                    : HHH008540: Processing PersistenceUnitInfo [name: default]
2026-08-08T10:02:12.880+02:00  INFO 11076 --- [demo] [main] org.hibernate.orm.core                   : HHH000001: Hibernate ORM core version 7.4.1.Final
2026-08-08T10:02:13.390+02:00  INFO 11076 --- [demo] [main] o.s.o.j.p.SpringPersistenceUnitInfo      : No LoadTimeWeaver setup: ignoring JPA class transformer
2026-08-08T10:02:13.431+02:00  INFO 11076 --- [demo] [main] com.zaxxer.hikari.HikariDataSource       : HikariPool-1 - Starting...
2026-08-08T10:02:13.638+02:00  INFO 11076 --- [demo] [main] com.zaxxer.hikari.pool.HikariPool        : HikariPool-1 - Added connection org.postgresql.jdbc.PgConnection@4247093b
2026-08-08T10:02:13.640+02:00  INFO 11076 --- [demo] [main] com.zaxxer.hikari.HikariDataSource       : HikariPool-1 - Start completed.
2026-08-08T10:02:13.729+02:00  INFO 11076 --- [demo] [main] org.hibernate.orm.connections.pooling    : HHH10001005: Database info:
	Database JDBC URL [jdbc:postgresql://localhost:5432/warehouse_db]
	Database driver: PostgreSQL JDBC Driver
	Database dialect: PostgreSQLDialect
	Database version: 18.4
	Default catalog/schema: warehouse_db/public
	Autocommit mode: undefined/unknown
	Isolation level: READ_COMMITTED [default READ_COMMITTED]
	JDBC fetch size: none
	Pool: DataSourceConnectionProvider
	Minimum pool size: undefined/unknown
	Maximum pool size: undefined/unknown
2026-08-08T10:02:14.978+02:00  INFO 11076 --- [demo] [main] org.hibernate.orm.core                   : HHH000489: No JTA platform available (set 'hibernate.transaction.jta.platform' to enable JTA platform integration)
2026-08-08T10:02:15.000+02:00 DEBUG 11076 --- [demo] [main] org.hibernate.SQL                        : set client_min_messages = WARNING
2026-08-08T10:02:15.006+02:00 DEBUG 11076 --- [demo] [main] org.hibernate.SQL                        : alter table if exists action_logs drop constraint if exists FKabx32d38kv3htb0sytu0grnft
2026-08-08T10:02:15.006+02:00 DEBUG 11076 --- [demo] [main] org.hibernate.SQL                        : alter table if exists employees drop constraint if exists FKh62l7gpgesex8wjd6himtb3e1
2026-08-08T10:02:15.006+02:00 DEBUG 11076 --- [demo] [main] org.hibernate.SQL                        : alter table if exists employees drop constraint if exists FKngcpgx7fx5kednw3m7u0u8of3
2026-08-08T10:02:15.006+02:00 DEBUG 11076 --- [demo] [main] org.hibernate.SQL                        : alter table if exists employees drop constraint if exists FKerjbet32797doputgk79dc4ga
2026-08-08T10:02:15.006+02:00 DEBUG 11076 --- [demo] [main] org.hibernate.SQL                        : alter table if exists order_pallets drop constraint if exists FKpqdqlwod8tktiphtoc7oer7rt
2026-08-08T10:02:15.006+02:00 DEBUG 11076 --- [demo] [main] org.hibernate.SQL                        : alter table if exists order_pallets drop constraint if exists FKre8sl05h2cj0mpxc2r8t7fvvx
2026-08-08T10:02:15.006+02:00 DEBUG 11076 --- [demo] [main] org.hibernate.SQL                        : alter table if exists order_pallets drop constraint if exists FKamr5jy658vv73d04vembos2bw
2026-08-08T10:02:15.006+02:00 DEBUG 11076 --- [demo] [main] org.hibernate.SQL                        : alter table if exists ordered_products drop constraint if exists FKi7isf670mbq331v0muqqry1cd
2026-08-08T10:02:15.006+02:00 DEBUG 11076 --- [demo] [main] org.hibernate.SQL                        : alter table if exists ordered_products drop constraint if exists FK4ximfyldt9wafxil44a95nbow
2026-08-08T10:02:15.010+02:00 DEBUG 11076 --- [demo] [main] org.hibernate.SQL                        : alter table if exists orders drop constraint if exists FKlwggw414a2ts5kuwn3w3xwey4
2026-08-08T10:02:15.010+02:00 DEBUG 11076 --- [demo] [main] org.hibernate.SQL                        : alter table if exists orders drop constraint if exists FK90a9kwkuq8tdssbn73patuj1o
2026-08-08T10:02:15.010+02:00 DEBUG 11076 --- [demo] [main] org.hibernate.SQL                        : alter table if exists orders drop constraint if exists FKsskkpl1vd8t45wcvx150udmvo
2026-08-08T10:02:15.010+02:00 DEBUG 11076 --- [demo] [main] org.hibernate.SQL                        : alter table if exists orders drop constraint if exists FKp7dc0isy2d4u0q76rrmwyyye9
2026-08-08T10:02:15.012+02:00 DEBUG 11076 --- [demo] [main] org.hibernate.SQL                        : alter table if exists organizations drop constraint if exists FKapumdmay8yodgwtrshtoukpm1
2026-08-08T10:02:15.012+02:00 DEBUG 11076 --- [demo] [main] org.hibernate.SQL                        : alter table if exists packages drop constraint if exists FKpbap7arai7981kim42hnmllvy
2026-08-08T10:02:15.014+02:00 DEBUG 11076 --- [demo] [main] org.hibernate.SQL                        : alter table if exists paper_cards drop constraint if exists FKd9updxxiind6n0qu03wobuvh6
2026-08-08T10:02:15.014+02:00 DEBUG 11076 --- [demo] [main] org.hibernate.SQL                        : alter table if exists picked_products drop constraint if exists FKd7dkbt15tcqu5a44qp1f8fpvw
2026-08-08T10:02:15.014+02:00 DEBUG 11076 --- [demo] [main] org.hibernate.SQL                        : alter table if exists picked_products drop constraint if exists FKl3toya91sky77ldb56ak25egp
2026-08-08T10:02:15.014+02:00 DEBUG 11076 --- [demo] [main] org.hibernate.SQL                        : alter table if exists product_pallets drop constraint if exists FKq0c540v7295mp0t33kl6sj0v3
2026-08-08T10:02:15.014+02:00 DEBUG 11076 --- [demo] [main] org.hibernate.SQL                        : alter table if exists product_pallets drop constraint if exists FKpnufn9ti4t3cus76xl9727jpl
2026-08-08T10:02:15.017+02:00 DEBUG 11076 --- [demo] [main] org.hibernate.SQL                        : alter table if exists product_pallets drop constraint if exists FKge9nts7ge6rddq124q7wm7geh
2026-08-08T10:02:15.017+02:00 DEBUG 11076 --- [demo] [main] org.hibernate.SQL                        : alter table if exists product_pallets drop constraint if exists FK437c8obhesvrd78rdmv09bmym
2026-08-08T10:02:15.017+02:00 DEBUG 11076 --- [demo] [main] org.hibernate.SQL                        : alter table if exists products drop constraint if exists FK9f4oe4i29p9ah82tlxxfx9qmw
2026-08-08T10:02:15.017+02:00 DEBUG 11076 --- [demo] [main] org.hibernate.SQL                        : alter table if exists return_products drop constraint if exists FK4ncg3gnnd9f9wcadd80whdc89
2026-08-08T10:02:15.017+02:00 DEBUG 11076 --- [demo] [main] org.hibernate.SQL                        : alter table if exists return_products drop constraint if exists FKv2qnmbp3kaqqe4wycem8mhti
2026-08-08T10:02:15.019+02:00 DEBUG 11076 --- [demo] [main] org.hibernate.SQL                        : alter table if exists tracks drop constraint if exists FKh4jx673abomox36uqp69qe0a6
2026-08-08T10:02:15.019+02:00 DEBUG 11076 --- [demo] [main] org.hibernate.SQL                        : alter table if exists users drop constraint if exists FK6p2ib82uai0pj9yk1iassppgq
2026-08-08T10:02:15.019+02:00 DEBUG 11076 --- [demo] [main] org.hibernate.SQL                        : alter table if exists work_stations drop constraint if exists FKsb494sowyhqf94e5oumi6b7a0
2026-08-08T10:02:15.019+02:00 DEBUG 11076 --- [demo] [main] org.hibernate.SQL                        : drop table if exists action_logs cascade
2026-08-08T10:02:15.019+02:00 DEBUG 11076 --- [demo] [main] org.hibernate.SQL                        : drop table if exists employees cascade
2026-08-08T10:02:15.022+02:00 DEBUG 11076 --- [demo] [main] org.hibernate.SQL                        : drop table if exists gates cascade
2026-08-08T10:02:15.022+02:00 DEBUG 11076 --- [demo] [main] org.hibernate.SQL                        : drop table if exists order_pallets cascade
2026-08-08T10:02:15.022+02:00 DEBUG 11076 --- [demo] [main] org.hibernate.SQL                        : drop table if exists ordered_products cascade
2026-08-08T10:02:15.022+02:00 DEBUG 11076 --- [demo] [main] org.hibernate.SQL                        : drop table if exists orders cascade
2026-08-08T10:02:15.022+02:00 DEBUG 11076 --- [demo] [main] org.hibernate.SQL                        : drop table if exists organization_types cascade
2026-08-08T10:02:15.022+02:00 DEBUG 11076 --- [demo] [main] org.hibernate.SQL                        : drop table if exists organizations cascade
2026-08-08T10:02:15.022+02:00 DEBUG 11076 --- [demo] [main] org.hibernate.SQL                        : drop table if exists packages cascade
2026-08-08T10:02:15.022+02:00 DEBUG 11076 --- [demo] [main] org.hibernate.SQL                        : drop table if exists pallets cascade
2026-08-08T10:02:15.022+02:00 DEBUG 11076 --- [demo] [main] org.hibernate.SQL                        : drop table if exists paper_cards cascade
2026-08-08T10:02:15.022+02:00 DEBUG 11076 --- [demo] [main] org.hibernate.SQL                        : drop table if exists picked_products cascade
2026-08-08T10:02:15.022+02:00 DEBUG 11076 --- [demo] [main] org.hibernate.SQL                        : drop table if exists positions cascade
2026-08-08T10:02:15.022+02:00 DEBUG 11076 --- [demo] [main] org.hibernate.SQL                        : drop table if exists product_pallets cascade
2026-08-08T10:02:15.022+02:00 DEBUG 11076 --- [demo] [main] org.hibernate.SQL                        : drop table if exists products cascade
2026-08-08T10:02:15.022+02:00 DEBUG 11076 --- [demo] [main] org.hibernate.SQL                        : drop table if exists return_products cascade
2026-08-08T10:02:15.027+02:00 DEBUG 11076 --- [demo] [main] org.hibernate.SQL                        : drop table if exists shifts cascade
2026-08-08T10:02:15.027+02:00 DEBUG 11076 --- [demo] [main] org.hibernate.SQL                        : drop table if exists statuses cascade
2026-08-08T10:02:15.027+02:00 DEBUG 11076 --- [demo] [main] org.hibernate.SQL                        : drop table if exists tracks cascade
2026-08-08T10:02:15.029+02:00 DEBUG 11076 --- [demo] [main] org.hibernate.SQL                        : drop table if exists users cascade
2026-08-08T10:02:15.030+02:00 DEBUG 11076 --- [demo] [main] org.hibernate.SQL                        : drop table if exists work_stations cascade
2026-08-08T10:02:15.030+02:00 DEBUG 11076 --- [demo] [main] org.hibernate.SQL                        : drop table if exists workshops cascade
2026-08-08T10:02:15.031+02:00 DEBUG 11076 --- [demo] [main] org.hibernate.SQL                        : drop sequence if exists action_logs_seq
2026-08-08T10:02:15.031+02:00 DEBUG 11076 --- [demo] [main] org.hibernate.SQL                        : drop sequence if exists employee_seq
2026-08-08T10:02:15.032+02:00 DEBUG 11076 --- [demo] [main] org.hibernate.SQL                        : drop sequence if exists gate_seq
2026-08-08T10:02:15.033+02:00 DEBUG 11076 --- [demo] [main] org.hibernate.SQL                        : drop sequence if exists order_pallets_seq
2026-08-08T10:02:15.033+02:00 DEBUG 11076 --- [demo] [main] org.hibernate.SQL                        : drop sequence if exists order_seq
2026-08-08T10:02:15.033+02:00 DEBUG 11076 --- [demo] [main] org.hibernate.SQL                        : drop sequence if exists ordered_products_seq
2026-08-08T10:02:15.033+02:00 DEBUG 11076 --- [demo] [main] org.hibernate.SQL                        : drop sequence if exists organization_seq
2026-08-08T10:02:15.033+02:00 DEBUG 11076 --- [demo] [main] org.hibernate.SQL                        : drop sequence if exists organization_type_seq
2026-08-08T10:02:15.035+02:00 DEBUG 11076 --- [demo] [main] org.hibernate.SQL                        : drop sequence if exists package_seq
2026-08-08T10:02:15.035+02:00 DEBUG 11076 --- [demo] [main] org.hibernate.SQL                        : drop sequence if exists pallet_seq
2026-08-08T10:02:15.037+02:00 DEBUG 11076 --- [demo] [main] org.hibernate.SQL                        : drop sequence if exists paper_cards_seq
2026-08-08T10:02:15.037+02:00 DEBUG 11076 --- [demo] [main] org.hibernate.SQL                        : drop sequence if exists picked_products_seq
2026-08-08T10:02:15.038+02:00 DEBUG 11076 --- [demo] [main] org.hibernate.SQL                        : drop sequence if exists position_seq
2026-08-08T10:02:15.038+02:00 DEBUG 11076 --- [demo] [main] org.hibernate.SQL                        : drop sequence if exists product_pallet_seq
2026-08-08T10:02:15.039+02:00 DEBUG 11076 --- [demo] [main] org.hibernate.SQL                        : drop sequence if exists products_seq
2026-08-08T10:02:15.039+02:00 DEBUG 11076 --- [demo] [main] org.hibernate.SQL                        : drop sequence if exists return_products_seq
2026-08-08T10:02:15.040+02:00 DEBUG 11076 --- [demo] [main] org.hibernate.SQL                        : drop sequence if exists shift_seq
2026-08-08T10:02:15.040+02:00 DEBUG 11076 --- [demo] [main] org.hibernate.SQL                        : drop sequence if exists status_seq
2026-08-08T10:02:15.041+02:00 DEBUG 11076 --- [demo] [main] org.hibernate.SQL                        : drop sequence if exists track_seq
2026-08-08T10:02:15.041+02:00 DEBUG 11076 --- [demo] [main] org.hibernate.SQL                        : drop sequence if exists user_seq
2026-08-08T10:02:15.041+02:00 DEBUG 11076 --- [demo] [main] org.hibernate.SQL                        : drop sequence if exists work_station_seq
2026-08-08T10:02:15.042+02:00 DEBUG 11076 --- [demo] [main] org.hibernate.SQL                        : drop sequence if exists workshop_seq
2026-08-08T10:02:15.048+02:00 DEBUG 11076 --- [demo] [main] org.hibernate.SQL                        : create sequence action_logs_seq start with 1 increment by 50
2026-08-08T10:02:15.063+02:00 DEBUG 11076 --- [demo] [main] org.hibernate.SQL                        : create sequence employee_seq start with 1 increment by 50
2026-08-08T10:02:15.067+02:00 DEBUG 11076 --- [demo] [main] org.hibernate.SQL                        : create sequence gate_seq start with 1 increment by 1
2026-08-08T10:02:15.067+02:00 DEBUG 11076 --- [demo] [main] org.hibernate.SQL                        : create sequence order_pallets_seq start with 1 increment by 50
2026-08-08T10:02:15.067+02:00 DEBUG 11076 --- [demo] [main] org.hibernate.SQL                        : create sequence order_seq start with 1 increment by 50
2026-08-08T10:02:15.067+02:00 DEBUG 11076 --- [demo] [main] org.hibernate.SQL                        : create sequence ordered_products_seq start with 1 increment by 50
2026-08-08T10:02:15.072+02:00 DEBUG 11076 --- [demo] [main] org.hibernate.SQL                        : create sequence organization_seq start with 1 increment by 50
2026-08-08T10:02:15.072+02:00 DEBUG 11076 --- [demo] [main] org.hibernate.SQL                        : create sequence organization_type_seq start with 1 increment by 1
2026-08-08T10:02:15.072+02:00 DEBUG 11076 --- [demo] [main] org.hibernate.SQL                        : create sequence package_seq start with 1 increment by 50
2026-08-08T10:02:15.072+02:00 DEBUG 11076 --- [demo] [main] org.hibernate.SQL                        : create sequence pallet_seq start with 1 increment by 1
2026-08-08T10:02:15.072+02:00 DEBUG 11076 --- [demo] [main] org.hibernate.SQL                        : create sequence paper_cards_seq start with 1 increment by 50
2026-08-08T10:02:15.080+02:00 DEBUG 11076 --- [demo] [main] org.hibernate.SQL                        : create sequence picked_products_seq start with 1 increment by 50
2026-08-08T10:02:15.081+02:00 DEBUG 11076 --- [demo] [main] org.hibernate.SQL                        : create sequence position_seq start with 1 increment by 1
2026-08-08T10:02:15.081+02:00 DEBUG 11076 --- [demo] [main] org.hibernate.SQL                        : create sequence product_pallet_seq start with 1 increment by 50
2026-08-08T10:02:15.081+02:00 DEBUG 11076 --- [demo] [main] org.hibernate.SQL                        : create sequence products_seq start with 1 increment by 50
2026-08-08T10:02:15.084+02:00 DEBUG 11076 --- [demo] [main] org.hibernate.SQL                        : create sequence return_products_seq start with 1 increment by 50
2026-08-08T10:02:15.086+02:00 DEBUG 11076 --- [demo] [main] org.hibernate.SQL                        : create sequence shift_seq start with 1 increment by 1
2026-08-08T10:02:15.088+02:00 DEBUG 11076 --- [demo] [main] org.hibernate.SQL                        : create sequence status_seq start with 1 increment by 1
2026-08-08T10:02:15.088+02:00 DEBUG 11076 --- [demo] [main] org.hibernate.SQL                        : create sequence track_seq start with 1 increment by 1
2026-08-08T10:02:15.088+02:00 DEBUG 11076 --- [demo] [main] org.hibernate.SQL                        : create sequence user_seq start with 1 increment by 1
2026-08-08T10:02:15.088+02:00 DEBUG 11076 --- [demo] [main] org.hibernate.SQL                        : create sequence work_station_seq start with 1 increment by 1
2026-08-08T10:02:15.093+02:00 DEBUG 11076 --- [demo] [main] org.hibernate.SQL                        : create sequence workshop_seq start with 1 increment by 1
2026-08-08T10:02:15.097+02:00 DEBUG 11076 --- [demo] [main] org.hibernate.SQL                        : create table action_logs (employee_id bigint, entity_id bigint not null, id bigint not null, proceeded_at timestamp(6), action varchar(255), entity_type varchar(255), primary key (id))
2026-08-08T10:02:15.100+02:00 DEBUG 11076 --- [demo] [main] org.hibernate.SQL                        : create table employees (birth_date date, id bigint not null, organization_id bigint, position_id bigint, shift_id bigint, document_id varchar(255), employee_number varchar(255) unique, first_name varchar(255), last_name varchar(255), phone_number varchar(255), residence_address varchar(255), primary key (id))
2026-08-08T10:02:15.105+02:00 DEBUG 11076 --- [demo] [main] org.hibernate.SQL                        : create table gates (id bigint not null, symbol varchar(255), primary key (id))
2026-08-08T10:02:15.112+02:00 DEBUG 11076 --- [demo] [main] org.hibernate.SQL                        : create table order_pallets (id bigint not null, order_id bigint, pallet_id bigint, status_id bigint, primary key (id))
2026-08-08T10:02:15.113+02:00 DEBUG 11076 --- [demo] [main] org.hibernate.SQL                        : create table ordered_products (ordered_volume numeric(38,2), id bigint not null, order_id bigint, package_id bigint, primary key (id))
2026-08-08T10:02:15.118+02:00 DEBUG 11076 --- [demo] [main] org.hibernate.SQL                        : create table orders (gate_id bigint, id bigint not null, shift_id bigint, status_id bigint, store_id bigint, note varchar(255), primary key (id))
2026-08-08T10:02:15.120+02:00 DEBUG 11076 --- [demo] [main] org.hibernate.SQL                        : create table organization_types (id bigint not null, name varchar(255) unique, primary key (id))
2026-08-08T10:02:15.120+02:00 DEBUG 11076 --- [demo] [main] org.hibernate.SQL                        : create table organizations (id bigint not null, organization_type_id bigint, address varchar(255), email varchar(255), name varchar(255), organization_number varchar(255) unique, phone varchar(255), url varchar(255), primary key (id))
2026-08-08T10:02:15.128+02:00 DEBUG 11076 --- [demo] [main] org.hibernate.SQL                        : create table packages (products_amount integer not null, volume numeric(38,2), weight numeric(38,2), id bigint not null, product_id bigint, primary key (id))
2026-08-08T10:02:15.131+02:00 DEBUG 11076 --- [demo] [main] org.hibernate.SQL                        : create table pallets (height numeric(38,2), length numeric(38,2), weight numeric(38,2), width numeric(38,2), id bigint not null, color varchar(255), name varchar(255), primary key (id))
2026-08-08T10:02:15.136+02:00 DEBUG 11076 --- [demo] [main] org.hibernate.SQL                        : create table paper_cards (id bigint not null, order_id bigint, code varchar(255), primary key (id))
2026-08-08T10:02:15.138+02:00 DEBUG 11076 --- [demo] [main] org.hibernate.SQL                        : create table picked_products (picked_volume numeric(38,2), id bigint not null, order_pallet_id bigint, product_package_id bigint, primary key (id))
2026-08-08T10:02:15.138+02:00 DEBUG 11076 --- [demo] [main] org.hibernate.SQL                        : create table positions (id bigint not null, code_name varchar(255) unique, name varchar(255) unique, primary key (id))
2026-08-08T10:02:15.146+02:00 DEBUG 11076 --- [demo] [main] org.hibernate.SQL                        : create table product_pallets (package_amount integer not null, id bigint not null, pallet_id bigint, product_package_id bigint, status_id bigint, work_station_id bigint, id_number varchar(255), primary key (id))
2026-08-08T10:02:15.149+02:00 DEBUG 11076 --- [demo] [main] org.hibernate.SQL                        : create table products (cost numeric(38,2), id bigint not null, producer_id bigint, barcode_number varchar(255), name varchar(255), primary key (id))
2026-08-08T10:02:15.153+02:00 DEBUG 11076 --- [demo] [main] org.hibernate.SQL                        : create table return_products (products_amount integer not null, id bigint not null, order_id bigint, product_id bigint, primary key (id))
2026-08-08T10:02:15.157+02:00 DEBUG 11076 --- [demo] [main] org.hibernate.SQL                        : create table shifts (id bigint not null, symbol varchar(255), primary key (id))
2026-08-08T10:02:15.162+02:00 DEBUG 11076 --- [demo] [main] org.hibernate.SQL                        : create table statuses (id bigint not null, name varchar(255), primary key (id))
2026-08-08T10:02:15.162+02:00 DEBUG 11076 --- [demo] [main] org.hibernate.SQL                        : create table tracks (length numeric(38,2), width numeric(38,2), gate_id bigint, id bigint not null, symbol varchar(255), primary key (id))
2026-08-08T10:02:15.167+02:00 DEBUG 11076 --- [demo] [main] org.hibernate.SQL                        : create table users (enabled boolean not null, employee_id bigint unique, id bigint not null, password varchar(255), primary key (id))
2026-08-08T10:02:15.170+02:00 DEBUG 11076 --- [demo] [main] org.hibernate.SQL                        : create table work_stations (id bigint not null, workshop_id bigint, control_number varchar(255), station_number varchar(255), type varchar(255), primary key (id))
2026-08-08T10:02:15.170+02:00 DEBUG 11076 --- [demo] [main] org.hibernate.SQL                        : create table workshops (standard numeric(38,2), id bigint not null, name varchar(255), primary key (id))
2026-08-08T10:02:15.178+02:00 DEBUG 11076 --- [demo] [main] org.hibernate.SQL                        : alter table if exists action_logs add constraint FKabx32d38kv3htb0sytu0grnft foreign key (employee_id) references employees
2026-08-08T10:02:15.179+02:00 DEBUG 11076 --- [demo] [main] org.hibernate.SQL                        : alter table if exists employees add constraint FKh62l7gpgesex8wjd6himtb3e1 foreign key (organization_id) references organizations
2026-08-08T10:02:15.179+02:00 DEBUG 11076 --- [demo] [main] org.hibernate.SQL                        : alter table if exists employees add constraint FKngcpgx7fx5kednw3m7u0u8of3 foreign key (position_id) references positions
2026-08-08T10:02:15.184+02:00 DEBUG 11076 --- [demo] [main] org.hibernate.SQL                        : alter table if exists employees add constraint FKerjbet32797doputgk79dc4ga foreign key (shift_id) references shifts
2026-08-08T10:02:15.186+02:00 DEBUG 11076 --- [demo] [main] org.hibernate.SQL                        : alter table if exists order_pallets add constraint FKpqdqlwod8tktiphtoc7oer7rt foreign key (order_id) references orders
2026-08-08T10:02:15.221+02:00 DEBUG 11076 --- [demo] [main] org.hibernate.SQL                        : alter table if exists order_pallets add constraint FKre8sl05h2cj0mpxc2r8t7fvvx foreign key (pallet_id) references pallets
2026-08-08T10:02:15.221+02:00 DEBUG 11076 --- [demo] [main] org.hibernate.SQL                        : alter table if exists order_pallets add constraint FKamr5jy658vv73d04vembos2bw foreign key (status_id) references statuses
2026-08-08T10:02:15.221+02:00 DEBUG 11076 --- [demo] [main] org.hibernate.SQL                        : alter table if exists ordered_products add constraint FKi7isf670mbq331v0muqqry1cd foreign key (order_id) references orders
2026-08-08T10:02:15.226+02:00 DEBUG 11076 --- [demo] [main] org.hibernate.SQL                        : alter table if exists ordered_products add constraint FK4ximfyldt9wafxil44a95nbow foreign key (package_id) references packages
2026-08-08T10:02:15.227+02:00 DEBUG 11076 --- [demo] [main] org.hibernate.SQL                        : alter table if exists orders add constraint FKlwggw414a2ts5kuwn3w3xwey4 foreign key (gate_id) references gates
2026-08-08T10:02:15.234+02:00 DEBUG 11076 --- [demo] [main] org.hibernate.SQL                        : alter table if exists orders add constraint FK90a9kwkuq8tdssbn73patuj1o foreign key (shift_id) references shifts
2026-08-08T10:02:15.235+02:00 DEBUG 11076 --- [demo] [main] org.hibernate.SQL                        : alter table if exists orders add constraint FKsskkpl1vd8t45wcvx150udmvo foreign key (status_id) references statuses
2026-08-08T10:02:15.237+02:00 DEBUG 11076 --- [demo] [main] org.hibernate.SQL                        : alter table if exists orders add constraint FKp7dc0isy2d4u0q76rrmwyyye9 foreign key (store_id) references organizations
2026-08-08T10:02:15.237+02:00 DEBUG 11076 --- [demo] [main] org.hibernate.SQL                        : alter table if exists organizations add constraint FKapumdmay8yodgwtrshtoukpm1 foreign key (organization_type_id) references organization_types
2026-08-08T10:02:15.237+02:00 DEBUG 11076 --- [demo] [main] org.hibernate.SQL                        : alter table if exists packages add constraint FKpbap7arai7981kim42hnmllvy foreign key (product_id) references products
2026-08-08T10:02:15.242+02:00 DEBUG 11076 --- [demo] [main] org.hibernate.SQL                        : alter table if exists paper_cards add constraint FKd9updxxiind6n0qu03wobuvh6 foreign key (order_id) references orders
2026-08-08T10:02:15.243+02:00 DEBUG 11076 --- [demo] [main] org.hibernate.SQL                        : alter table if exists picked_products add constraint FKd7dkbt15tcqu5a44qp1f8fpvw foreign key (order_pallet_id) references order_pallets
2026-08-08T10:02:15.246+02:00 DEBUG 11076 --- [demo] [main] org.hibernate.SQL                        : alter table if exists picked_products add constraint FKl3toya91sky77ldb56ak25egp foreign key (product_package_id) references packages
2026-08-08T10:02:15.248+02:00 DEBUG 11076 --- [demo] [main] org.hibernate.SQL                        : alter table if exists product_pallets add constraint FKq0c540v7295mp0t33kl6sj0v3 foreign key (pallet_id) references pallets
2026-08-08T10:02:15.249+02:00 DEBUG 11076 --- [demo] [main] org.hibernate.SQL                        : alter table if exists product_pallets add constraint FKpnufn9ti4t3cus76xl9727jpl foreign key (product_package_id) references packages
2026-08-08T10:02:15.249+02:00 DEBUG 11076 --- [demo] [main] org.hibernate.SQL                        : alter table if exists product_pallets add constraint FKge9nts7ge6rddq124q7wm7geh foreign key (status_id) references statuses
2026-08-08T10:02:15.251+02:00 DEBUG 11076 --- [demo] [main] org.hibernate.SQL                        : alter table if exists product_pallets add constraint FK437c8obhesvrd78rdmv09bmym foreign key (work_station_id) references work_stations
2026-08-08T10:02:15.252+02:00 DEBUG 11076 --- [demo] [main] org.hibernate.SQL                        : alter table if exists products add constraint FK9f4oe4i29p9ah82tlxxfx9qmw foreign key (producer_id) references organizations
2026-08-08T10:02:15.252+02:00 DEBUG 11076 --- [demo] [main] org.hibernate.SQL                        : alter table if exists return_products add constraint FK4ncg3gnnd9f9wcadd80whdc89 foreign key (order_id) references orders
2026-08-08T10:02:15.255+02:00 DEBUG 11076 --- [demo] [main] org.hibernate.SQL                        : alter table if exists return_products add constraint FKv2qnmbp3kaqqe4wycem8mhti foreign key (product_id) references products
2026-08-08T10:02:15.257+02:00 DEBUG 11076 --- [demo] [main] org.hibernate.SQL                        : alter table if exists tracks add constraint FKh4jx673abomox36uqp69qe0a6 foreign key (gate_id) references gates
2026-08-08T10:02:15.258+02:00 DEBUG 11076 --- [demo] [main] org.hibernate.SQL                        : alter table if exists users add constraint FK6p2ib82uai0pj9yk1iassppgq foreign key (employee_id) references employees
2026-08-08T10:02:15.259+02:00 DEBUG 11076 --- [demo] [main] org.hibernate.SQL                        : alter table if exists work_stations add constraint FKsb494sowyhqf94e5oumi6b7a0 foreign key (workshop_id) references workshops
2026-08-08T10:02:15.264+02:00  INFO 11076 --- [demo] [main] j.LocalContainerEntityManagerFactoryBean : Initialized JPA EntityManagerFactory for persistence unit 'default'
2026-08-08T10:02:15.358+02:00  INFO 11076 --- [demo] [main] o.s.d.j.r.query.QueryEnhancerFactories   : Hibernate is in classpath; If applicable, HQL parser will be used.
2026-08-08T10:02:16.168+02:00  WARN 11076 --- [demo] [main] JpaBaseConfiguration$JpaWebConfiguration : spring.jpa.open-in-view is enabled by default. Therefore, database queries may be performed during view rendering. Explicitly configure spring.jpa.open-in-view to disable this warning
2026-08-08T10:02:16.281+02:00  INFO 11076 --- [demo] [main] r$InitializeUserDetailsManagerConfigurer : Global AuthenticationManager configured with UserDetailsService bean with name userDetailsServiceImpl
2026-08-08T10:02:17.044+02:00  INFO 11076 --- [demo] [main] o.s.b.a.e.web.EndpointLinksResolver      : Exposing 1 endpoint beneath base path '/actuator'
2026-08-08T10:02:17.126+02:00  INFO 11076 --- [demo] [main] o.s.boot.tomcat.TomcatWebServer          : Tomcat started on port 8080 (http) with context path '/'
2026-08-08T10:02:17.134+02:00  INFO 11076 --- [demo] [main] com.warehouse.demo.DemoApplication       : Started DemoApplication in 7.244 seconds (process running for 7.745)
2026-08-08T10:02:36.017+02:00  INFO 11076 --- [demo] [http-nio-8080-exec-2] o.a.c.c.C.[Tomcat].[localhost].[/]       : Initializing Spring DispatcherServlet 'dispatcherServlet'
2026-08-08T10:02:36.018+02:00  INFO 11076 --- [demo] [http-nio-8080-exec-2] o.s.web.servlet.DispatcherServlet        : Initializing Servlet 'dispatcherServlet'
2026-08-08T10:02:36.021+02:00  INFO 11076 --- [demo] [http-nio-8080-exec-2] o.s.web.servlet.DispatcherServlet        : Completed initialization in 3 ms
2026-08-08T10:02:36.359+02:00 DEBUG 11076 --- [demo] [http-nio-8080-exec-2] org.hibernate.SQL                        : select u1_0.id,e1_0.id,e1_0.birth_date,e1_0.document_id,e1_0.employee_number,e1_0.first_name,e1_0.last_name,e1_0.organization_id,e1_0.phone_number,p1_0.id,p1_0.code_name,p1_0.name,e1_0.residence_address,e1_0.shift_id,u1_0.enabled,u1_0.password from users u1_0 left join employees e1_0 on e1_0.id=u1_0.employee_id left join positions p1_0 on p1_0.id=e1_0.position_id where e1_0.employee_number=?
2026-08-08T10:02:36.368+02:00 TRACE 11076 --- [demo] [http-nio-8080-exec-2] org.hibernate.orm.jdbc.bind              : binding parameter (1:VARCHAR) <- [02000001]
2026-08-08T10:02:36.781+02:00 DEBUG 11076 --- [demo] [http-nio-8080-exec-3] org.hibernate.SQL                        : select u1_0.id,e1_0.id,e1_0.birth_date,e1_0.document_id,e1_0.employee_number,e1_0.first_name,e1_0.last_name,e1_0.organization_id,e1_0.phone_number,p1_0.id,p1_0.code_name,p1_0.name,e1_0.residence_address,e1_0.shift_id,u1_0.enabled,u1_0.password from users u1_0 left join employees e1_0 on e1_0.id=u1_0.employee_id left join positions p1_0 on p1_0.id=e1_0.position_id where e1_0.employee_number=?
2026-08-08T10:02:36.781+02:00 TRACE 11076 --- [demo] [http-nio-8080-exec-3] org.hibernate.orm.jdbc.bind              : binding parameter (1:VARCHAR) <- [01000001]
2026-08-08T10:02:36.944+02:00 DEBUG 11076 --- [demo] [http-nio-8080-exec-3] org.hibernate.SQL                        : select p1_0.id,p1_0.code_name,p1_0.name from positions p1_0
2026-08-08T10:02:37.075+02:00 DEBUG 11076 --- [demo] [http-nio-8080-exec-4] org.hibernate.SQL                        : select u1_0.id,e1_0.id,e1_0.birth_date,e1_0.document_id,e1_0.employee_number,e1_0.first_name,e1_0.last_name,e1_0.organization_id,e1_0.phone_number,p1_0.id,p1_0.code_name,p1_0.name,e1_0.residence_address,e1_0.shift_id,u1_0.enabled,u1_0.password from users u1_0 left join employees e1_0 on e1_0.id=u1_0.employee_id left join positions p1_0 on p1_0.id=e1_0.position_id where e1_0.employee_number=?
2026-08-08T10:02:37.076+02:00 TRACE 11076 --- [demo] [http-nio-8080-exec-4] org.hibernate.orm.jdbc.bind              : binding parameter (1:VARCHAR) <- [04000001]
2026-08-08T10:02:37.203+02:00 DEBUG 11076 --- [demo] [http-nio-8080-exec-4] org.hibernate.SQL                        : select p1_0.id,p1_0.code_name,p1_0.name from positions p1_0
2026-08-08T10:02:37.274+02:00 DEBUG 11076 --- [demo] [http-nio-8080-exec-5] org.hibernate.SQL                        : select u1_0.id,e1_0.id,e1_0.birth_date,e1_0.document_id,e1_0.employee_number,e1_0.first_name,e1_0.last_name,e1_0.organization_id,e1_0.phone_number,p1_0.id,p1_0.code_name,p1_0.name,e1_0.residence_address,e1_0.shift_id,u1_0.enabled,u1_0.password from users u1_0 left join employees e1_0 on e1_0.id=u1_0.employee_id left join positions p1_0 on p1_0.id=e1_0.position_id where e1_0.employee_number=?
2026-08-08T10:02:37.275+02:00 TRACE 11076 --- [demo] [http-nio-8080-exec-5] org.hibernate.orm.jdbc.bind              : binding parameter (1:VARCHAR) <- [02000001]
2026-08-08T10:02:37.522+02:00 DEBUG 11076 --- [demo] [http-nio-8080-exec-6] org.hibernate.SQL                        : select u1_0.id,e1_0.id,e1_0.birth_date,e1_0.document_id,e1_0.employee_number,e1_0.first_name,e1_0.last_name,e1_0.organization_id,e1_0.phone_number,p1_0.id,p1_0.code_name,p1_0.name,e1_0.residence_address,e1_0.shift_id,u1_0.enabled,u1_0.password from users u1_0 left join employees e1_0 on e1_0.id=u1_0.employee_id left join positions p1_0 on p1_0.id=e1_0.position_id where e1_0.employee_number=?
2026-08-08T10:02:37.522+02:00 TRACE 11076 --- [demo] [http-nio-8080-exec-6] org.hibernate.orm.jdbc.bind              : binding parameter (1:VARCHAR) <- [01000001]
2026-08-08T10:02:37.647+02:00 DEBUG 11076 --- [demo] [http-nio-8080-exec-6] org.hibernate.SQL                        : select p1_0.id,p1_0.code_name,p1_0.name from positions p1_0 where p1_0.id=?
2026-08-08T10:02:37.647+02:00 TRACE 11076 --- [demo] [http-nio-8080-exec-6] org.hibernate.orm.jdbc.bind              : binding parameter (1:BIGINT) <- [1]
2026-08-08T10:02:37.742+02:00 DEBUG 11076 --- [demo] [http-nio-8080-exec-7] org.hibernate.SQL                        : select u1_0.id,e1_0.id,e1_0.birth_date,e1_0.document_id,e1_0.employee_number,e1_0.first_name,e1_0.last_name,e1_0.organization_id,e1_0.phone_number,p1_0.id,p1_0.code_name,p1_0.name,e1_0.residence_address,e1_0.shift_id,u1_0.enabled,u1_0.password from users u1_0 left join employees e1_0 on e1_0.id=u1_0.employee_id left join positions p1_0 on p1_0.id=e1_0.position_id where e1_0.employee_number=?
2026-08-08T10:02:37.743+02:00 TRACE 11076 --- [demo] [http-nio-8080-exec-7] org.hibernate.orm.jdbc.bind              : binding parameter (1:VARCHAR) <- [04000001]
2026-08-08T10:02:37.852+02:00 DEBUG 11076 --- [demo] [http-nio-8080-exec-7] org.hibernate.SQL                        : select p1_0.id,p1_0.code_name,p1_0.name from positions p1_0 where p1_0.id=?
2026-08-08T10:02:37.852+02:00 TRACE 11076 --- [demo] [http-nio-8080-exec-7] org.hibernate.orm.jdbc.bind              : binding parameter (1:BIGINT) <- [1]
2026-08-08T10:02:37.955+02:00 DEBUG 11076 --- [demo] [http-nio-8080-exec-8] org.hibernate.SQL                        : select u1_0.id,e1_0.id,e1_0.birth_date,e1_0.document_id,e1_0.employee_number,e1_0.first_name,e1_0.last_name,e1_0.organization_id,e1_0.phone_number,p1_0.id,p1_0.code_name,p1_0.name,e1_0.residence_address,e1_0.shift_id,u1_0.enabled,u1_0.password from users u1_0 left join employees e1_0 on e1_0.id=u1_0.employee_id left join positions p1_0 on p1_0.id=e1_0.position_id where e1_0.employee_number=?
2026-08-08T10:02:37.956+02:00 TRACE 11076 --- [demo] [http-nio-8080-exec-8] org.hibernate.orm.jdbc.bind              : binding parameter (1:VARCHAR) <- [04000001]
2026-08-08T10:02:38.075+02:00 DEBUG 11076 --- [demo] [http-nio-8080-exec-8] org.hibernate.SQL                        : select p1_0.id,p1_0.code_name,p1_0.name from positions p1_0 where p1_0.id=?
2026-08-08T10:02:38.076+02:00 TRACE 11076 --- [demo] [http-nio-8080-exec-8] org.hibernate.orm.jdbc.bind              : binding parameter (1:BIGINT) <- [999]
2026-08-08T10:02:38.158+02:00 DEBUG 11076 --- [demo] [http-nio-8080-exec-9] org.hibernate.SQL                        : select u1_0.id,e1_0.id,e1_0.birth_date,e1_0.document_id,e1_0.employee_number,e1_0.first_name,e1_0.last_name,e1_0.organization_id,e1_0.phone_number,p1_0.id,p1_0.code_name,p1_0.name,e1_0.residence_address,e1_0.shift_id,u1_0.enabled,u1_0.password from users u1_0 left join employees e1_0 on e1_0.id=u1_0.employee_id left join positions p1_0 on p1_0.id=e1_0.position_id where e1_0.employee_number=?
2026-08-08T10:02:38.160+02:00 TRACE 11076 --- [demo] [http-nio-8080-exec-9] org.hibernate.orm.jdbc.bind              : binding parameter (1:VARCHAR) <- [01000001]
2026-08-08T10:02:38.408+02:00 DEBUG 11076 --- [demo] [http-nio-8080-exec-10] org.hibernate.SQL                        : select u1_0.id,e1_0.id,e1_0.birth_date,e1_0.document_id,e1_0.employee_number,e1_0.first_name,e1_0.last_name,e1_0.organization_id,e1_0.phone_number,p1_0.id,p1_0.code_name,p1_0.name,e1_0.residence_address,e1_0.shift_id,u1_0.enabled,u1_0.password from users u1_0 left join employees e1_0 on e1_0.id=u1_0.employee_id left join positions p1_0 on p1_0.id=e1_0.position_id where e1_0.employee_number=?
2026-08-08T10:02:38.410+02:00 TRACE 11076 --- [demo] [http-nio-8080-exec-10] org.hibernate.orm.jdbc.bind              : binding parameter (1:VARCHAR) <- [03000001]
2026-08-08T10:02:38.602+02:00 DEBUG 11076 --- [demo] [http-nio-8080-exec-1] org.hibernate.SQL                        : select u1_0.id,e1_0.id,e1_0.birth_date,e1_0.document_id,e1_0.employee_number,e1_0.first_name,e1_0.last_name,e1_0.organization_id,e1_0.phone_number,p1_0.id,p1_0.code_name,p1_0.name,e1_0.residence_address,e1_0.shift_id,u1_0.enabled,u1_0.password from users u1_0 left join employees e1_0 on e1_0.id=u1_0.employee_id left join positions p1_0 on p1_0.id=e1_0.position_id where e1_0.employee_number=?
2026-08-08T10:02:38.603+02:00 TRACE 11076 --- [demo] [http-nio-8080-exec-1] org.hibernate.orm.jdbc.bind              : binding parameter (1:VARCHAR) <- [04000001]
2026-08-08T10:02:38.748+02:00 DEBUG 11076 --- [demo] [http-nio-8080-exec-1] org.hibernate.SQL                        : select p1_0.id from positions p1_0 where p1_0.name=? fetch first ? rows only
2026-08-08T10:02:38.749+02:00 TRACE 11076 --- [demo] [http-nio-8080-exec-1] org.hibernate.orm.jdbc.bind              : binding parameter (1:VARCHAR) <- [Coordinator]
2026-08-08T10:02:38.749+02:00 TRACE 11076 --- [demo] [http-nio-8080-exec-1] org.hibernate.orm.jdbc.bind              : binding parameter (2:INTEGER) <- [1]
2026-08-08T10:02:38.758+02:00 DEBUG 11076 --- [demo] [http-nio-8080-exec-1] org.hibernate.SQL                        : select nextval('position_seq')
2026-08-08T10:02:38.789+02:00 DEBUG 11076 --- [demo] [http-nio-8080-exec-1] org.hibernate.SQL                        : insert into positions (code_name,name,id) values (?,?,?)
2026-08-08T10:02:38.792+02:00 TRACE 11076 --- [demo] [http-nio-8080-exec-1] org.hibernate.orm.jdbc.bind              : binding parameter (1:VARCHAR) <- [COORDINATOR]
2026-08-08T10:02:38.792+02:00 TRACE 11076 --- [demo] [http-nio-8080-exec-1] org.hibernate.orm.jdbc.bind              : binding parameter (2:VARCHAR) <- [Coordinator]
2026-08-08T10:02:38.792+02:00 TRACE 11076 --- [demo] [http-nio-8080-exec-1] org.hibernate.orm.jdbc.bind              : binding parameter (3:BIGINT) <- [5]
2026-08-08T10:02:38.874+02:00 DEBUG 11076 --- [demo] [http-nio-8080-exec-2] org.hibernate.SQL                        : select u1_0.id,e1_0.id,e1_0.birth_date,e1_0.document_id,e1_0.employee_number,e1_0.first_name,e1_0.last_name,e1_0.organization_id,e1_0.phone_number,p1_0.id,p1_0.code_name,p1_0.name,e1_0.residence_address,e1_0.shift_id,u1_0.enabled,u1_0.password from users u1_0 left join employees e1_0 on e1_0.id=u1_0.employee_id left join positions p1_0 on p1_0.id=e1_0.position_id where e1_0.employee_number=?
2026-08-08T10:02:38.874+02:00 TRACE 11076 --- [demo] [http-nio-8080-exec-2] org.hibernate.orm.jdbc.bind              : binding parameter (1:VARCHAR) <- [04000001]
2026-08-08T10:02:38.985+02:00 DEBUG 11076 --- [demo] [http-nio-8080-exec-2] org.hibernate.SQL                        : select p1_0.id from positions p1_0 where p1_0.name=? fetch first ? rows only
2026-08-08T10:02:38.985+02:00 TRACE 11076 --- [demo] [http-nio-8080-exec-2] org.hibernate.orm.jdbc.bind              : binding parameter (1:VARCHAR) <- [System Administrator]
2026-08-08T10:02:38.986+02:00 TRACE 11076 --- [demo] [http-nio-8080-exec-2] org.hibernate.orm.jdbc.bind              : binding parameter (2:INTEGER) <- [1]
2026-08-08T10:02:39.063+02:00 DEBUG 11076 --- [demo] [http-nio-8080-exec-3] org.hibernate.SQL                        : select u1_0.id,e1_0.id,e1_0.birth_date,e1_0.document_id,e1_0.employee_number,e1_0.first_name,e1_0.last_name,e1_0.organization_id,e1_0.phone_number,p1_0.id,p1_0.code_name,p1_0.name,e1_0.residence_address,e1_0.shift_id,u1_0.enabled,u1_0.password from users u1_0 left join employees e1_0 on e1_0.id=u1_0.employee_id left join positions p1_0 on p1_0.id=e1_0.position_id where e1_0.employee_number=?
2026-08-08T10:02:39.063+02:00 TRACE 11076 --- [demo] [http-nio-8080-exec-3] org.hibernate.orm.jdbc.bind              : binding parameter (1:VARCHAR) <- [01000001]
2026-08-08T10:02:39.264+02:00 DEBUG 11076 --- [demo] [http-nio-8080-exec-4] org.hibernate.SQL                        : select u1_0.id,e1_0.id,e1_0.birth_date,e1_0.document_id,e1_0.employee_number,e1_0.first_name,e1_0.last_name,e1_0.organization_id,e1_0.phone_number,p1_0.id,p1_0.code_name,p1_0.name,e1_0.residence_address,e1_0.shift_id,u1_0.enabled,u1_0.password from users u1_0 left join employees e1_0 on e1_0.id=u1_0.employee_id left join positions p1_0 on p1_0.id=e1_0.position_id where e1_0.employee_number=?
2026-08-08T10:02:39.264+02:00 TRACE 11076 --- [demo] [http-nio-8080-exec-4] org.hibernate.orm.jdbc.bind              : binding parameter (1:VARCHAR) <- [03000001]
2026-08-08T10:02:39.387+02:00 DEBUG 11076 --- [demo] [http-nio-8080-exec-4] org.hibernate.SQL                        : select p1_0.id,p1_0.code_name,p1_0.name from positions p1_0 where p1_0.id=?
2026-08-08T10:02:39.387+02:00 TRACE 11076 --- [demo] [http-nio-8080-exec-4] org.hibernate.orm.jdbc.bind              : binding parameter (1:BIGINT) <- [4]
2026-08-08T10:02:39.399+02:00 DEBUG 11076 --- [demo] [http-nio-8080-exec-4] org.hibernate.SQL                        : update positions set code_name=?,name=? where id=?
2026-08-08T10:02:39.399+02:00 TRACE 11076 --- [demo] [http-nio-8080-exec-4] org.hibernate.orm.jdbc.bind              : binding parameter (1:VARCHAR) <- [SYSTEM_ADMINISTRATOR]
2026-08-08T10:02:39.399+02:00 TRACE 11076 --- [demo] [http-nio-8080-exec-4] org.hibernate.orm.jdbc.bind              : binding parameter (2:VARCHAR) <- [Coordinator3]
2026-08-08T10:02:39.400+02:00 TRACE 11076 --- [demo] [http-nio-8080-exec-4] org.hibernate.orm.jdbc.bind              : binding parameter (3:BIGINT) <- [4]
2026-08-08T10:02:39.480+02:00 DEBUG 11076 --- [demo] [http-nio-8080-exec-5] org.hibernate.SQL                        : select u1_0.id,e1_0.id,e1_0.birth_date,e1_0.document_id,e1_0.employee_number,e1_0.first_name,e1_0.last_name,e1_0.organization_id,e1_0.phone_number,p1_0.id,p1_0.code_name,p1_0.name,e1_0.residence_address,e1_0.shift_id,u1_0.enabled,u1_0.password from users u1_0 left join employees e1_0 on e1_0.id=u1_0.employee_id left join positions p1_0 on p1_0.id=e1_0.position_id where e1_0.employee_number=?
2026-08-08T10:02:39.481+02:00 TRACE 11076 --- [demo] [http-nio-8080-exec-5] org.hibernate.orm.jdbc.bind              : binding parameter (1:VARCHAR) <- [04000001]
2026-08-08T10:02:39.594+02:00 DEBUG 11076 --- [demo] [http-nio-8080-exec-5] org.hibernate.SQL                        : select p1_0.id,p1_0.code_name,p1_0.name from positions p1_0 where p1_0.id=?
2026-08-08T10:02:39.595+02:00 TRACE 11076 --- [demo] [http-nio-8080-exec-5] org.hibernate.orm.jdbc.bind              : binding parameter (1:BIGINT) <- [4]
2026-08-08T10:02:39.605+02:00 DEBUG 11076 --- [demo] [http-nio-8080-exec-5] org.hibernate.SQL                        : update positions set code_name=?,name=? where id=?
2026-08-08T10:02:39.605+02:00 TRACE 11076 --- [demo] [http-nio-8080-exec-5] org.hibernate.orm.jdbc.bind              : binding parameter (1:VARCHAR) <- [SYSTEM_ADMINISTRATOR]
2026-08-08T10:02:39.605+02:00 TRACE 11076 --- [demo] [http-nio-8080-exec-5] org.hibernate.orm.jdbc.bind              : binding parameter (2:VARCHAR) <- [Coordinator4]
2026-08-08T10:02:39.606+02:00 TRACE 11076 --- [demo] [http-nio-8080-exec-5] org.hibernate.orm.jdbc.bind              : binding parameter (3:BIGINT) <- [4]
2026-08-08T10:02:39.699+02:00 DEBUG 11076 --- [demo] [http-nio-8080-exec-6] org.hibernate.SQL                        : select u1_0.id,e1_0.id,e1_0.birth_date,e1_0.document_id,e1_0.employee_number,e1_0.first_name,e1_0.last_name,e1_0.organization_id,e1_0.phone_number,p1_0.id,p1_0.code_name,p1_0.name,e1_0.residence_address,e1_0.shift_id,u1_0.enabled,u1_0.password from users u1_0 left join employees e1_0 on e1_0.id=u1_0.employee_id left join positions p1_0 on p1_0.id=e1_0.position_id where e1_0.employee_number=?
2026-08-08T10:02:39.700+02:00 TRACE 11076 --- [demo] [http-nio-8080-exec-6] org.hibernate.orm.jdbc.bind              : binding parameter (1:VARCHAR) <- [04000001]
2026-08-08T10:02:39.808+02:00 DEBUG 11076 --- [demo] [http-nio-8080-exec-6] org.hibernate.SQL                        : select p1_0.id,p1_0.code_name,p1_0.name from positions p1_0 where p1_0.id=?
2026-08-08T10:02:39.809+02:00 TRACE 11076 --- [demo] [http-nio-8080-exec-6] org.hibernate.orm.jdbc.bind              : binding parameter (1:BIGINT) <- [999]
2026-08-08T10:02:39.885+02:00 DEBUG 11076 --- [demo] [http-nio-8080-exec-7] org.hibernate.SQL                        : select u1_0.id,e1_0.id,e1_0.birth_date,e1_0.document_id,e1_0.employee_number,e1_0.first_name,e1_0.last_name,e1_0.organization_id,e1_0.phone_number,p1_0.id,p1_0.code_name,p1_0.name,e1_0.residence_address,e1_0.shift_id,u1_0.enabled,u1_0.password from users u1_0 left join employees e1_0 on e1_0.id=u1_0.employee_id left join positions p1_0 on p1_0.id=e1_0.position_id where e1_0.employee_number=?
2026-08-08T10:02:39.885+02:00 TRACE 11076 --- [demo] [http-nio-8080-exec-7] org.hibernate.orm.jdbc.bind              : binding parameter (1:VARCHAR) <- [01000001]
2026-08-08T10:02:40.090+02:00 DEBUG 11076 --- [demo] [http-nio-8080-exec-8] org.hibernate.SQL                        : select u1_0.id,e1_0.id,e1_0.birth_date,e1_0.document_id,e1_0.employee_number,e1_0.first_name,e1_0.last_name,e1_0.organization_id,e1_0.phone_number,p1_0.id,p1_0.code_name,p1_0.name,e1_0.residence_address,e1_0.shift_id,u1_0.enabled,u1_0.password from users u1_0 left join employees e1_0 on e1_0.id=u1_0.employee_id left join positions p1_0 on p1_0.id=e1_0.position_id where e1_0.employee_number=?
2026-08-08T10:02:40.090+02:00 TRACE 11076 --- [demo] [http-nio-8080-exec-8] org.hibernate.orm.jdbc.bind              : binding parameter (1:VARCHAR) <- [04000001]
2026-08-08T10:02:40.215+02:00 DEBUG 11076 --- [demo] [http-nio-8080-exec-8] org.hibernate.SQL                        : select count(*) from positions p1_0 where p1_0.id=?
2026-08-08T10:02:40.216+02:00 TRACE 11076 --- [demo] [http-nio-8080-exec-8] org.hibernate.orm.jdbc.bind              : binding parameter (1:BIGINT) <- [1]
2026-08-08T10:02:40.224+02:00 DEBUG 11076 --- [demo] [http-nio-8080-exec-8] org.hibernate.SQL                        : select e1_0.id from employees e1_0 where e1_0.position_id=? fetch first ? rows only
2026-08-08T10:02:40.224+02:00 TRACE 11076 --- [demo] [http-nio-8080-exec-8] org.hibernate.orm.jdbc.bind              : binding parameter (1:BIGINT) <- [1]
2026-08-08T10:02:40.224+02:00 TRACE 11076 --- [demo] [http-nio-8080-exec-8] org.hibernate.orm.jdbc.bind              : binding parameter (2:INTEGER) <- [1]
2026-08-08T10:02:40.305+02:00 DEBUG 11076 --- [demo] [http-nio-8080-exec-9] org.hibernate.SQL                        : select u1_0.id,e1_0.id,e1_0.birth_date,e1_0.document_id,e1_0.employee_number,e1_0.first_name,e1_0.last_name,e1_0.organization_id,e1_0.phone_number,p1_0.id,p1_0.code_name,p1_0.name,e1_0.residence_address,e1_0.shift_id,u1_0.enabled,u1_0.password from users u1_0 left join employees e1_0 on e1_0.id=u1_0.employee_id left join positions p1_0 on p1_0.id=e1_0.position_id where e1_0.employee_number=?
2026-08-08T10:02:40.306+02:00 TRACE 11076 --- [demo] [http-nio-8080-exec-9] org.hibernate.orm.jdbc.bind              : binding parameter (1:VARCHAR) <- [04000001]
2026-08-08T10:02:40.422+02:00 DEBUG 11076 --- [demo] [http-nio-8080-exec-9] org.hibernate.SQL                        : select count(*) from positions p1_0 where p1_0.id=?
2026-08-08T10:02:40.422+02:00 TRACE 11076 --- [demo] [http-nio-8080-exec-9] org.hibernate.orm.jdbc.bind              : binding parameter (1:BIGINT) <- [5]
2026-08-08T10:02:40.424+02:00 DEBUG 11076 --- [demo] [http-nio-8080-exec-9] org.hibernate.SQL                        : select e1_0.id from employees e1_0 where e1_0.position_id=? fetch first ? rows only
2026-08-08T10:02:40.424+02:00 TRACE 11076 --- [demo] [http-nio-8080-exec-9] org.hibernate.orm.jdbc.bind              : binding parameter (1:BIGINT) <- [5]
2026-08-08T10:02:40.424+02:00 TRACE 11076 --- [demo] [http-nio-8080-exec-9] org.hibernate.orm.jdbc.bind              : binding parameter (2:INTEGER) <- [1]
2026-08-08T10:02:40.426+02:00 DEBUG 11076 --- [demo] [http-nio-8080-exec-9] org.hibernate.SQL                        : select p1_0.id,p1_0.code_name,p1_0.name from positions p1_0 where p1_0.id=?
2026-08-08T10:02:40.427+02:00 TRACE 11076 --- [demo] [http-nio-8080-exec-9] org.hibernate.orm.jdbc.bind              : binding parameter (1:BIGINT) <- [5]
2026-08-08T10:02:40.438+02:00 DEBUG 11076 --- [demo] [http-nio-8080-exec-9] org.hibernate.SQL                        : delete from positions where id=?
2026-08-08T10:02:40.448+02:00 TRACE 11076 --- [demo] [http-nio-8080-exec-9] org.hibernate.orm.jdbc.bind              : binding parameter (1:BIGINT) <- [5]
2026-08-08T10:02:40.567+02:00 DEBUG 11076 --- [demo] [http-nio-8080-exec-10] org.hibernate.SQL                        : select u1_0.id,e1_0.id,e1_0.birth_date,e1_0.document_id,e1_0.employee_number,e1_0.first_name,e1_0.last_name,e1_0.organization_id,e1_0.phone_number,p1_0.id,p1_0.code_name,p1_0.name,e1_0.residence_address,e1_0.shift_id,u1_0.enabled,u1_0.password from users u1_0 left join employees e1_0 on e1_0.id=u1_0.employee_id left join positions p1_0 on p1_0.id=e1_0.position_id where e1_0.employee_number=?
2026-08-08T10:02:40.567+02:00 TRACE 11076 --- [demo] [http-nio-8080-exec-10] org.hibernate.orm.jdbc.bind              : binding parameter (1:VARCHAR) <- [04000001]
2026-08-08T10:02:40.676+02:00 DEBUG 11076 --- [demo] [http-nio-8080-exec-10] org.hibernate.SQL                        : select count(*) from positions p1_0 where p1_0.id=?
2026-08-08T10:02:40.676+02:00 TRACE 11076 --- [demo] [http-nio-8080-exec-10] org.hibernate.orm.jdbc.bind              : binding parameter (1:BIGINT) <- [999]
2026-08-08T10:07:05.884+02:00 DEBUG 11076 --- [demo] [http-nio-8080-exec-3] org.hibernate.SQL                        : select u1_0.id,e1_0.id,e1_0.birth_date,e1_0.document_id,e1_0.employee_number,e1_0.first_name,e1_0.last_name,e1_0.organization_id,e1_0.phone_number,p1_0.id,p1_0.code_name,p1_0.name,e1_0.residence_address,e1_0.shift_id,u1_0.enabled,u1_0.password from users u1_0 left join employees e1_0 on e1_0.id=u1_0.employee_id left join positions p1_0 on p1_0.id=e1_0.position_id where e1_0.employee_number=?
2026-08-08T10:07:05.884+02:00 TRACE 11076 --- [demo] [http-nio-8080-exec-3] org.hibernate.orm.jdbc.bind              : binding parameter (1:VARCHAR) <- [01000001]
2026-08-08T10:07:32.306+02:00 DEBUG 11076 --- [demo] [http-nio-8080-exec-4] org.hibernate.SQL                        : select u1_0.id,e1_0.id,e1_0.birth_date,e1_0.document_id,e1_0.employee_number,e1_0.first_name,e1_0.last_name,e1_0.organization_id,e1_0.phone_number,p1_0.id,p1_0.code_name,p1_0.name,e1_0.residence_address,e1_0.shift_id,u1_0.enabled,u1_0.password from users u1_0 left join employees e1_0 on e1_0.id=u1_0.employee_id left join positions p1_0 on p1_0.id=e1_0.position_id where e1_0.employee_number=?
2026-08-08T10:07:32.307+02:00 TRACE 11076 --- [demo] [http-nio-8080-exec-4] org.hibernate.orm.jdbc.bind              : binding parameter (1:VARCHAR) <- [01000001]
2026-08-08T10:07:59.233+02:00 DEBUG 11076 --- [demo] [http-nio-8080-exec-5] org.hibernate.SQL                        : select u1_0.id,e1_0.id,e1_0.birth_date,e1_0.document_id,e1_0.employee_number,e1_0.first_name,e1_0.last_name,e1_0.organization_id,e1_0.phone_number,p1_0.id,p1_0.code_name,p1_0.name,e1_0.residence_address,e1_0.shift_id,u1_0.enabled,u1_0.password from users u1_0 left join employees e1_0 on e1_0.id=u1_0.employee_id left join positions p1_0 on p1_0.id=e1_0.position_id where e1_0.employee_number=?
2026-08-08T10:07:59.233+02:00 TRACE 11076 --- [demo] [http-nio-8080-exec-5] org.hibernate.orm.jdbc.bind              : binding parameter (1:VARCHAR) <- [02000001]
2026-08-08T10:08:03.276+02:00 DEBUG 11076 --- [demo] [http-nio-8080-exec-6] org.hibernate.SQL                        : select u1_0.id,e1_0.id,e1_0.birth_date,e1_0.document_id,e1_0.employee_number,e1_0.first_name,e1_0.last_name,e1_0.organization_id,e1_0.phone_number,p1_0.id,p1_0.code_name,p1_0.name,e1_0.residence_address,e1_0.shift_id,u1_0.enabled,u1_0.password from users u1_0 left join employees e1_0 on e1_0.id=u1_0.employee_id left join positions p1_0 on p1_0.id=e1_0.position_id where e1_0.employee_number=?
2026-08-08T10:08:03.276+02:00 TRACE 11076 --- [demo] [http-nio-8080-exec-6] org.hibernate.orm.jdbc.bind              : binding parameter (1:VARCHAR) <- [03000001]
2026-08-08T10:09:59.447+02:00 DEBUG 11076 --- [demo] [http-nio-8080-exec-9] org.hibernate.SQL                        : select u1_0.id,e1_0.id,e1_0.birth_date,e1_0.document_id,e1_0.employee_number,e1_0.first_name,e1_0.last_name,e1_0.organization_id,e1_0.phone_number,p1_0.id,p1_0.code_name,p1_0.name,e1_0.residence_address,e1_0.shift_id,u1_0.enabled,u1_0.password from users u1_0 left join employees e1_0 on e1_0.id=u1_0.employee_id left join positions p1_0 on p1_0.id=e1_0.position_id where e1_0.employee_number=?
2026-08-08T10:09:59.447+02:00 TRACE 11076 --- [demo] [http-nio-8080-exec-9] org.hibernate.orm.jdbc.bind              : binding parameter (1:VARCHAR) <- [01000001]
2026-08-08T10:10:19.038+02:00 DEBUG 11076 --- [demo] [http-nio-8080-exec-10] org.hibernate.SQL                        : select u1_0.id,e1_0.id,e1_0.birth_date,e1_0.document_id,e1_0.employee_number,e1_0.first_name,e1_0.last_name,e1_0.organization_id,e1_0.phone_number,p1_0.id,p1_0.code_name,p1_0.name,e1_0.residence_address,e1_0.shift_id,u1_0.enabled,u1_0.password from users u1_0 left join employees e1_0 on e1_0.id=u1_0.employee_id left join positions p1_0 on p1_0.id=e1_0.position_id where e1_0.employee_number=?
2026-08-08T10:10:19.038+02:00 TRACE 11076 --- [demo] [http-nio-8080-exec-10] org.hibernate.orm.jdbc.bind              : binding parameter (1:VARCHAR) <- [01000001]
2026-08-08T10:15:16.332+02:00 DEBUG 11076 --- [demo] [http-nio-8080-exec-3] org.hibernate.SQL                        : select u1_0.id,e1_0.id,e1_0.birth_date,e1_0.document_id,e1_0.employee_number,e1_0.first_name,e1_0.last_name,e1_0.organization_id,e1_0.phone_number,p1_0.id,p1_0.code_name,p1_0.name,e1_0.residence_address,e1_0.shift_id,u1_0.enabled,u1_0.password from users u1_0 left join employees e1_0 on e1_0.id=u1_0.employee_id left join positions p1_0 on p1_0.id=e1_0.position_id where e1_0.employee_number=?
2026-08-08T10:15:16.332+02:00 TRACE 11076 --- [demo] [http-nio-8080-exec-3] org.hibernate.orm.jdbc.bind              : binding parameter (1:VARCHAR) <- [01000001]
2026-08-08T10:16:19.311+02:00 DEBUG 11076 --- [demo] [http-nio-8080-exec-6] org.hibernate.SQL                        : select u1_0.id,e1_0.id,e1_0.birth_date,e1_0.document_id,e1_0.employee_number,e1_0.first_name,e1_0.last_name,e1_0.organization_id,e1_0.phone_number,p1_0.id,p1_0.code_name,p1_0.name,e1_0.residence_address,e1_0.shift_id,u1_0.enabled,u1_0.password from users u1_0 left join employees e1_0 on e1_0.id=u1_0.employee_id left join positions p1_0 on p1_0.id=e1_0.position_id where e1_0.employee_number=?
2026-08-08T10:16:19.312+02:00 TRACE 11076 --- [demo] [http-nio-8080-exec-6] org.hibernate.orm.jdbc.bind              : binding parameter (1:VARCHAR) <- [03000001]
2026-08-08T10:16:19.434+02:00 DEBUG 11076 --- [demo] [http-nio-8080-exec-6] org.hibernate.SQL                        : select ot1_0.id,ot1_0.name from organization_types ot1_0
2026-08-08T10:16:45.414+02:00 DEBUG 11076 --- [demo] [http-nio-8080-exec-7] org.hibernate.SQL                        : select u1_0.id,e1_0.id,e1_0.birth_date,e1_0.document_id,e1_0.employee_number,e1_0.first_name,e1_0.last_name,e1_0.organization_id,e1_0.phone_number,p1_0.id,p1_0.code_name,p1_0.name,e1_0.residence_address,e1_0.shift_id,u1_0.enabled,u1_0.password from users u1_0 left join employees e1_0 on e1_0.id=u1_0.employee_id left join positions p1_0 on p1_0.id=e1_0.position_id where e1_0.employee_number=?
2026-08-08T10:16:45.414+02:00 TRACE 11076 --- [demo] [http-nio-8080-exec-7] org.hibernate.orm.jdbc.bind              : binding parameter (1:VARCHAR) <- [01000001]
2026-08-08T10:17:31.658+02:00  INFO 11076 --- [demo] [SpringApplicationShutdownHook] o.s.boot.tomcat.GracefulShutdown         : Commencing graceful shutdown. Waiting for active requests to complete
2026-08-08T10:17:31.667+02:00  INFO 11076 --- [demo] [tomcat-shutdown] o.s.boot.tomcat.GracefulShutdown         : Graceful shutdown complete
2026-08-08T10:17:31.677+02:00  INFO 11076 --- [demo] [SpringApplicationShutdownHook] j.LocalContainerEntityManagerFactoryBean : Closing JPA EntityManagerFactory for persistence unit 'default'
2026-08-08T10:17:31.679+02:00 DEBUG 11076 --- [demo] [SpringApplicationShutdownHook] org.hibernate.SQL                        : set client_min_messages = WARNING
2026-08-08T10:17:31.681+02:00 DEBUG 11076 --- [demo] [SpringApplicationShutdownHook] org.hibernate.SQL                        : alter table if exists action_logs drop constraint if exists FKabx32d38kv3htb0sytu0grnft
2026-08-08T10:17:31.683+02:00 DEBUG 11076 --- [demo] [SpringApplicationShutdownHook] org.hibernate.SQL                        : alter table if exists employees drop constraint if exists FKh62l7gpgesex8wjd6himtb3e1
2026-08-08T10:17:31.687+02:00 DEBUG 11076 --- [demo] [SpringApplicationShutdownHook] org.hibernate.SQL                        : alter table if exists employees drop constraint if exists FKngcpgx7fx5kednw3m7u0u8of3
2026-08-08T10:17:31.690+02:00 DEBUG 11076 --- [demo] [SpringApplicationShutdownHook] org.hibernate.SQL                        : alter table if exists employees drop constraint if exists FKerjbet32797doputgk79dc4ga
2026-08-08T10:17:31.691+02:00 DEBUG 11076 --- [demo] [SpringApplicationShutdownHook] org.hibernate.SQL                        : alter table if exists order_pallets drop constraint if exists FKpqdqlwod8tktiphtoc7oer7rt
2026-08-08T10:17:31.692+02:00 DEBUG 11076 --- [demo] [SpringApplicationShutdownHook] org.hibernate.SQL                        : alter table if exists order_pallets drop constraint if exists FKre8sl05h2cj0mpxc2r8t7fvvx
2026-08-08T10:17:31.693+02:00 DEBUG 11076 --- [demo] [SpringApplicationShutdownHook] org.hibernate.SQL                        : alter table if exists order_pallets drop constraint if exists FKamr5jy658vv73d04vembos2bw
2026-08-08T10:17:31.694+02:00 DEBUG 11076 --- [demo] [SpringApplicationShutdownHook] org.hibernate.SQL                        : alter table if exists ordered_products drop constraint if exists FKi7isf670mbq331v0muqqry1cd
2026-08-08T10:17:31.695+02:00 DEBUG 11076 --- [demo] [SpringApplicationShutdownHook] org.hibernate.SQL                        : alter table if exists ordered_products drop constraint if exists FK4ximfyldt9wafxil44a95nbow
2026-08-08T10:17:31.696+02:00 DEBUG 11076 --- [demo] [SpringApplicationShutdownHook] org.hibernate.SQL                        : alter table if exists orders drop constraint if exists FKlwggw414a2ts5kuwn3w3xwey4
2026-08-08T10:17:31.697+02:00 DEBUG 11076 --- [demo] [SpringApplicationShutdownHook] org.hibernate.SQL                        : alter table if exists orders drop constraint if exists FK90a9kwkuq8tdssbn73patuj1o
2026-08-08T10:17:31.699+02:00 DEBUG 11076 --- [demo] [SpringApplicationShutdownHook] org.hibernate.SQL                        : alter table if exists orders drop constraint if exists FKsskkpl1vd8t45wcvx150udmvo
2026-08-08T10:17:31.700+02:00 DEBUG 11076 --- [demo] [SpringApplicationShutdownHook] org.hibernate.SQL                        : alter table if exists orders drop constraint if exists FKp7dc0isy2d4u0q76rrmwyyye9
2026-08-08T10:17:31.701+02:00 DEBUG 11076 --- [demo] [SpringApplicationShutdownHook] org.hibernate.SQL                        : alter table if exists organizations drop constraint if exists FKapumdmay8yodgwtrshtoukpm1
2026-08-08T10:17:31.704+02:00 DEBUG 11076 --- [demo] [SpringApplicationShutdownHook] org.hibernate.SQL                        : alter table if exists packages drop constraint if exists FKpbap7arai7981kim42hnmllvy
2026-08-08T10:17:31.705+02:00 DEBUG 11076 --- [demo] [SpringApplicationShutdownHook] org.hibernate.SQL                        : alter table if exists paper_cards drop constraint if exists FKd9updxxiind6n0qu03wobuvh6
2026-08-08T10:17:31.740+02:00 DEBUG 11076 --- [demo] [SpringApplicationShutdownHook] org.hibernate.SQL                        : alter table if exists picked_products drop constraint if exists FKd7dkbt15tcqu5a44qp1f8fpvw
2026-08-08T10:17:31.748+02:00 DEBUG 11076 --- [demo] [SpringApplicationShutdownHook] org.hibernate.SQL                        : alter table if exists picked_products drop constraint if exists FKl3toya91sky77ldb56ak25egp
2026-08-08T10:17:31.756+02:00 DEBUG 11076 --- [demo] [SpringApplicationShutdownHook] org.hibernate.SQL                        : alter table if exists product_pallets drop constraint if exists FKq0c540v7295mp0t33kl6sj0v3
2026-08-08T10:17:31.765+02:00 DEBUG 11076 --- [demo] [SpringApplicationShutdownHook] org.hibernate.SQL                        : alter table if exists product_pallets drop constraint if exists FKpnufn9ti4t3cus76xl9727jpl
2026-08-08T10:17:31.767+02:00 DEBUG 11076 --- [demo] [SpringApplicationShutdownHook] org.hibernate.SQL                        : alter table if exists product_pallets drop constraint if exists FKge9nts7ge6rddq124q7wm7geh
2026-08-08T10:17:31.768+02:00 DEBUG 11076 --- [demo] [SpringApplicationShutdownHook] org.hibernate.SQL                        : alter table if exists product_pallets drop constraint if exists FK437c8obhesvrd78rdmv09bmym
2026-08-08T10:17:31.770+02:00 DEBUG 11076 --- [demo] [SpringApplicationShutdownHook] org.hibernate.SQL                        : alter table if exists products drop constraint if exists FK9f4oe4i29p9ah82tlxxfx9qmw
2026-08-08T10:17:31.771+02:00 DEBUG 11076 --- [demo] [SpringApplicationShutdownHook] org.hibernate.SQL                        : alter table if exists return_products drop constraint if exists FK4ncg3gnnd9f9wcadd80whdc89
2026-08-08T10:17:31.772+02:00 DEBUG 11076 --- [demo] [SpringApplicationShutdownHook] org.hibernate.SQL                        : alter table if exists return_products drop constraint if exists FKv2qnmbp3kaqqe4wycem8mhti
2026-08-08T10:17:31.774+02:00 DEBUG 11076 --- [demo] [SpringApplicationShutdownHook] org.hibernate.SQL                        : alter table if exists tracks drop constraint if exists FKh4jx673abomox36uqp69qe0a6
2026-08-08T10:17:31.775+02:00 DEBUG 11076 --- [demo] [SpringApplicationShutdownHook] org.hibernate.SQL                        : alter table if exists users drop constraint if exists FK6p2ib82uai0pj9yk1iassppgq
2026-08-08T10:17:31.776+02:00 DEBUG 11076 --- [demo] [SpringApplicationShutdownHook] org.hibernate.SQL                        : alter table if exists work_stations drop constraint if exists FKsb494sowyhqf94e5oumi6b7a0
2026-08-08T10:17:31.776+02:00 DEBUG 11076 --- [demo] [SpringApplicationShutdownHook] org.hibernate.SQL                        : drop table if exists action_logs cascade
2026-08-08T10:17:31.782+02:00 DEBUG 11076 --- [demo] [SpringApplicationShutdownHook] org.hibernate.SQL                        : drop table if exists employees cascade
2026-08-08T10:17:31.787+02:00 DEBUG 11076 --- [demo] [SpringApplicationShutdownHook] org.hibernate.SQL                        : drop table if exists gates cascade
2026-08-08T10:17:31.794+02:00 DEBUG 11076 --- [demo] [SpringApplicationShutdownHook] org.hibernate.SQL                        : drop table if exists order_pallets cascade
2026-08-08T10:17:31.798+02:00 DEBUG 11076 --- [demo] [SpringApplicationShutdownHook] org.hibernate.SQL                        : drop table if exists ordered_products cascade
2026-08-08T10:17:31.801+02:00 DEBUG 11076 --- [demo] [SpringApplicationShutdownHook] org.hibernate.SQL                        : drop table if exists orders cascade
2026-08-08T10:17:31.803+02:00 DEBUG 11076 --- [demo] [SpringApplicationShutdownHook] org.hibernate.SQL                        : drop table if exists organization_types cascade
2026-08-08T10:17:31.807+02:00 DEBUG 11076 --- [demo] [SpringApplicationShutdownHook] org.hibernate.SQL                        : drop table if exists organizations cascade
2026-08-08T10:17:31.812+02:00 DEBUG 11076 --- [demo] [SpringApplicationShutdownHook] org.hibernate.SQL                        : drop table if exists packages cascade
2026-08-08T10:17:31.815+02:00 DEBUG 11076 --- [demo] [SpringApplicationShutdownHook] org.hibernate.SQL                        : drop table if exists pallets cascade
2026-08-08T10:17:31.818+02:00 DEBUG 11076 --- [demo] [SpringApplicationShutdownHook] org.hibernate.SQL                        : drop table if exists paper_cards cascade
2026-08-08T10:17:31.819+02:00 DEBUG 11076 --- [demo] [SpringApplicationShutdownHook] org.hibernate.SQL                        : drop table if exists picked_products cascade
2026-08-08T10:17:31.822+02:00 DEBUG 11076 --- [demo] [SpringApplicationShutdownHook] org.hibernate.SQL                        : drop table if exists positions cascade
2026-08-08T10:17:31.827+02:00 DEBUG 11076 --- [demo] [SpringApplicationShutdownHook] org.hibernate.SQL                        : drop table if exists product_pallets cascade
2026-08-08T10:17:31.830+02:00 DEBUG 11076 --- [demo] [SpringApplicationShutdownHook] org.hibernate.SQL                        : drop table if exists products cascade
2026-08-08T10:17:31.832+02:00 DEBUG 11076 --- [demo] [SpringApplicationShutdownHook] org.hibernate.SQL                        : drop table if exists return_products cascade
2026-08-08T10:17:31.835+02:00 DEBUG 11076 --- [demo] [SpringApplicationShutdownHook] org.hibernate.SQL                        : drop table if exists shifts cascade
2026-08-08T10:17:31.839+02:00 DEBUG 11076 --- [demo] [SpringApplicationShutdownHook] org.hibernate.SQL                        : drop table if exists statuses cascade
2026-08-08T10:17:31.843+02:00 DEBUG 11076 --- [demo] [SpringApplicationShutdownHook] org.hibernate.SQL                        : drop table if exists tracks cascade
2026-08-08T10:17:31.847+02:00 DEBUG 11076 --- [demo] [SpringApplicationShutdownHook] org.hibernate.SQL                        : drop table if exists users cascade
2026-08-08T10:17:31.851+02:00 DEBUG 11076 --- [demo] [SpringApplicationShutdownHook] org.hibernate.SQL                        : drop table if exists work_stations cascade
2026-08-08T10:17:31.854+02:00 DEBUG 11076 --- [demo] [SpringApplicationShutdownHook] org.hibernate.SQL                        : drop table if exists workshops cascade
2026-08-08T10:17:31.856+02:00 DEBUG 11076 --- [demo] [SpringApplicationShutdownHook] org.hibernate.SQL                        : drop sequence if exists action_logs_seq
2026-08-08T10:17:31.859+02:00 DEBUG 11076 --- [demo] [SpringApplicationShutdownHook] org.hibernate.SQL                        : drop sequence if exists employee_seq
2026-08-08T10:17:31.860+02:00 DEBUG 11076 --- [demo] [SpringApplicationShutdownHook] org.hibernate.SQL                        : drop sequence if exists gate_seq
2026-08-08T10:17:31.861+02:00 DEBUG 11076 --- [demo] [SpringApplicationShutdownHook] org.hibernate.SQL                        : drop sequence if exists order_pallets_seq
2026-08-08T10:17:31.862+02:00 DEBUG 11076 --- [demo] [SpringApplicationShutdownHook] org.hibernate.SQL                        : drop sequence if exists order_seq
2026-08-08T10:17:31.864+02:00 DEBUG 11076 --- [demo] [SpringApplicationShutdownHook] org.hibernate.SQL                        : drop sequence if exists ordered_products_seq
2026-08-08T10:17:31.865+02:00 DEBUG 11076 --- [demo] [SpringApplicationShutdownHook] org.hibernate.SQL                        : drop sequence if exists organization_seq
2026-08-08T10:17:31.867+02:00 DEBUG 11076 --- [demo] [SpringApplicationShutdownHook] org.hibernate.SQL                        : drop sequence if exists organization_type_seq
2026-08-08T10:17:31.868+02:00 DEBUG 11076 --- [demo] [SpringApplicationShutdownHook] org.hibernate.SQL                        : drop sequence if exists package_seq
2026-08-08T10:17:31.869+02:00 DEBUG 11076 --- [demo] [SpringApplicationShutdownHook] org.hibernate.SQL                        : drop sequence if exists pallet_seq
2026-08-08T10:17:31.871+02:00 DEBUG 11076 --- [demo] [SpringApplicationShutdownHook] org.hibernate.SQL                        : drop sequence if exists paper_cards_seq
2026-08-08T10:17:31.873+02:00 DEBUG 11076 --- [demo] [SpringApplicationShutdownHook] org.hibernate.SQL                        : drop sequence if exists picked_products_seq
2026-08-08T10:17:31.875+02:00 DEBUG 11076 --- [demo] [SpringApplicationShutdownHook] org.hibernate.SQL                        : drop sequence if exists position_seq
2026-08-08T10:17:31.876+02:00 DEBUG 11076 --- [demo] [SpringApplicationShutdownHook] org.hibernate.SQL                        : drop sequence if exists product_pallet_seq
2026-08-08T10:17:31.877+02:00 DEBUG 11076 --- [demo] [SpringApplicationShutdownHook] org.hibernate.SQL                        : drop sequence if exists products_seq
2026-08-08T10:17:31.878+02:00 DEBUG 11076 --- [demo] [SpringApplicationShutdownHook] org.hibernate.SQL                        : drop sequence if exists return_products_seq
2026-08-08T10:17:31.880+02:00 DEBUG 11076 --- [demo] [SpringApplicationShutdownHook] org.hibernate.SQL                        : drop sequence if exists shift_seq
2026-08-08T10:17:31.880+02:00 DEBUG 11076 --- [demo] [SpringApplicationShutdownHook] org.hibernate.SQL                        : drop sequence if exists status_seq
2026-08-08T10:17:31.883+02:00 DEBUG 11076 --- [demo] [SpringApplicationShutdownHook] org.hibernate.SQL                        : drop sequence if exists track_seq
2026-08-08T10:17:31.884+02:00 DEBUG 11076 --- [demo] [SpringApplicationShutdownHook] org.hibernate.SQL                        : drop sequence if exists user_seq
2026-08-08T10:17:31.885+02:00 DEBUG 11076 --- [demo] [SpringApplicationShutdownHook] org.hibernate.SQL                        : drop sequence if exists work_station_seq
2026-08-08T10:17:31.886+02:00 DEBUG 11076 --- [demo] [SpringApplicationShutdownHook] org.hibernate.SQL                        : drop sequence if exists workshop_seq
2026-08-08T10:17:31.891+02:00  INFO 11076 --- [demo] [SpringApplicationShutdownHook] com.zaxxer.hikari.HikariDataSource       : HikariPool-1 - Shutdown initiated...
2026-08-08T10:17:31.894+02:00  INFO 11076 --- [demo] [SpringApplicationShutdownHook] com.zaxxer.hikari.HikariDataSource       : HikariPool-1 - Shutdown completed.
2026-08-08T10:17:39.740+02:00  INFO 24216 --- [demo] [main] com.warehouse.demo.DemoApplication       : Starting DemoApplication using Java 21.0.12 with PID 24216 (C:\Users\v1rus\Development\Java\Warehouse\demo\target\classes started by v1rus in C:\Users\v1rus\Development\Java\Warehouse\demo)
2026-08-08T10:17:39.740+02:00  INFO 24216 --- [demo] [main] com.warehouse.demo.DemoApplication       : No active profile set, falling back to 1 default profile: "default"
2026-08-08T10:17:40.642+02:00  INFO 24216 --- [demo] [main] .s.d.r.c.RepositoryConfigurationDelegate : Bootstrapping Spring Data JPA repositories in DEFAULT mode.
2026-08-08T10:17:40.817+02:00  INFO 24216 --- [demo] [main] .s.d.r.c.RepositoryConfigurationDelegate : Finished Spring Data repository scanning in 147 ms. Found 22 JPA repository interfaces.
2026-08-08T10:17:41.587+02:00  INFO 24216 --- [demo] [main] o.s.boot.tomcat.TomcatWebServer          : Tomcat initialized with port 8080 (http)
2026-08-08T10:17:41.613+02:00  INFO 24216 --- [demo] [main] o.apache.catalina.core.StandardService   : Starting service [Tomcat]
2026-08-08T10:17:41.618+02:00  INFO 24216 --- [demo] [main] o.apache.catalina.core.StandardEngine    : Starting Servlet engine: [Apache Tomcat/11.0.22]
2026-08-08T10:17:41.688+02:00  INFO 24216 --- [demo] [main] b.w.c.s.WebApplicationContextInitializer : Root WebApplicationContext: initialization completed in 1889 ms
2026-08-08T10:17:42.068+02:00  INFO 24216 --- [demo] [main] org.hibernate.orm.jpa                    : HHH008540: Processing PersistenceUnitInfo [name: default]
2026-08-08T10:17:42.140+02:00  INFO 24216 --- [demo] [main] org.hibernate.orm.core                   : HHH000001: Hibernate ORM core version 7.4.1.Final
2026-08-08T10:17:42.680+02:00  INFO 24216 --- [demo] [main] o.s.o.j.p.SpringPersistenceUnitInfo      : No LoadTimeWeaver setup: ignoring JPA class transformer
2026-08-08T10:17:42.734+02:00  INFO 24216 --- [demo] [main] com.zaxxer.hikari.HikariDataSource       : HikariPool-1 - Starting...
2026-08-08T10:17:42.939+02:00  INFO 24216 --- [demo] [main] com.zaxxer.hikari.pool.HikariPool        : HikariPool-1 - Added connection org.postgresql.jdbc.PgConnection@4247093b
2026-08-08T10:17:42.946+02:00  INFO 24216 --- [demo] [main] com.zaxxer.hikari.HikariDataSource       : HikariPool-1 - Start completed.
2026-08-08T10:17:43.035+02:00  INFO 24216 --- [demo] [main] org.hibernate.orm.connections.pooling    : HHH10001005: Database info:
	Database JDBC URL [jdbc:postgresql://localhost:5432/warehouse_db]
	Database driver: PostgreSQL JDBC Driver
	Database dialect: PostgreSQLDialect
	Database version: 18.4
	Default catalog/schema: warehouse_db/public
	Autocommit mode: undefined/unknown
	Isolation level: READ_COMMITTED [default READ_COMMITTED]
	JDBC fetch size: none
	Pool: DataSourceConnectionProvider
	Minimum pool size: undefined/unknown
	Maximum pool size: undefined/unknown
2026-08-08T10:17:44.220+02:00  INFO 24216 --- [demo] [main] org.hibernate.orm.core                   : HHH000489: No JTA platform available (set 'hibernate.transaction.jta.platform' to enable JTA platform integration)
2026-08-08T10:17:44.240+02:00 DEBUG 24216 --- [demo] [main] org.hibernate.SQL                        : set client_min_messages = WARNING
2026-08-08T10:17:44.241+02:00 DEBUG 24216 --- [demo] [main] org.hibernate.SQL                        : alter table if exists action_logs drop constraint if exists FKabx32d38kv3htb0sytu0grnft
2026-08-08T10:17:44.243+02:00 DEBUG 24216 --- [demo] [main] org.hibernate.SQL                        : alter table if exists employees drop constraint if exists FKh62l7gpgesex8wjd6himtb3e1
2026-08-08T10:17:44.243+02:00 DEBUG 24216 --- [demo] [main] org.hibernate.SQL                        : alter table if exists employees drop constraint if exists FKngcpgx7fx5kednw3m7u0u8of3
2026-08-08T10:17:44.244+02:00 DEBUG 24216 --- [demo] [main] org.hibernate.SQL                        : alter table if exists employees drop constraint if exists FKerjbet32797doputgk79dc4ga
2026-08-08T10:17:44.244+02:00 DEBUG 24216 --- [demo] [main] org.hibernate.SQL                        : alter table if exists order_pallets drop constraint if exists FKpqdqlwod8tktiphtoc7oer7rt
2026-08-08T10:17:44.244+02:00 DEBUG 24216 --- [demo] [main] org.hibernate.SQL                        : alter table if exists order_pallets drop constraint if exists FKre8sl05h2cj0mpxc2r8t7fvvx
2026-08-08T10:17:44.245+02:00 DEBUG 24216 --- [demo] [main] org.hibernate.SQL                        : alter table if exists order_pallets drop constraint if exists FKamr5jy658vv73d04vembos2bw
2026-08-08T10:17:44.245+02:00 DEBUG 24216 --- [demo] [main] org.hibernate.SQL                        : alter table if exists ordered_products drop constraint if exists FKi7isf670mbq331v0muqqry1cd
2026-08-08T10:17:44.245+02:00 DEBUG 24216 --- [demo] [main] org.hibernate.SQL                        : alter table if exists ordered_products drop constraint if exists FK4ximfyldt9wafxil44a95nbow
2026-08-08T10:17:44.245+02:00 DEBUG 24216 --- [demo] [main] org.hibernate.SQL                        : alter table if exists orders drop constraint if exists FKlwggw414a2ts5kuwn3w3xwey4
2026-08-08T10:17:44.245+02:00 DEBUG 24216 --- [demo] [main] org.hibernate.SQL                        : alter table if exists orders drop constraint if exists FK90a9kwkuq8tdssbn73patuj1o
2026-08-08T10:17:44.245+02:00 DEBUG 24216 --- [demo] [main] org.hibernate.SQL                        : alter table if exists orders drop constraint if exists FKsskkpl1vd8t45wcvx150udmvo
2026-08-08T10:17:44.245+02:00 DEBUG 24216 --- [demo] [main] org.hibernate.SQL                        : alter table if exists orders drop constraint if exists FKp7dc0isy2d4u0q76rrmwyyye9
2026-08-08T10:17:44.245+02:00 DEBUG 24216 --- [demo] [main] org.hibernate.SQL                        : alter table if exists organizations drop constraint if exists FKapumdmay8yodgwtrshtoukpm1
2026-08-08T10:17:44.245+02:00 DEBUG 24216 --- [demo] [main] org.hibernate.SQL                        : alter table if exists packages drop constraint if exists FKpbap7arai7981kim42hnmllvy
2026-08-08T10:17:44.245+02:00 DEBUG 24216 --- [demo] [main] org.hibernate.SQL                        : alter table if exists paper_cards drop constraint if exists FKd9updxxiind6n0qu03wobuvh6
2026-08-08T10:17:44.245+02:00 DEBUG 24216 --- [demo] [main] org.hibernate.SQL                        : alter table if exists picked_products drop constraint if exists FKd7dkbt15tcqu5a44qp1f8fpvw
2026-08-08T10:17:44.245+02:00 DEBUG 24216 --- [demo] [main] org.hibernate.SQL                        : alter table if exists picked_products drop constraint if exists FKl3toya91sky77ldb56ak25egp
2026-08-08T10:17:44.245+02:00 DEBUG 24216 --- [demo] [main] org.hibernate.SQL                        : alter table if exists product_pallets drop constraint if exists FKq0c540v7295mp0t33kl6sj0v3
2026-08-08T10:17:44.245+02:00 DEBUG 24216 --- [demo] [main] org.hibernate.SQL                        : alter table if exists product_pallets drop constraint if exists FKpnufn9ti4t3cus76xl9727jpl
2026-08-08T10:17:44.245+02:00 DEBUG 24216 --- [demo] [main] org.hibernate.SQL                        : alter table if exists product_pallets drop constraint if exists FKge9nts7ge6rddq124q7wm7geh
2026-08-08T10:17:44.245+02:00 DEBUG 24216 --- [demo] [main] org.hibernate.SQL                        : alter table if exists product_pallets drop constraint if exists FK437c8obhesvrd78rdmv09bmym
2026-08-08T10:17:44.245+02:00 DEBUG 24216 --- [demo] [main] org.hibernate.SQL                        : alter table if exists products drop constraint if exists FK9f4oe4i29p9ah82tlxxfx9qmw
2026-08-08T10:17:44.253+02:00 DEBUG 24216 --- [demo] [main] org.hibernate.SQL                        : alter table if exists return_products drop constraint if exists FK4ncg3gnnd9f9wcadd80whdc89
2026-08-08T10:17:44.253+02:00 DEBUG 24216 --- [demo] [main] org.hibernate.SQL                        : alter table if exists return_products drop constraint if exists FKv2qnmbp3kaqqe4wycem8mhti
2026-08-08T10:17:44.253+02:00 DEBUG 24216 --- [demo] [main] org.hibernate.SQL                        : alter table if exists tracks drop constraint if exists FKh4jx673abomox36uqp69qe0a6
2026-08-08T10:17:44.254+02:00 DEBUG 24216 --- [demo] [main] org.hibernate.SQL                        : alter table if exists users drop constraint if exists FK6p2ib82uai0pj9yk1iassppgq
2026-08-08T10:17:44.254+02:00 DEBUG 24216 --- [demo] [main] org.hibernate.SQL                        : alter table if exists work_stations drop constraint if exists FKsb494sowyhqf94e5oumi6b7a0
2026-08-08T10:17:44.254+02:00 DEBUG 24216 --- [demo] [main] org.hibernate.SQL                        : drop table if exists action_logs cascade
2026-08-08T10:17:44.256+02:00 DEBUG 24216 --- [demo] [main] org.hibernate.SQL                        : drop table if exists employees cascade
2026-08-08T10:17:44.256+02:00 DEBUG 24216 --- [demo] [main] org.hibernate.SQL                        : drop table if exists gates cascade
2026-08-08T10:17:44.256+02:00 DEBUG 24216 --- [demo] [main] org.hibernate.SQL                        : drop table if exists order_pallets cascade
2026-08-08T10:17:44.256+02:00 DEBUG 24216 --- [demo] [main] org.hibernate.SQL                        : drop table if exists ordered_products cascade
2026-08-08T10:17:44.257+02:00 DEBUG 24216 --- [demo] [main] org.hibernate.SQL                        : drop table if exists orders cascade
2026-08-08T10:17:44.257+02:00 DEBUG 24216 --- [demo] [main] org.hibernate.SQL                        : drop table if exists organization_types cascade
2026-08-08T10:17:44.257+02:00 DEBUG 24216 --- [demo] [main] org.hibernate.SQL                        : drop table if exists organizations cascade
2026-08-08T10:17:44.257+02:00 DEBUG 24216 --- [demo] [main] org.hibernate.SQL                        : drop table if exists packages cascade
2026-08-08T10:17:44.259+02:00 DEBUG 24216 --- [demo] [main] org.hibernate.SQL                        : drop table if exists pallets cascade
2026-08-08T10:17:44.259+02:00 DEBUG 24216 --- [demo] [main] org.hibernate.SQL                        : drop table if exists paper_cards cascade
2026-08-08T10:17:44.259+02:00 DEBUG 24216 --- [demo] [main] org.hibernate.SQL                        : drop table if exists picked_products cascade
2026-08-08T10:17:44.259+02:00 DEBUG 24216 --- [demo] [main] org.hibernate.SQL                        : drop table if exists positions cascade
2026-08-08T10:17:44.260+02:00 DEBUG 24216 --- [demo] [main] org.hibernate.SQL                        : drop table if exists product_pallets cascade
2026-08-08T10:17:44.260+02:00 DEBUG 24216 --- [demo] [main] org.hibernate.SQL                        : drop table if exists products cascade
2026-08-08T10:17:44.260+02:00 DEBUG 24216 --- [demo] [main] org.hibernate.SQL                        : drop table if exists return_products cascade
2026-08-08T10:17:44.262+02:00 DEBUG 24216 --- [demo] [main] org.hibernate.SQL                        : drop table if exists shifts cascade
2026-08-08T10:17:44.262+02:00 DEBUG 24216 --- [demo] [main] org.hibernate.SQL                        : drop table if exists statuses cascade
2026-08-08T10:17:44.262+02:00 DEBUG 24216 --- [demo] [main] org.hibernate.SQL                        : drop table if exists tracks cascade
2026-08-08T10:17:44.263+02:00 DEBUG 24216 --- [demo] [main] org.hibernate.SQL                        : drop table if exists users cascade
2026-08-08T10:17:44.263+02:00 DEBUG 24216 --- [demo] [main] org.hibernate.SQL                        : drop table if exists work_stations cascade
2026-08-08T10:17:44.263+02:00 DEBUG 24216 --- [demo] [main] org.hibernate.SQL                        : drop table if exists workshops cascade
2026-08-08T10:17:44.265+02:00 DEBUG 24216 --- [demo] [main] org.hibernate.SQL                        : drop sequence if exists action_logs_seq
2026-08-08T10:17:44.265+02:00 DEBUG 24216 --- [demo] [main] org.hibernate.SQL                        : drop sequence if exists employee_seq
2026-08-08T10:17:44.266+02:00 DEBUG 24216 --- [demo] [main] org.hibernate.SQL                        : drop sequence if exists gate_seq
2026-08-08T10:17:44.266+02:00 DEBUG 24216 --- [demo] [main] org.hibernate.SQL                        : drop sequence if exists order_pallets_seq
2026-08-08T10:17:44.267+02:00 DEBUG 24216 --- [demo] [main] org.hibernate.SQL                        : drop sequence if exists order_seq
2026-08-08T10:17:44.267+02:00 DEBUG 24216 --- [demo] [main] org.hibernate.SQL                        : drop sequence if exists ordered_products_seq
2026-08-08T10:17:44.267+02:00 DEBUG 24216 --- [demo] [main] org.hibernate.SQL                        : drop sequence if exists organization_seq
2026-08-08T10:17:44.269+02:00 DEBUG 24216 --- [demo] [main] org.hibernate.SQL                        : drop sequence if exists organization_type_seq
2026-08-08T10:17:44.269+02:00 DEBUG 24216 --- [demo] [main] org.hibernate.SQL                        : drop sequence if exists package_seq
2026-08-08T10:17:44.269+02:00 DEBUG 24216 --- [demo] [main] org.hibernate.SQL                        : drop sequence if exists pallet_seq
2026-08-08T10:17:44.269+02:00 DEBUG 24216 --- [demo] [main] org.hibernate.SQL                        : drop sequence if exists paper_cards_seq
2026-08-08T10:17:44.271+02:00 DEBUG 24216 --- [demo] [main] org.hibernate.SQL                        : drop sequence if exists picked_products_seq
2026-08-08T10:17:44.271+02:00 DEBUG 24216 --- [demo] [main] org.hibernate.SQL                        : drop sequence if exists position_seq
2026-08-08T10:17:44.271+02:00 DEBUG 24216 --- [demo] [main] org.hibernate.SQL                        : drop sequence if exists product_pallet_seq
2026-08-08T10:17:44.271+02:00 DEBUG 24216 --- [demo] [main] org.hibernate.SQL                        : drop sequence if exists products_seq
2026-08-08T10:17:44.273+02:00 DEBUG 24216 --- [demo] [main] org.hibernate.SQL                        : drop sequence if exists return_products_seq
2026-08-08T10:17:44.273+02:00 DEBUG 24216 --- [demo] [main] org.hibernate.SQL                        : drop sequence if exists shift_seq
2026-08-08T10:17:44.274+02:00 DEBUG 24216 --- [demo] [main] org.hibernate.SQL                        : drop sequence if exists status_seq
2026-08-08T10:17:44.274+02:00 DEBUG 24216 --- [demo] [main] org.hibernate.SQL                        : drop sequence if exists track_seq
2026-08-08T10:17:44.274+02:00 DEBUG 24216 --- [demo] [main] org.hibernate.SQL                        : drop sequence if exists user_seq
2026-08-08T10:17:44.274+02:00 DEBUG 24216 --- [demo] [main] org.hibernate.SQL                        : drop sequence if exists work_station_seq
2026-08-08T10:17:44.276+02:00 DEBUG 24216 --- [demo] [main] org.hibernate.SQL                        : drop sequence if exists workshop_seq
2026-08-08T10:17:44.280+02:00 DEBUG 24216 --- [demo] [main] org.hibernate.SQL                        : create sequence action_logs_seq start with 1 increment by 50
2026-08-08T10:17:44.284+02:00 DEBUG 24216 --- [demo] [main] org.hibernate.SQL                        : create sequence employee_seq start with 1 increment by 50
2026-08-08T10:17:44.287+02:00 DEBUG 24216 --- [demo] [main] org.hibernate.SQL                        : create sequence gate_seq start with 1 increment by 1
2026-08-08T10:17:44.289+02:00 DEBUG 24216 --- [demo] [main] org.hibernate.SQL                        : create sequence order_pallets_seq start with 1 increment by 50
2026-08-08T10:17:44.291+02:00 DEBUG 24216 --- [demo] [main] org.hibernate.SQL                        : create sequence order_seq start with 1 increment by 50
2026-08-08T10:17:44.292+02:00 DEBUG 24216 --- [demo] [main] org.hibernate.SQL                        : create sequence ordered_products_seq start with 1 increment by 50
2026-08-08T10:17:44.294+02:00 DEBUG 24216 --- [demo] [main] org.hibernate.SQL                        : create sequence organization_seq start with 1 increment by 50
2026-08-08T10:17:44.294+02:00 DEBUG 24216 --- [demo] [main] org.hibernate.SQL                        : create sequence organization_type_seq start with 1 increment by 1
2026-08-08T10:17:44.297+02:00 DEBUG 24216 --- [demo] [main] org.hibernate.SQL                        : create sequence package_seq start with 1 increment by 50
2026-08-08T10:17:44.297+02:00 DEBUG 24216 --- [demo] [main] org.hibernate.SQL                        : create sequence pallet_seq start with 1 increment by 1
2026-08-08T10:17:44.300+02:00 DEBUG 24216 --- [demo] [main] org.hibernate.SQL                        : create sequence paper_cards_seq start with 1 increment by 50
2026-08-08T10:17:44.300+02:00 DEBUG 24216 --- [demo] [main] org.hibernate.SQL                        : create sequence picked_products_seq start with 1 increment by 50
2026-08-08T10:17:44.302+02:00 DEBUG 24216 --- [demo] [main] org.hibernate.SQL                        : create sequence position_seq start with 1 increment by 1
2026-08-08T10:17:44.304+02:00 DEBUG 24216 --- [demo] [main] org.hibernate.SQL                        : create sequence product_pallet_seq start with 1 increment by 50
2026-08-08T10:17:44.306+02:00 DEBUG 24216 --- [demo] [main] org.hibernate.SQL                        : create sequence products_seq start with 1 increment by 50
2026-08-08T10:17:44.306+02:00 DEBUG 24216 --- [demo] [main] org.hibernate.SQL                        : create sequence return_products_seq start with 1 increment by 50
2026-08-08T10:17:44.308+02:00 DEBUG 24216 --- [demo] [main] org.hibernate.SQL                        : create sequence shift_seq start with 1 increment by 1
2026-08-08T10:17:44.310+02:00 DEBUG 24216 --- [demo] [main] org.hibernate.SQL                        : create sequence status_seq start with 1 increment by 1
2026-08-08T10:17:44.312+02:00 DEBUG 24216 --- [demo] [main] org.hibernate.SQL                        : create sequence track_seq start with 1 increment by 1
2026-08-08T10:17:44.312+02:00 DEBUG 24216 --- [demo] [main] org.hibernate.SQL                        : create sequence user_seq start with 1 increment by 1
2026-08-08T10:17:44.314+02:00 DEBUG 24216 --- [demo] [main] org.hibernate.SQL                        : create sequence work_station_seq start with 1 increment by 1
2026-08-08T10:17:44.316+02:00 DEBUG 24216 --- [demo] [main] org.hibernate.SQL                        : create sequence workshop_seq start with 1 increment by 1
2026-08-08T10:17:44.317+02:00 DEBUG 24216 --- [demo] [main] org.hibernate.SQL                        : create table action_logs (employee_id bigint, entity_id bigint not null, id bigint not null, proceeded_at timestamp(6), action varchar(255), entity_type varchar(255), primary key (id))
2026-08-08T10:17:44.329+02:00 DEBUG 24216 --- [demo] [main] org.hibernate.SQL                        : create table employees (birth_date date, id bigint not null, organization_id bigint, position_id bigint, shift_id bigint, document_id varchar(255), employee_number varchar(255) unique, first_name varchar(255), last_name varchar(255), phone_number varchar(255), residence_address varchar(255), primary key (id))
2026-08-08T10:17:44.336+02:00 DEBUG 24216 --- [demo] [main] org.hibernate.SQL                        : create table gates (id bigint not null, symbol varchar(255), primary key (id))
2026-08-08T10:17:44.336+02:00 DEBUG 24216 --- [demo] [main] org.hibernate.SQL                        : create table order_pallets (id bigint not null, order_id bigint, pallet_id bigint, status_id bigint, primary key (id))
2026-08-08T10:17:44.336+02:00 DEBUG 24216 --- [demo] [main] org.hibernate.SQL                        : create table ordered_products (ordered_volume numeric(38,2), id bigint not null, order_id bigint, package_id bigint, primary key (id))
2026-08-08T10:17:44.336+02:00 DEBUG 24216 --- [demo] [main] org.hibernate.SQL                        : create table orders (gate_id bigint, id bigint not null, shift_id bigint, status_id bigint, store_id bigint, note varchar(255), primary key (id))
2026-08-08T10:17:44.336+02:00 DEBUG 24216 --- [demo] [main] org.hibernate.SQL                        : create table organization_types (id bigint not null, name varchar(255) unique, primary key (id))
2026-08-08T10:17:44.348+02:00 DEBUG 24216 --- [demo] [main] org.hibernate.SQL                        : create table organizations (id bigint not null, organization_type_id bigint, address varchar(255), email varchar(255), name varchar(255), organization_number varchar(255) unique, phone varchar(255), url varchar(255), primary key (id))
2026-08-08T10:17:44.354+02:00 DEBUG 24216 --- [demo] [main] org.hibernate.SQL                        : create table packages (products_amount integer not null, volume numeric(38,2), weight numeric(38,2), id bigint not null, product_id bigint, primary key (id))
2026-08-08T10:17:44.356+02:00 DEBUG 24216 --- [demo] [main] org.hibernate.SQL                        : create table pallets (height numeric(38,2), length numeric(38,2), weight numeric(38,2), width numeric(38,2), id bigint not null, color varchar(255), name varchar(255), primary key (id))
2026-08-08T10:17:44.356+02:00 DEBUG 24216 --- [demo] [main] org.hibernate.SQL                        : create table paper_cards (id bigint not null, order_id bigint, code varchar(255), primary key (id))
2026-08-08T10:17:44.361+02:00 DEBUG 24216 --- [demo] [main] org.hibernate.SQL                        : create table picked_products (picked_volume numeric(38,2), id bigint not null, order_pallet_id bigint, product_package_id bigint, primary key (id))
2026-08-08T10:17:44.364+02:00 DEBUG 24216 --- [demo] [main] org.hibernate.SQL                        : create table positions (id bigint not null, code_name varchar(255) unique, name varchar(255) unique, primary key (id))
2026-08-08T10:17:44.367+02:00 DEBUG 24216 --- [demo] [main] org.hibernate.SQL                        : create table product_pallets (package_amount integer not null, id bigint not null, pallet_id bigint, product_package_id bigint, status_id bigint, work_station_id bigint, id_number varchar(255), primary key (id))
2026-08-08T10:17:44.367+02:00 DEBUG 24216 --- [demo] [main] org.hibernate.SQL                        : create table products (cost numeric(38,2), id bigint not null, producer_id bigint, barcode_number varchar(255), name varchar(255), primary key (id))
2026-08-08T10:17:44.367+02:00 DEBUG 24216 --- [demo] [main] org.hibernate.SQL                        : create table return_products (products_amount integer not null, id bigint not null, order_id bigint, product_id bigint, primary key (id))
2026-08-08T10:17:44.367+02:00 DEBUG 24216 --- [demo] [main] org.hibernate.SQL                        : create table shifts (id bigint not null, symbol varchar(255), primary key (id))
2026-08-08T10:17:44.382+02:00 DEBUG 24216 --- [demo] [main] org.hibernate.SQL                        : create table statuses (id bigint not null, name varchar(255), primary key (id))
2026-08-08T10:17:44.386+02:00 DEBUG 24216 --- [demo] [main] org.hibernate.SQL                        : create table tracks (length numeric(38,2), width numeric(38,2), gate_id bigint, id bigint not null, symbol varchar(255), primary key (id))
2026-08-08T10:17:44.388+02:00 DEBUG 24216 --- [demo] [main] org.hibernate.SQL                        : create table users (enabled boolean not null, employee_id bigint unique, id bigint not null, password varchar(255), primary key (id))
2026-08-08T10:17:44.391+02:00 DEBUG 24216 --- [demo] [main] org.hibernate.SQL                        : create table work_stations (id bigint not null, workshop_id bigint, control_number varchar(255), station_number varchar(255), type varchar(255), primary key (id))
2026-08-08T10:17:44.396+02:00 DEBUG 24216 --- [demo] [main] org.hibernate.SQL                        : create table workshops (standard numeric(38,2), id bigint not null, name varchar(255), primary key (id))
2026-08-08T10:17:44.401+02:00 DEBUG 24216 --- [demo] [main] org.hibernate.SQL                        : alter table if exists action_logs add constraint FKabx32d38kv3htb0sytu0grnft foreign key (employee_id) references employees
2026-08-08T10:17:44.404+02:00 DEBUG 24216 --- [demo] [main] org.hibernate.SQL                        : alter table if exists employees add constraint FKh62l7gpgesex8wjd6himtb3e1 foreign key (organization_id) references organizations
2026-08-08T10:17:44.407+02:00 DEBUG 24216 --- [demo] [main] org.hibernate.SQL                        : alter table if exists employees add constraint FKngcpgx7fx5kednw3m7u0u8of3 foreign key (position_id) references positions
2026-08-08T10:17:44.409+02:00 DEBUG 24216 --- [demo] [main] org.hibernate.SQL                        : alter table if exists employees add constraint FKerjbet32797doputgk79dc4ga foreign key (shift_id) references shifts
2026-08-08T10:17:44.411+02:00 DEBUG 24216 --- [demo] [main] org.hibernate.SQL                        : alter table if exists order_pallets add constraint FKpqdqlwod8tktiphtoc7oer7rt foreign key (order_id) references orders
2026-08-08T10:17:44.413+02:00 DEBUG 24216 --- [demo] [main] org.hibernate.SQL                        : alter table if exists order_pallets add constraint FKre8sl05h2cj0mpxc2r8t7fvvx foreign key (pallet_id) references pallets
2026-08-08T10:17:44.414+02:00 DEBUG 24216 --- [demo] [main] org.hibernate.SQL                        : alter table if exists order_pallets add constraint FKamr5jy658vv73d04vembos2bw foreign key (status_id) references statuses
2026-08-08T10:17:44.414+02:00 DEBUG 24216 --- [demo] [main] org.hibernate.SQL                        : alter table if exists ordered_products add constraint FKi7isf670mbq331v0muqqry1cd foreign key (order_id) references orders
2026-08-08T10:17:44.414+02:00 DEBUG 24216 --- [demo] [main] org.hibernate.SQL                        : alter table if exists ordered_products add constraint FK4ximfyldt9wafxil44a95nbow foreign key (package_id) references packages
2026-08-08T10:17:44.419+02:00 DEBUG 24216 --- [demo] [main] org.hibernate.SQL                        : alter table if exists orders add constraint FKlwggw414a2ts5kuwn3w3xwey4 foreign key (gate_id) references gates
2026-08-08T10:17:44.419+02:00 DEBUG 24216 --- [demo] [main] org.hibernate.SQL                        : alter table if exists orders add constraint FK90a9kwkuq8tdssbn73patuj1o foreign key (shift_id) references shifts
2026-08-08T10:17:44.421+02:00 DEBUG 24216 --- [demo] [main] org.hibernate.SQL                        : alter table if exists orders add constraint FKsskkpl1vd8t45wcvx150udmvo foreign key (status_id) references statuses
2026-08-08T10:17:44.423+02:00 DEBUG 24216 --- [demo] [main] org.hibernate.SQL                        : alter table if exists orders add constraint FKp7dc0isy2d4u0q76rrmwyyye9 foreign key (store_id) references organizations
2026-08-08T10:17:44.424+02:00 DEBUG 24216 --- [demo] [main] org.hibernate.SQL                        : alter table if exists organizations add constraint FKapumdmay8yodgwtrshtoukpm1 foreign key (organization_type_id) references organization_types
2026-08-08T10:17:44.426+02:00 DEBUG 24216 --- [demo] [main] org.hibernate.SQL                        : alter table if exists packages add constraint FKpbap7arai7981kim42hnmllvy foreign key (product_id) references products
2026-08-08T10:17:44.427+02:00 DEBUG 24216 --- [demo] [main] org.hibernate.SQL                        : alter table if exists paper_cards add constraint FKd9updxxiind6n0qu03wobuvh6 foreign key (order_id) references orders
2026-08-08T10:17:44.429+02:00 DEBUG 24216 --- [demo] [main] org.hibernate.SQL                        : alter table if exists picked_products add constraint FKd7dkbt15tcqu5a44qp1f8fpvw foreign key (order_pallet_id) references order_pallets
2026-08-08T10:17:44.430+02:00 DEBUG 24216 --- [demo] [main] org.hibernate.SQL                        : alter table if exists picked_products add constraint FKl3toya91sky77ldb56ak25egp foreign key (product_package_id) references packages
2026-08-08T10:17:44.431+02:00 DEBUG 24216 --- [demo] [main] org.hibernate.SQL                        : alter table if exists product_pallets add constraint FKq0c540v7295mp0t33kl6sj0v3 foreign key (pallet_id) references pallets
2026-08-08T10:17:44.431+02:00 DEBUG 24216 --- [demo] [main] org.hibernate.SQL                        : alter table if exists product_pallets add constraint FKpnufn9ti4t3cus76xl9727jpl foreign key (product_package_id) references packages
2026-08-08T10:17:44.434+02:00 DEBUG 24216 --- [demo] [main] org.hibernate.SQL                        : alter table if exists product_pallets add constraint FKge9nts7ge6rddq124q7wm7geh foreign key (status_id) references statuses
2026-08-08T10:17:44.435+02:00 DEBUG 24216 --- [demo] [main] org.hibernate.SQL                        : alter table if exists product_pallets add constraint FK437c8obhesvrd78rdmv09bmym foreign key (work_station_id) references work_stations
2026-08-08T10:17:44.437+02:00 DEBUG 24216 --- [demo] [main] org.hibernate.SQL                        : alter table if exists products add constraint FK9f4oe4i29p9ah82tlxxfx9qmw foreign key (producer_id) references organizations
2026-08-08T10:17:44.437+02:00 DEBUG 24216 --- [demo] [main] org.hibernate.SQL                        : alter table if exists return_products add constraint FK4ncg3gnnd9f9wcadd80whdc89 foreign key (order_id) references orders
2026-08-08T10:17:44.437+02:00 DEBUG 24216 --- [demo] [main] org.hibernate.SQL                        : alter table if exists return_products add constraint FKv2qnmbp3kaqqe4wycem8mhti foreign key (product_id) references products
2026-08-08T10:17:44.440+02:00 DEBUG 24216 --- [demo] [main] org.hibernate.SQL                        : alter table if exists tracks add constraint FKh4jx673abomox36uqp69qe0a6 foreign key (gate_id) references gates
2026-08-08T10:17:44.442+02:00 DEBUG 24216 --- [demo] [main] org.hibernate.SQL                        : alter table if exists users add constraint FK6p2ib82uai0pj9yk1iassppgq foreign key (employee_id) references employees
2026-08-08T10:17:44.443+02:00 DEBUG 24216 --- [demo] [main] org.hibernate.SQL                        : alter table if exists work_stations add constraint FKsb494sowyhqf94e5oumi6b7a0 foreign key (workshop_id) references workshops
2026-08-08T10:17:44.445+02:00  INFO 24216 --- [demo] [main] j.LocalContainerEntityManagerFactoryBean : Initialized JPA EntityManagerFactory for persistence unit 'default'
2026-08-08T10:17:44.533+02:00  INFO 24216 --- [demo] [main] o.s.d.j.r.query.QueryEnhancerFactories   : Hibernate is in classpath; If applicable, HQL parser will be used.
2026-08-08T10:17:45.365+02:00  WARN 24216 --- [demo] [main] JpaBaseConfiguration$JpaWebConfiguration : spring.jpa.open-in-view is enabled by default. Therefore, database queries may be performed during view rendering. Explicitly configure spring.jpa.open-in-view to disable this warning
2026-08-08T10:17:45.472+02:00  INFO 24216 --- [demo] [main] r$InitializeUserDetailsManagerConfigurer : Global AuthenticationManager configured with UserDetailsService bean with name userDetailsServiceImpl
2026-08-08T10:17:46.301+02:00  INFO 24216 --- [demo] [main] o.s.b.a.e.web.EndpointLinksResolver      : Exposing 1 endpoint beneath base path '/actuator'
2026-08-08T10:17:46.391+02:00  INFO 24216 --- [demo] [main] o.s.boot.tomcat.TomcatWebServer          : Tomcat started on port 8080 (http) with context path '/'
2026-08-08T10:17:46.399+02:00  INFO 24216 --- [demo] [main] com.warehouse.demo.DemoApplication       : Started DemoApplication in 7.256 seconds (process running for 7.726)
2026-08-08T10:17:56.206+02:00  INFO 24216 --- [demo] [http-nio-8080-exec-1] o.a.c.c.C.[Tomcat].[localhost].[/]       : Initializing Spring DispatcherServlet 'dispatcherServlet'
2026-08-08T10:17:56.206+02:00  INFO 24216 --- [demo] [http-nio-8080-exec-1] o.s.web.servlet.DispatcherServlet        : Initializing Servlet 'dispatcherServlet'
2026-08-08T10:17:56.213+02:00  INFO 24216 --- [demo] [http-nio-8080-exec-1] o.s.web.servlet.DispatcherServlet        : Completed initialization in 7 ms
2026-08-08T10:17:56.515+02:00 DEBUG 24216 --- [demo] [http-nio-8080-exec-1] org.hibernate.SQL                        : select u1_0.id,e1_0.id,e1_0.birth_date,e1_0.document_id,e1_0.employee_number,e1_0.first_name,e1_0.last_name,e1_0.organization_id,e1_0.phone_number,p1_0.id,p1_0.code_name,p1_0.name,e1_0.residence_address,e1_0.shift_id,u1_0.enabled,u1_0.password from users u1_0 left join employees e1_0 on e1_0.id=u1_0.employee_id left join positions p1_0 on p1_0.id=e1_0.position_id where e1_0.employee_number=?
2026-08-08T10:17:56.522+02:00 TRACE 24216 --- [demo] [http-nio-8080-exec-1] org.hibernate.orm.jdbc.bind              : binding parameter (1:VARCHAR) <- [04000001]
2026-08-08T10:17:56.790+02:00 DEBUG 24216 --- [demo] [http-nio-8080-exec-1] org.hibernate.SQL                        : select ot1_0.id,ot1_0.name from organization_types ot1_0 where ot1_0.id=?
2026-08-08T10:17:56.790+02:00 TRACE 24216 --- [demo] [http-nio-8080-exec-1] org.hibernate.orm.jdbc.bind              : binding parameter (1:BIGINT) <- [1]
2026-08-08T10:18:32.018+02:00 DEBUG 24216 --- [demo] [http-nio-8080-exec-2] org.hibernate.SQL                        : select u1_0.id,e1_0.id,e1_0.birth_date,e1_0.document_id,e1_0.employee_number,e1_0.first_name,e1_0.last_name,e1_0.organization_id,e1_0.phone_number,p1_0.id,p1_0.code_name,p1_0.name,e1_0.residence_address,e1_0.shift_id,u1_0.enabled,u1_0.password from users u1_0 left join employees e1_0 on e1_0.id=u1_0.employee_id left join positions p1_0 on p1_0.id=e1_0.position_id where e1_0.employee_number=?
2026-08-08T10:18:32.018+02:00 TRACE 24216 --- [demo] [http-nio-8080-exec-2] org.hibernate.orm.jdbc.bind              : binding parameter (1:VARCHAR) <- [04000001]
2026-08-08T10:18:32.128+02:00 DEBUG 24216 --- [demo] [http-nio-8080-exec-2] org.hibernate.SQL                        : select ot1_0.id,ot1_0.name from organization_types ot1_0 where ot1_0.id=?
2026-08-08T10:18:32.128+02:00 TRACE 24216 --- [demo] [http-nio-8080-exec-2] org.hibernate.orm.jdbc.bind              : binding parameter (1:BIGINT) <- [999]
2026-08-08T10:19:27.179+02:00 DEBUG 24216 --- [demo] [http-nio-8080-exec-4] org.hibernate.SQL                        : select u1_0.id,e1_0.id,e1_0.birth_date,e1_0.document_id,e1_0.employee_number,e1_0.first_name,e1_0.last_name,e1_0.organization_id,e1_0.phone_number,p1_0.id,p1_0.code_name,p1_0.name,e1_0.residence_address,e1_0.shift_id,u1_0.enabled,u1_0.password from users u1_0 left join employees e1_0 on e1_0.id=u1_0.employee_id left join positions p1_0 on p1_0.id=e1_0.position_id where e1_0.employee_number=?
2026-08-08T10:19:27.179+02:00 TRACE 24216 --- [demo] [http-nio-8080-exec-4] org.hibernate.orm.jdbc.bind              : binding parameter (1:VARCHAR) <- [01000001]
2026-08-08T10:20:20.451+02:00 DEBUG 24216 --- [demo] [http-nio-8080-exec-5] org.hibernate.SQL                        : select u1_0.id,e1_0.id,e1_0.birth_date,e1_0.document_id,e1_0.employee_number,e1_0.first_name,e1_0.last_name,e1_0.organization_id,e1_0.phone_number,p1_0.id,p1_0.code_name,p1_0.name,e1_0.residence_address,e1_0.shift_id,u1_0.enabled,u1_0.password from users u1_0 left join employees e1_0 on e1_0.id=u1_0.employee_id left join positions p1_0 on p1_0.id=e1_0.position_id where e1_0.employee_number=?
2026-08-08T10:20:20.451+02:00 TRACE 24216 --- [demo] [http-nio-8080-exec-5] org.hibernate.orm.jdbc.bind              : binding parameter (1:VARCHAR) <- [03000001]
2026-08-08T10:21:02.709+02:00 DEBUG 24216 --- [demo] [http-nio-8080-exec-6] org.hibernate.SQL                        : select u1_0.id,e1_0.id,e1_0.birth_date,e1_0.document_id,e1_0.employee_number,e1_0.first_name,e1_0.last_name,e1_0.organization_id,e1_0.phone_number,p1_0.id,p1_0.code_name,p1_0.name,e1_0.residence_address,e1_0.shift_id,u1_0.enabled,u1_0.password from users u1_0 left join employees e1_0 on e1_0.id=u1_0.employee_id left join positions p1_0 on p1_0.id=e1_0.position_id where e1_0.employee_number=?
2026-08-08T10:21:02.709+02:00 TRACE 24216 --- [demo] [http-nio-8080-exec-6] org.hibernate.orm.jdbc.bind              : binding parameter (1:VARCHAR) <- [03000001]
2026-08-08T10:21:08.054+02:00 DEBUG 24216 --- [demo] [http-nio-8080-exec-7] org.hibernate.SQL                        : select u1_0.id,e1_0.id,e1_0.birth_date,e1_0.document_id,e1_0.employee_number,e1_0.first_name,e1_0.last_name,e1_0.organization_id,e1_0.phone_number,p1_0.id,p1_0.code_name,p1_0.name,e1_0.residence_address,e1_0.shift_id,u1_0.enabled,u1_0.password from users u1_0 left join employees e1_0 on e1_0.id=u1_0.employee_id left join positions p1_0 on p1_0.id=e1_0.position_id where e1_0.employee_number=?
2026-08-08T10:21:08.054+02:00 TRACE 24216 --- [demo] [http-nio-8080-exec-7] org.hibernate.orm.jdbc.bind              : binding parameter (1:VARCHAR) <- [04000001]
2026-08-08T10:21:08.211+02:00 DEBUG 24216 --- [demo] [http-nio-8080-exec-7] org.hibernate.SQL                        : select ot1_0.id from organization_types ot1_0 where ot1_0.name=? fetch first ? rows only
2026-08-08T10:21:08.211+02:00 TRACE 24216 --- [demo] [http-nio-8080-exec-7] org.hibernate.orm.jdbc.bind              : binding parameter (1:VARCHAR) <- [Employer]
2026-08-08T10:21:08.211+02:00 TRACE 24216 --- [demo] [http-nio-8080-exec-7] org.hibernate.orm.jdbc.bind              : binding parameter (2:INTEGER) <- [1]
2026-08-08T10:22:16.347+02:00 DEBUG 24216 --- [demo] [http-nio-8080-exec-10] org.hibernate.SQL                        : select u1_0.id,e1_0.id,e1_0.birth_date,e1_0.document_id,e1_0.employee_number,e1_0.first_name,e1_0.last_name,e1_0.organization_id,e1_0.phone_number,p1_0.id,p1_0.code_name,p1_0.name,e1_0.residence_address,e1_0.shift_id,u1_0.enabled,u1_0.password from users u1_0 left join employees e1_0 on e1_0.id=u1_0.employee_id left join positions p1_0 on p1_0.id=e1_0.position_id where e1_0.employee_number=?
2026-08-08T10:22:16.347+02:00 TRACE 24216 --- [demo] [http-nio-8080-exec-10] org.hibernate.orm.jdbc.bind              : binding parameter (1:VARCHAR) <- [04000001]
2026-08-08T10:22:16.460+02:00 DEBUG 24216 --- [demo] [http-nio-8080-exec-10] org.hibernate.SQL                        : select ot1_0.id from organization_types ot1_0 where ot1_0.name=? fetch first ? rows only
2026-08-08T10:22:16.460+02:00 TRACE 24216 --- [demo] [http-nio-8080-exec-10] org.hibernate.orm.jdbc.bind              : binding parameter (1:VARCHAR) <- [Store]
2026-08-08T10:22:16.460+02:00 TRACE 24216 --- [demo] [http-nio-8080-exec-10] org.hibernate.orm.jdbc.bind              : binding parameter (2:INTEGER) <- [1]
2026-08-08T10:22:16.472+02:00 DEBUG 24216 --- [demo] [http-nio-8080-exec-10] org.hibernate.SQL                        : select nextval('organization_type_seq')
2026-08-08T10:22:16.502+02:00 DEBUG 24216 --- [demo] [http-nio-8080-exec-10] org.hibernate.SQL                        : insert into organization_types (name,id) values (?,?)
2026-08-08T10:22:16.506+02:00 TRACE 24216 --- [demo] [http-nio-8080-exec-10] org.hibernate.orm.jdbc.bind              : binding parameter (1:VARCHAR) <- [Store]
2026-08-08T10:22:16.506+02:00 TRACE 24216 --- [demo] [http-nio-8080-exec-10] org.hibernate.orm.jdbc.bind              : binding parameter (2:BIGINT) <- [2]
2026-08-08T10:22:59.124+02:00 DEBUG 24216 --- [demo] [http-nio-8080-exec-3] org.hibernate.SQL                        : select u1_0.id,e1_0.id,e1_0.birth_date,e1_0.document_id,e1_0.employee_number,e1_0.first_name,e1_0.last_name,e1_0.organization_id,e1_0.phone_number,p1_0.id,p1_0.code_name,p1_0.name,e1_0.residence_address,e1_0.shift_id,u1_0.enabled,u1_0.password from users u1_0 left join employees e1_0 on e1_0.id=u1_0.employee_id left join positions p1_0 on p1_0.id=e1_0.position_id where e1_0.employee_number=?
2026-08-08T10:22:59.128+02:00 TRACE 24216 --- [demo] [http-nio-8080-exec-3] org.hibernate.orm.jdbc.bind              : binding parameter (1:VARCHAR) <- [01000001]
2026-08-08T10:23:34.684+02:00 DEBUG 24216 --- [demo] [http-nio-8080-exec-1] org.hibernate.SQL                        : select u1_0.id,e1_0.id,e1_0.birth_date,e1_0.document_id,e1_0.employee_number,e1_0.first_name,e1_0.last_name,e1_0.organization_id,e1_0.phone_number,p1_0.id,p1_0.code_name,p1_0.name,e1_0.residence_address,e1_0.shift_id,u1_0.enabled,u1_0.password from users u1_0 left join employees e1_0 on e1_0.id=u1_0.employee_id left join positions p1_0 on p1_0.id=e1_0.position_id where e1_0.employee_number=?
2026-08-08T10:23:34.697+02:00 TRACE 24216 --- [demo] [http-nio-8080-exec-1] org.hibernate.orm.jdbc.bind              : binding parameter (1:VARCHAR) <- [03000001]
2026-08-08T10:23:54.799+02:00 DEBUG 24216 --- [demo] [http-nio-8080-exec-2] org.hibernate.SQL                        : select u1_0.id,e1_0.id,e1_0.birth_date,e1_0.document_id,e1_0.employee_number,e1_0.first_name,e1_0.last_name,e1_0.organization_id,e1_0.phone_number,p1_0.id,p1_0.code_name,p1_0.name,e1_0.residence_address,e1_0.shift_id,u1_0.enabled,u1_0.password from users u1_0 left join employees e1_0 on e1_0.id=u1_0.employee_id left join positions p1_0 on p1_0.id=e1_0.position_id where e1_0.employee_number=?
2026-08-08T10:23:54.799+02:00 TRACE 24216 --- [demo] [http-nio-8080-exec-2] org.hibernate.orm.jdbc.bind              : binding parameter (1:VARCHAR) <- [04000001]
2026-08-08T10:23:54.916+02:00 DEBUG 24216 --- [demo] [http-nio-8080-exec-2] org.hibernate.SQL                        : select ot1_0.id,ot1_0.name from organization_types ot1_0 where ot1_0.id=?
2026-08-08T10:23:54.916+02:00 TRACE 24216 --- [demo] [http-nio-8080-exec-2] org.hibernate.orm.jdbc.bind              : binding parameter (1:BIGINT) <- [2]
2026-08-08T10:23:54.948+02:00 DEBUG 24216 --- [demo] [http-nio-8080-exec-2] org.hibernate.SQL                        : update organization_types set name=? where id=?
2026-08-08T10:23:54.950+02:00 TRACE 24216 --- [demo] [http-nio-8080-exec-2] org.hibernate.orm.jdbc.bind              : binding parameter (1:VARCHAR) <- [Employer2]
2026-08-08T10:23:54.950+02:00 TRACE 24216 --- [demo] [http-nio-8080-exec-2] org.hibernate.orm.jdbc.bind              : binding parameter (2:BIGINT) <- [2]
2026-08-08T10:24:59.312+02:00 DEBUG 24216 --- [demo] [http-nio-8080-exec-6] org.hibernate.SQL                        : select u1_0.id,e1_0.id,e1_0.birth_date,e1_0.document_id,e1_0.employee_number,e1_0.first_name,e1_0.last_name,e1_0.organization_id,e1_0.phone_number,p1_0.id,p1_0.code_name,p1_0.name,e1_0.residence_address,e1_0.shift_id,u1_0.enabled,u1_0.password from users u1_0 left join employees e1_0 on e1_0.id=u1_0.employee_id left join positions p1_0 on p1_0.id=e1_0.position_id where e1_0.employee_number=?
2026-08-08T10:24:59.312+02:00 TRACE 24216 --- [demo] [http-nio-8080-exec-6] org.hibernate.orm.jdbc.bind              : binding parameter (1:VARCHAR) <- [04000001]
2026-08-08T10:24:59.426+02:00 DEBUG 24216 --- [demo] [http-nio-8080-exec-6] org.hibernate.SQL                        : select ot1_0.id,ot1_0.name from organization_types ot1_0 where ot1_0.id=?
2026-08-08T10:24:59.426+02:00 TRACE 24216 --- [demo] [http-nio-8080-exec-6] org.hibernate.orm.jdbc.bind              : binding parameter (1:BIGINT) <- [999]
2026-08-08T10:25:57.259+02:00 DEBUG 24216 --- [demo] [http-nio-8080-exec-7] org.hibernate.SQL                        : select u1_0.id,e1_0.id,e1_0.birth_date,e1_0.document_id,e1_0.employee_number,e1_0.first_name,e1_0.last_name,e1_0.organization_id,e1_0.phone_number,p1_0.id,p1_0.code_name,p1_0.name,e1_0.residence_address,e1_0.shift_id,u1_0.enabled,u1_0.password from users u1_0 left join employees e1_0 on e1_0.id=u1_0.employee_id left join positions p1_0 on p1_0.id=e1_0.position_id where e1_0.employee_number=?
2026-08-08T10:25:57.259+02:00 TRACE 24216 --- [demo] [http-nio-8080-exec-7] org.hibernate.orm.jdbc.bind              : binding parameter (1:VARCHAR) <- [01000001]
2026-08-08T10:26:30.209+02:00 DEBUG 24216 --- [demo] [http-nio-8080-exec-8] org.hibernate.SQL                        : select u1_0.id,e1_0.id,e1_0.birth_date,e1_0.document_id,e1_0.employee_number,e1_0.first_name,e1_0.last_name,e1_0.organization_id,e1_0.phone_number,p1_0.id,p1_0.code_name,p1_0.name,e1_0.residence_address,e1_0.shift_id,u1_0.enabled,u1_0.password from users u1_0 left join employees e1_0 on e1_0.id=u1_0.employee_id left join positions p1_0 on p1_0.id=e1_0.position_id where e1_0.employee_number=?
2026-08-08T10:26:30.210+02:00 TRACE 24216 --- [demo] [http-nio-8080-exec-8] org.hibernate.orm.jdbc.bind              : binding parameter (1:VARCHAR) <- [03000001]
2026-08-08T10:26:55.236+02:00 DEBUG 24216 --- [demo] [http-nio-8080-exec-9] org.hibernate.SQL                        : select u1_0.id,e1_0.id,e1_0.birth_date,e1_0.document_id,e1_0.employee_number,e1_0.first_name,e1_0.last_name,e1_0.organization_id,e1_0.phone_number,p1_0.id,p1_0.code_name,p1_0.name,e1_0.residence_address,e1_0.shift_id,u1_0.enabled,u1_0.password from users u1_0 left join employees e1_0 on e1_0.id=u1_0.employee_id left join positions p1_0 on p1_0.id=e1_0.position_id where e1_0.employee_number=?
2026-08-08T10:26:55.239+02:00 TRACE 24216 --- [demo] [http-nio-8080-exec-9] org.hibernate.orm.jdbc.bind              : binding parameter (1:VARCHAR) <- [04000001]
2026-08-08T10:26:55.378+02:00 DEBUG 24216 --- [demo] [http-nio-8080-exec-9] org.hibernate.SQL                        : select count(*) from organization_types ot1_0 where ot1_0.id=?
2026-08-08T10:26:55.378+02:00 TRACE 24216 --- [demo] [http-nio-8080-exec-9] org.hibernate.orm.jdbc.bind              : binding parameter (1:BIGINT) <- [2]
2026-08-08T10:26:55.405+02:00 DEBUG 24216 --- [demo] [http-nio-8080-exec-9] org.hibernate.SQL                        : select o1_0.id from organizations o1_0 where o1_0.organization_type_id=? fetch first ? rows only
2026-08-08T10:26:55.408+02:00 TRACE 24216 --- [demo] [http-nio-8080-exec-9] org.hibernate.orm.jdbc.bind              : binding parameter (1:BIGINT) <- [2]
2026-08-08T10:26:55.408+02:00 TRACE 24216 --- [demo] [http-nio-8080-exec-9] org.hibernate.orm.jdbc.bind              : binding parameter (2:INTEGER) <- [1]
2026-08-08T10:26:55.408+02:00 DEBUG 24216 --- [demo] [http-nio-8080-exec-9] org.hibernate.SQL                        : select ot1_0.id,ot1_0.name from organization_types ot1_0 where ot1_0.id=?
2026-08-08T10:26:55.408+02:00 TRACE 24216 --- [demo] [http-nio-8080-exec-9] org.hibernate.orm.jdbc.bind              : binding parameter (1:BIGINT) <- [2]
2026-08-08T10:26:55.417+02:00 DEBUG 24216 --- [demo] [http-nio-8080-exec-9] org.hibernate.SQL                        : delete from organization_types where id=?
2026-08-08T10:26:55.417+02:00 TRACE 24216 --- [demo] [http-nio-8080-exec-9] org.hibernate.orm.jdbc.bind              : binding parameter (1:BIGINT) <- [2]
2026-08-08T10:27:37.034+02:00 DEBUG 24216 --- [demo] [http-nio-8080-exec-10] org.hibernate.SQL                        : select u1_0.id,e1_0.id,e1_0.birth_date,e1_0.document_id,e1_0.employee_number,e1_0.first_name,e1_0.last_name,e1_0.organization_id,e1_0.phone_number,p1_0.id,p1_0.code_name,p1_0.name,e1_0.residence_address,e1_0.shift_id,u1_0.enabled,u1_0.password from users u1_0 left join employees e1_0 on e1_0.id=u1_0.employee_id left join positions p1_0 on p1_0.id=e1_0.position_id where e1_0.employee_number=?
2026-08-08T10:27:37.034+02:00 TRACE 24216 --- [demo] [http-nio-8080-exec-10] org.hibernate.orm.jdbc.bind              : binding parameter (1:VARCHAR) <- [04000001]
2026-08-08T10:27:37.151+02:00 DEBUG 24216 --- [demo] [http-nio-8080-exec-10] org.hibernate.SQL                        : select count(*) from organization_types ot1_0 where ot1_0.id=?
2026-08-08T10:27:37.152+02:00 TRACE 24216 --- [demo] [http-nio-8080-exec-10] org.hibernate.orm.jdbc.bind              : binding parameter (1:BIGINT) <- [2]
2026-08-08T10:29:02.586+02:00 DEBUG 24216 --- [demo] [http-nio-8080-exec-2] org.hibernate.SQL                        : select u1_0.id,e1_0.id,e1_0.birth_date,e1_0.document_id,e1_0.employee_number,e1_0.first_name,e1_0.last_name,e1_0.organization_id,e1_0.phone_number,p1_0.id,p1_0.code_name,p1_0.name,e1_0.residence_address,e1_0.shift_id,u1_0.enabled,u1_0.password from users u1_0 left join employees e1_0 on e1_0.id=u1_0.employee_id left join positions p1_0 on p1_0.id=e1_0.position_id where e1_0.employee_number=?
2026-08-08T10:29:02.586+02:00 TRACE 24216 --- [demo] [http-nio-8080-exec-2] org.hibernate.orm.jdbc.bind              : binding parameter (1:VARCHAR) <- [04000001]
2026-08-08T10:29:02.701+02:00 DEBUG 24216 --- [demo] [http-nio-8080-exec-2] org.hibernate.SQL                        : select count(*) from organization_types ot1_0 where ot1_0.id=?
2026-08-08T10:29:02.701+02:00 TRACE 24216 --- [demo] [http-nio-8080-exec-2] org.hibernate.orm.jdbc.bind              : binding parameter (1:BIGINT) <- [1]
2026-08-08T10:29:02.704+02:00 DEBUG 24216 --- [demo] [http-nio-8080-exec-2] org.hibernate.SQL                        : select o1_0.id from organizations o1_0 where o1_0.organization_type_id=? fetch first ? rows only
2026-08-08T10:29:02.704+02:00 TRACE 24216 --- [demo] [http-nio-8080-exec-2] org.hibernate.orm.jdbc.bind              : binding parameter (1:BIGINT) <- [1]
2026-08-08T10:29:02.705+02:00 TRACE 24216 --- [demo] [http-nio-8080-exec-2] org.hibernate.orm.jdbc.bind              : binding parameter (2:INTEGER) <- [1]
2026-08-08T10:29:42.898+02:00 DEBUG 24216 --- [demo] [http-nio-8080-exec-4] org.hibernate.SQL                        : select u1_0.id,e1_0.id,e1_0.birth_date,e1_0.document_id,e1_0.employee_number,e1_0.first_name,e1_0.last_name,e1_0.organization_id,e1_0.phone_number,p1_0.id,p1_0.code_name,p1_0.name,e1_0.residence_address,e1_0.shift_id,u1_0.enabled,u1_0.password from users u1_0 left join employees e1_0 on e1_0.id=u1_0.employee_id left join positions p1_0 on p1_0.id=e1_0.position_id where e1_0.employee_number=?
2026-08-08T10:29:42.898+02:00 TRACE 24216 --- [demo] [http-nio-8080-exec-4] org.hibernate.orm.jdbc.bind              : binding parameter (1:VARCHAR) <- [01000001]
2026-08-08T10:29:43.113+02:00 DEBUG 24216 --- [demo] [http-nio-8080-exec-5] org.hibernate.SQL                        : select u1_0.id,e1_0.id,e1_0.birth_date,e1_0.document_id,e1_0.employee_number,e1_0.first_name,e1_0.last_name,e1_0.organization_id,e1_0.phone_number,p1_0.id,p1_0.code_name,p1_0.name,e1_0.residence_address,e1_0.shift_id,u1_0.enabled,u1_0.password from users u1_0 left join employees e1_0 on e1_0.id=u1_0.employee_id left join positions p1_0 on p1_0.id=e1_0.position_id where e1_0.employee_number=?
2026-08-08T10:29:43.113+02:00 TRACE 24216 --- [demo] [http-nio-8080-exec-5] org.hibernate.orm.jdbc.bind              : binding parameter (1:VARCHAR) <- [03000001]
2026-08-08T10:29:43.262+02:00 DEBUG 24216 --- [demo] [http-nio-8080-exec-5] org.hibernate.SQL                        : select ot1_0.id,ot1_0.name from organization_types ot1_0
2026-08-08T10:29:43.377+02:00 DEBUG 24216 --- [demo] [http-nio-8080-exec-6] org.hibernate.SQL                        : select u1_0.id,e1_0.id,e1_0.birth_date,e1_0.document_id,e1_0.employee_number,e1_0.first_name,e1_0.last_name,e1_0.organization_id,e1_0.phone_number,p1_0.id,p1_0.code_name,p1_0.name,e1_0.residence_address,e1_0.shift_id,u1_0.enabled,u1_0.password from users u1_0 left join employees e1_0 on e1_0.id=u1_0.employee_id left join positions p1_0 on p1_0.id=e1_0.position_id where e1_0.employee_number=?
2026-08-08T10:29:43.377+02:00 TRACE 24216 --- [demo] [http-nio-8080-exec-6] org.hibernate.orm.jdbc.bind              : binding parameter (1:VARCHAR) <- [01000001]
2026-08-08T10:29:43.581+02:00 DEBUG 24216 --- [demo] [http-nio-8080-exec-7] org.hibernate.SQL                        : select u1_0.id,e1_0.id,e1_0.birth_date,e1_0.document_id,e1_0.employee_number,e1_0.first_name,e1_0.last_name,e1_0.organization_id,e1_0.phone_number,p1_0.id,p1_0.code_name,p1_0.name,e1_0.residence_address,e1_0.shift_id,u1_0.enabled,u1_0.password from users u1_0 left join employees e1_0 on e1_0.id=u1_0.employee_id left join positions p1_0 on p1_0.id=e1_0.position_id where e1_0.employee_number=?
2026-08-08T10:29:43.582+02:00 TRACE 24216 --- [demo] [http-nio-8080-exec-7] org.hibernate.orm.jdbc.bind              : binding parameter (1:VARCHAR) <- [04000001]
2026-08-08T10:29:43.703+02:00 DEBUG 24216 --- [demo] [http-nio-8080-exec-7] org.hibernate.SQL                        : select ot1_0.id,ot1_0.name from organization_types ot1_0 where ot1_0.id=?
2026-08-08T10:29:43.705+02:00 TRACE 24216 --- [demo] [http-nio-8080-exec-7] org.hibernate.orm.jdbc.bind              : binding parameter (1:BIGINT) <- [1]
2026-08-08T10:29:43.799+02:00 DEBUG 24216 --- [demo] [http-nio-8080-exec-8] org.hibernate.SQL                        : select u1_0.id,e1_0.id,e1_0.birth_date,e1_0.document_id,e1_0.employee_number,e1_0.first_name,e1_0.last_name,e1_0.organization_id,e1_0.phone_number,p1_0.id,p1_0.code_name,p1_0.name,e1_0.residence_address,e1_0.shift_id,u1_0.enabled,u1_0.password from users u1_0 left join employees e1_0 on e1_0.id=u1_0.employee_id left join positions p1_0 on p1_0.id=e1_0.position_id where e1_0.employee_number=?
2026-08-08T10:29:43.800+02:00 TRACE 24216 --- [demo] [http-nio-8080-exec-8] org.hibernate.orm.jdbc.bind              : binding parameter (1:VARCHAR) <- [04000001]
2026-08-08T10:29:43.913+02:00 DEBUG 24216 --- [demo] [http-nio-8080-exec-8] org.hibernate.SQL                        : select ot1_0.id,ot1_0.name from organization_types ot1_0 where ot1_0.id=?
2026-08-08T10:29:43.913+02:00 TRACE 24216 --- [demo] [http-nio-8080-exec-8] org.hibernate.orm.jdbc.bind              : binding parameter (1:BIGINT) <- [999]
2026-08-08T10:29:44.016+02:00 DEBUG 24216 --- [demo] [http-nio-8080-exec-9] org.hibernate.SQL                        : select u1_0.id,e1_0.id,e1_0.birth_date,e1_0.document_id,e1_0.employee_number,e1_0.first_name,e1_0.last_name,e1_0.organization_id,e1_0.phone_number,p1_0.id,p1_0.code_name,p1_0.name,e1_0.residence_address,e1_0.shift_id,u1_0.enabled,u1_0.password from users u1_0 left join employees e1_0 on e1_0.id=u1_0.employee_id left join positions p1_0 on p1_0.id=e1_0.position_id where e1_0.employee_number=?
2026-08-08T10:29:44.017+02:00 TRACE 24216 --- [demo] [http-nio-8080-exec-9] org.hibernate.orm.jdbc.bind              : binding parameter (1:VARCHAR) <- [01000001]
2026-08-08T10:29:44.217+02:00 DEBUG 24216 --- [demo] [http-nio-8080-exec-10] org.hibernate.SQL                        : select u1_0.id,e1_0.id,e1_0.birth_date,e1_0.document_id,e1_0.employee_number,e1_0.first_name,e1_0.last_name,e1_0.organization_id,e1_0.phone_number,p1_0.id,p1_0.code_name,p1_0.name,e1_0.residence_address,e1_0.shift_id,u1_0.enabled,u1_0.password from users u1_0 left join employees e1_0 on e1_0.id=u1_0.employee_id left join positions p1_0 on p1_0.id=e1_0.position_id where e1_0.employee_number=?
2026-08-08T10:29:44.218+02:00 TRACE 24216 --- [demo] [http-nio-8080-exec-10] org.hibernate.orm.jdbc.bind              : binding parameter (1:VARCHAR) <- [03000001]
2026-08-08T10:29:44.421+02:00 DEBUG 24216 --- [demo] [http-nio-8080-exec-3] org.hibernate.SQL                        : select u1_0.id,e1_0.id,e1_0.birth_date,e1_0.document_id,e1_0.employee_number,e1_0.first_name,e1_0.last_name,e1_0.organization_id,e1_0.phone_number,p1_0.id,p1_0.code_name,p1_0.name,e1_0.residence_address,e1_0.shift_id,u1_0.enabled,u1_0.password from users u1_0 left join employees e1_0 on e1_0.id=u1_0.employee_id left join positions p1_0 on p1_0.id=e1_0.position_id where e1_0.employee_number=?
2026-08-08T10:29:44.422+02:00 TRACE 24216 --- [demo] [http-nio-8080-exec-3] org.hibernate.orm.jdbc.bind              : binding parameter (1:VARCHAR) <- [04000001]
2026-08-08T10:29:44.535+02:00 DEBUG 24216 --- [demo] [http-nio-8080-exec-3] org.hibernate.SQL                        : select ot1_0.id from organization_types ot1_0 where ot1_0.name=? fetch first ? rows only
2026-08-08T10:29:44.536+02:00 TRACE 24216 --- [demo] [http-nio-8080-exec-3] org.hibernate.orm.jdbc.bind              : binding parameter (1:VARCHAR) <- [Store]
2026-08-08T10:29:44.536+02:00 TRACE 24216 --- [demo] [http-nio-8080-exec-3] org.hibernate.orm.jdbc.bind              : binding parameter (2:INTEGER) <- [1]
2026-08-08T10:29:44.539+02:00 DEBUG 24216 --- [demo] [http-nio-8080-exec-3] org.hibernate.SQL                        : select nextval('organization_type_seq')
2026-08-08T10:29:44.540+02:00 DEBUG 24216 --- [demo] [http-nio-8080-exec-3] org.hibernate.SQL                        : insert into organization_types (name,id) values (?,?)
2026-08-08T10:29:44.540+02:00 TRACE 24216 --- [demo] [http-nio-8080-exec-3] org.hibernate.orm.jdbc.bind              : binding parameter (1:VARCHAR) <- [Store]
2026-08-08T10:29:44.540+02:00 TRACE 24216 --- [demo] [http-nio-8080-exec-3] org.hibernate.orm.jdbc.bind              : binding parameter (2:BIGINT) <- [3]
2026-08-08T10:29:44.625+02:00 DEBUG 24216 --- [demo] [http-nio-8080-exec-1] org.hibernate.SQL                        : select u1_0.id,e1_0.id,e1_0.birth_date,e1_0.document_id,e1_0.employee_number,e1_0.first_name,e1_0.last_name,e1_0.organization_id,e1_0.phone_number,p1_0.id,p1_0.code_name,p1_0.name,e1_0.residence_address,e1_0.shift_id,u1_0.enabled,u1_0.password from users u1_0 left join employees e1_0 on e1_0.id=u1_0.employee_id left join positions p1_0 on p1_0.id=e1_0.position_id where e1_0.employee_number=?
2026-08-08T10:29:44.626+02:00 TRACE 24216 --- [demo] [http-nio-8080-exec-1] org.hibernate.orm.jdbc.bind              : binding parameter (1:VARCHAR) <- [04000001]
2026-08-08T10:29:44.742+02:00 DEBUG 24216 --- [demo] [http-nio-8080-exec-1] org.hibernate.SQL                        : select ot1_0.id from organization_types ot1_0 where ot1_0.name=? fetch first ? rows only
2026-08-08T10:29:44.742+02:00 TRACE 24216 --- [demo] [http-nio-8080-exec-1] org.hibernate.orm.jdbc.bind              : binding parameter (1:VARCHAR) <- [Employer]
2026-08-08T10:29:44.744+02:00 TRACE 24216 --- [demo] [http-nio-8080-exec-1] org.hibernate.orm.jdbc.bind              : binding parameter (2:INTEGER) <- [1]
2026-08-08T10:29:44.824+02:00 DEBUG 24216 --- [demo] [http-nio-8080-exec-2] org.hibernate.SQL                        : select u1_0.id,e1_0.id,e1_0.birth_date,e1_0.document_id,e1_0.employee_number,e1_0.first_name,e1_0.last_name,e1_0.organization_id,e1_0.phone_number,p1_0.id,p1_0.code_name,p1_0.name,e1_0.residence_address,e1_0.shift_id,u1_0.enabled,u1_0.password from users u1_0 left join employees e1_0 on e1_0.id=u1_0.employee_id left join positions p1_0 on p1_0.id=e1_0.position_id where e1_0.employee_number=?
2026-08-08T10:29:44.825+02:00 TRACE 24216 --- [demo] [http-nio-8080-exec-2] org.hibernate.orm.jdbc.bind              : binding parameter (1:VARCHAR) <- [01000001]
2026-08-08T10:29:45.025+02:00 DEBUG 24216 --- [demo] [http-nio-8080-exec-4] org.hibernate.SQL                        : select u1_0.id,e1_0.id,e1_0.birth_date,e1_0.document_id,e1_0.employee_number,e1_0.first_name,e1_0.last_name,e1_0.organization_id,e1_0.phone_number,p1_0.id,p1_0.code_name,p1_0.name,e1_0.residence_address,e1_0.shift_id,u1_0.enabled,u1_0.password from users u1_0 left join employees e1_0 on e1_0.id=u1_0.employee_id left join positions p1_0 on p1_0.id=e1_0.position_id where e1_0.employee_number=?
2026-08-08T10:29:45.026+02:00 TRACE 24216 --- [demo] [http-nio-8080-exec-4] org.hibernate.orm.jdbc.bind              : binding parameter (1:VARCHAR) <- [03000001]
2026-08-08T10:29:45.215+02:00 DEBUG 24216 --- [demo] [http-nio-8080-exec-5] org.hibernate.SQL                        : select u1_0.id,e1_0.id,e1_0.birth_date,e1_0.document_id,e1_0.employee_number,e1_0.first_name,e1_0.last_name,e1_0.organization_id,e1_0.phone_number,p1_0.id,p1_0.code_name,p1_0.name,e1_0.residence_address,e1_0.shift_id,u1_0.enabled,u1_0.password from users u1_0 left join employees e1_0 on e1_0.id=u1_0.employee_id left join positions p1_0 on p1_0.id=e1_0.position_id where e1_0.employee_number=?
2026-08-08T10:29:45.217+02:00 TRACE 24216 --- [demo] [http-nio-8080-exec-5] org.hibernate.orm.jdbc.bind              : binding parameter (1:VARCHAR) <- [04000001]
2026-08-08T10:29:45.343+02:00 DEBUG 24216 --- [demo] [http-nio-8080-exec-5] org.hibernate.SQL                        : select ot1_0.id,ot1_0.name from organization_types ot1_0 where ot1_0.id=?
2026-08-08T10:29:45.343+02:00 TRACE 24216 --- [demo] [http-nio-8080-exec-5] org.hibernate.orm.jdbc.bind              : binding parameter (1:BIGINT) <- [2]
2026-08-08T10:29:45.415+02:00 DEBUG 24216 --- [demo] [http-nio-8080-exec-6] org.hibernate.SQL                        : select u1_0.id,e1_0.id,e1_0.birth_date,e1_0.document_id,e1_0.employee_number,e1_0.first_name,e1_0.last_name,e1_0.organization_id,e1_0.phone_number,p1_0.id,p1_0.code_name,p1_0.name,e1_0.residence_address,e1_0.shift_id,u1_0.enabled,u1_0.password from users u1_0 left join employees e1_0 on e1_0.id=u1_0.employee_id left join positions p1_0 on p1_0.id=e1_0.position_id where e1_0.employee_number=?
2026-08-08T10:29:45.415+02:00 TRACE 24216 --- [demo] [http-nio-8080-exec-6] org.hibernate.orm.jdbc.bind              : binding parameter (1:VARCHAR) <- [04000001]
2026-08-08T10:29:45.527+02:00 DEBUG 24216 --- [demo] [http-nio-8080-exec-6] org.hibernate.SQL                        : select ot1_0.id,ot1_0.name from organization_types ot1_0 where ot1_0.id=?
2026-08-08T10:29:45.527+02:00 TRACE 24216 --- [demo] [http-nio-8080-exec-6] org.hibernate.orm.jdbc.bind              : binding parameter (1:BIGINT) <- [999]
2026-08-08T10:29:45.601+02:00 DEBUG 24216 --- [demo] [http-nio-8080-exec-7] org.hibernate.SQL                        : select u1_0.id,e1_0.id,e1_0.birth_date,e1_0.document_id,e1_0.employee_number,e1_0.first_name,e1_0.last_name,e1_0.organization_id,e1_0.phone_number,p1_0.id,p1_0.code_name,p1_0.name,e1_0.residence_address,e1_0.shift_id,u1_0.enabled,u1_0.password from users u1_0 left join employees e1_0 on e1_0.id=u1_0.employee_id left join positions p1_0 on p1_0.id=e1_0.position_id where e1_0.employee_number=?
2026-08-08T10:29:45.602+02:00 TRACE 24216 --- [demo] [http-nio-8080-exec-7] org.hibernate.orm.jdbc.bind              : binding parameter (1:VARCHAR) <- [01000001]
2026-08-08T10:29:45.790+02:00 DEBUG 24216 --- [demo] [http-nio-8080-exec-8] org.hibernate.SQL                        : select u1_0.id,e1_0.id,e1_0.birth_date,e1_0.document_id,e1_0.employee_number,e1_0.first_name,e1_0.last_name,e1_0.organization_id,e1_0.phone_number,p1_0.id,p1_0.code_name,p1_0.name,e1_0.residence_address,e1_0.shift_id,u1_0.enabled,u1_0.password from users u1_0 left join employees e1_0 on e1_0.id=u1_0.employee_id left join positions p1_0 on p1_0.id=e1_0.position_id where e1_0.employee_number=?
2026-08-08T10:29:45.791+02:00 TRACE 24216 --- [demo] [http-nio-8080-exec-8] org.hibernate.orm.jdbc.bind              : binding parameter (1:VARCHAR) <- [03000001]
2026-08-08T10:29:46.008+02:00 DEBUG 24216 --- [demo] [http-nio-8080-exec-9] org.hibernate.SQL                        : select u1_0.id,e1_0.id,e1_0.birth_date,e1_0.document_id,e1_0.employee_number,e1_0.first_name,e1_0.last_name,e1_0.organization_id,e1_0.phone_number,p1_0.id,p1_0.code_name,p1_0.name,e1_0.residence_address,e1_0.shift_id,u1_0.enabled,u1_0.password from users u1_0 left join employees e1_0 on e1_0.id=u1_0.employee_id left join positions p1_0 on p1_0.id=e1_0.position_id where e1_0.employee_number=?
2026-08-08T10:29:46.008+02:00 TRACE 24216 --- [demo] [http-nio-8080-exec-9] org.hibernate.orm.jdbc.bind              : binding parameter (1:VARCHAR) <- [04000001]
2026-08-08T10:29:46.125+02:00 DEBUG 24216 --- [demo] [http-nio-8080-exec-9] org.hibernate.SQL                        : select count(*) from organization_types ot1_0 where ot1_0.id=?
2026-08-08T10:29:46.125+02:00 TRACE 24216 --- [demo] [http-nio-8080-exec-9] org.hibernate.orm.jdbc.bind              : binding parameter (1:BIGINT) <- [2]
2026-08-08T10:29:46.211+02:00 DEBUG 24216 --- [demo] [http-nio-8080-exec-10] org.hibernate.SQL                        : select u1_0.id,e1_0.id,e1_0.birth_date,e1_0.document_id,e1_0.employee_number,e1_0.first_name,e1_0.last_name,e1_0.organization_id,e1_0.phone_number,p1_0.id,p1_0.code_name,p1_0.name,e1_0.residence_address,e1_0.shift_id,u1_0.enabled,u1_0.password from users u1_0 left join employees e1_0 on e1_0.id=u1_0.employee_id left join positions p1_0 on p1_0.id=e1_0.position_id where e1_0.employee_number=?
2026-08-08T10:29:46.211+02:00 TRACE 24216 --- [demo] [http-nio-8080-exec-10] org.hibernate.orm.jdbc.bind              : binding parameter (1:VARCHAR) <- [04000001]
2026-08-08T10:29:46.325+02:00 DEBUG 24216 --- [demo] [http-nio-8080-exec-10] org.hibernate.SQL                        : select count(*) from organization_types ot1_0 where ot1_0.id=?
2026-08-08T10:29:46.325+02:00 TRACE 24216 --- [demo] [http-nio-8080-exec-10] org.hibernate.orm.jdbc.bind              : binding parameter (1:BIGINT) <- [2]
2026-08-08T10:29:46.403+02:00 DEBUG 24216 --- [demo] [http-nio-8080-exec-3] org.hibernate.SQL                        : select u1_0.id,e1_0.id,e1_0.birth_date,e1_0.document_id,e1_0.employee_number,e1_0.first_name,e1_0.last_name,e1_0.organization_id,e1_0.phone_number,p1_0.id,p1_0.code_name,p1_0.name,e1_0.residence_address,e1_0.shift_id,u1_0.enabled,u1_0.password from users u1_0 left join employees e1_0 on e1_0.id=u1_0.employee_id left join positions p1_0 on p1_0.id=e1_0.position_id where e1_0.employee_number=?
2026-08-08T10:29:46.403+02:00 TRACE 24216 --- [demo] [http-nio-8080-exec-3] org.hibernate.orm.jdbc.bind              : binding parameter (1:VARCHAR) <- [04000001]
2026-08-08T10:29:46.526+02:00 DEBUG 24216 --- [demo] [http-nio-8080-exec-3] org.hibernate.SQL                        : select count(*) from organization_types ot1_0 where ot1_0.id=?
2026-08-08T10:29:46.526+02:00 TRACE 24216 --- [demo] [http-nio-8080-exec-3] org.hibernate.orm.jdbc.bind              : binding parameter (1:BIGINT) <- [1]
2026-08-08T10:29:46.528+02:00 DEBUG 24216 --- [demo] [http-nio-8080-exec-3] org.hibernate.SQL                        : select o1_0.id from organizations o1_0 where o1_0.organization_type_id=? fetch first ? rows only
2026-08-08T10:29:46.528+02:00 TRACE 24216 --- [demo] [http-nio-8080-exec-3] org.hibernate.orm.jdbc.bind              : binding parameter (1:BIGINT) <- [1]
2026-08-08T10:29:46.528+02:00 TRACE 24216 --- [demo] [http-nio-8080-exec-3] org.hibernate.orm.jdbc.bind              : binding parameter (2:INTEGER) <- [1]
2026-08-08T10:32:38.387+02:00  INFO 24216 --- [demo] [SpringApplicationShutdownHook] o.s.boot.tomcat.GracefulShutdown         : Commencing graceful shutdown. Waiting for active requests to complete
2026-08-08T10:32:38.412+02:00  INFO 24216 --- [demo] [tomcat-shutdown] o.s.boot.tomcat.GracefulShutdown         : Graceful shutdown complete
2026-08-08T10:32:38.422+02:00  INFO 24216 --- [demo] [SpringApplicationShutdownHook] j.LocalContainerEntityManagerFactoryBean : Closing JPA EntityManagerFactory for persistence unit 'default'
2026-08-08T10:32:38.424+02:00 DEBUG 24216 --- [demo] [SpringApplicationShutdownHook] org.hibernate.SQL                        : set client_min_messages = WARNING
2026-08-08T10:32:38.424+02:00 DEBUG 24216 --- [demo] [SpringApplicationShutdownHook] org.hibernate.SQL                        : alter table if exists action_logs drop constraint if exists FKabx32d38kv3htb0sytu0grnft
2026-08-08T10:32:38.428+02:00 DEBUG 24216 --- [demo] [SpringApplicationShutdownHook] org.hibernate.SQL                        : alter table if exists employees drop constraint if exists FKh62l7gpgesex8wjd6himtb3e1
2026-08-08T10:32:38.430+02:00 DEBUG 24216 --- [demo] [SpringApplicationShutdownHook] org.hibernate.SQL                        : alter table if exists employees drop constraint if exists FKngcpgx7fx5kednw3m7u0u8of3
2026-08-08T10:32:38.432+02:00 DEBUG 24216 --- [demo] [SpringApplicationShutdownHook] org.hibernate.SQL                        : alter table if exists employees drop constraint if exists FKerjbet32797doputgk79dc4ga
2026-08-08T10:32:38.433+02:00 DEBUG 24216 --- [demo] [SpringApplicationShutdownHook] org.hibernate.SQL                        : alter table if exists order_pallets drop constraint if exists FKpqdqlwod8tktiphtoc7oer7rt
2026-08-08T10:32:38.433+02:00 DEBUG 24216 --- [demo] [SpringApplicationShutdownHook] org.hibernate.SQL                        : alter table if exists order_pallets drop constraint if exists FKre8sl05h2cj0mpxc2r8t7fvvx
2026-08-08T10:32:38.433+02:00 DEBUG 24216 --- [demo] [SpringApplicationShutdownHook] org.hibernate.SQL                        : alter table if exists order_pallets drop constraint if exists FKamr5jy658vv73d04vembos2bw
2026-08-08T10:32:38.435+02:00 DEBUG 24216 --- [demo] [SpringApplicationShutdownHook] org.hibernate.SQL                        : alter table if exists ordered_products drop constraint if exists FKi7isf670mbq331v0muqqry1cd
2026-08-08T10:32:38.437+02:00 DEBUG 24216 --- [demo] [SpringApplicationShutdownHook] org.hibernate.SQL                        : alter table if exists ordered_products drop constraint if exists FK4ximfyldt9wafxil44a95nbow
2026-08-08T10:32:38.438+02:00 DEBUG 24216 --- [demo] [SpringApplicationShutdownHook] org.hibernate.SQL                        : alter table if exists orders drop constraint if exists FKlwggw414a2ts5kuwn3w3xwey4
2026-08-08T10:32:38.439+02:00 DEBUG 24216 --- [demo] [SpringApplicationShutdownHook] org.hibernate.SQL                        : alter table if exists orders drop constraint if exists FK90a9kwkuq8tdssbn73patuj1o
2026-08-08T10:32:38.440+02:00 DEBUG 24216 --- [demo] [SpringApplicationShutdownHook] org.hibernate.SQL                        : alter table if exists orders drop constraint if exists FKsskkpl1vd8t45wcvx150udmvo
2026-08-08T10:32:38.441+02:00 DEBUG 24216 --- [demo] [SpringApplicationShutdownHook] org.hibernate.SQL                        : alter table if exists orders drop constraint if exists FKp7dc0isy2d4u0q76rrmwyyye9
2026-08-08T10:32:38.443+02:00 DEBUG 24216 --- [demo] [SpringApplicationShutdownHook] org.hibernate.SQL                        : alter table if exists organizations drop constraint if exists FKapumdmay8yodgwtrshtoukpm1
2026-08-08T10:32:38.445+02:00 DEBUG 24216 --- [demo] [SpringApplicationShutdownHook] org.hibernate.SQL                        : alter table if exists packages drop constraint if exists FKpbap7arai7981kim42hnmllvy
2026-08-08T10:32:38.447+02:00 DEBUG 24216 --- [demo] [SpringApplicationShutdownHook] org.hibernate.SQL                        : alter table if exists paper_cards drop constraint if exists FKd9updxxiind6n0qu03wobuvh6
2026-08-08T10:32:38.448+02:00 DEBUG 24216 --- [demo] [SpringApplicationShutdownHook] org.hibernate.SQL                        : alter table if exists picked_products drop constraint if exists FKd7dkbt15tcqu5a44qp1f8fpvw
2026-08-08T10:32:38.450+02:00 DEBUG 24216 --- [demo] [SpringApplicationShutdownHook] org.hibernate.SQL                        : alter table if exists picked_products drop constraint if exists FKl3toya91sky77ldb56ak25egp
2026-08-08T10:32:38.450+02:00 DEBUG 24216 --- [demo] [SpringApplicationShutdownHook] org.hibernate.SQL                        : alter table if exists product_pallets drop constraint if exists FKq0c540v7295mp0t33kl6sj0v3
2026-08-08T10:32:38.450+02:00 DEBUG 24216 --- [demo] [SpringApplicationShutdownHook] org.hibernate.SQL                        : alter table if exists product_pallets drop constraint if exists FKpnufn9ti4t3cus76xl9727jpl
2026-08-08T10:32:38.450+02:00 DEBUG 24216 --- [demo] [SpringApplicationShutdownHook] org.hibernate.SQL                        : alter table if exists product_pallets drop constraint if exists FKge9nts7ge6rddq124q7wm7geh
2026-08-08T10:32:38.450+02:00 DEBUG 24216 --- [demo] [SpringApplicationShutdownHook] org.hibernate.SQL                        : alter table if exists product_pallets drop constraint if exists FK437c8obhesvrd78rdmv09bmym
2026-08-08T10:32:38.450+02:00 DEBUG 24216 --- [demo] [SpringApplicationShutdownHook] org.hibernate.SQL                        : alter table if exists products drop constraint if exists FK9f4oe4i29p9ah82tlxxfx9qmw
2026-08-08T10:32:38.456+02:00 DEBUG 24216 --- [demo] [SpringApplicationShutdownHook] org.hibernate.SQL                        : alter table if exists return_products drop constraint if exists FK4ncg3gnnd9f9wcadd80whdc89
2026-08-08T10:32:38.457+02:00 DEBUG 24216 --- [demo] [SpringApplicationShutdownHook] org.hibernate.SQL                        : alter table if exists return_products drop constraint if exists FKv2qnmbp3kaqqe4wycem8mhti
2026-08-08T10:32:38.458+02:00 DEBUG 24216 --- [demo] [SpringApplicationShutdownHook] org.hibernate.SQL                        : alter table if exists tracks drop constraint if exists FKh4jx673abomox36uqp69qe0a6
2026-08-08T10:32:38.459+02:00 DEBUG 24216 --- [demo] [SpringApplicationShutdownHook] org.hibernate.SQL                        : alter table if exists users drop constraint if exists FK6p2ib82uai0pj9yk1iassppgq
2026-08-08T10:32:38.461+02:00 DEBUG 24216 --- [demo] [SpringApplicationShutdownHook] org.hibernate.SQL                        : alter table if exists work_stations drop constraint if exists FKsb494sowyhqf94e5oumi6b7a0
2026-08-08T10:32:38.462+02:00 DEBUG 24216 --- [demo] [SpringApplicationShutdownHook] org.hibernate.SQL                        : drop table if exists action_logs cascade
2026-08-08T10:32:38.465+02:00 DEBUG 24216 --- [demo] [SpringApplicationShutdownHook] org.hibernate.SQL                        : drop table if exists employees cascade
2026-08-08T10:32:38.468+02:00 DEBUG 24216 --- [demo] [SpringApplicationShutdownHook] org.hibernate.SQL                        : drop table if exists gates cascade
2026-08-08T10:32:38.468+02:00 DEBUG 24216 --- [demo] [SpringApplicationShutdownHook] org.hibernate.SQL                        : drop table if exists order_pallets cascade
2026-08-08T10:32:38.474+02:00 DEBUG 24216 --- [demo] [SpringApplicationShutdownHook] org.hibernate.SQL                        : drop table if exists ordered_products cascade
2026-08-08T10:32:38.476+02:00 DEBUG 24216 --- [demo] [SpringApplicationShutdownHook] org.hibernate.SQL                        : drop table if exists orders cascade
2026-08-08T10:32:38.479+02:00 DEBUG 24216 --- [demo] [SpringApplicationShutdownHook] org.hibernate.SQL                        : drop table if exists organization_types cascade
2026-08-08T10:32:38.481+02:00 DEBUG 24216 --- [demo] [SpringApplicationShutdownHook] org.hibernate.SQL                        : drop table if exists organizations cascade
2026-08-08T10:32:38.486+02:00 DEBUG 24216 --- [demo] [SpringApplicationShutdownHook] org.hibernate.SQL                        : drop table if exists packages cascade
2026-08-08T10:32:38.487+02:00 DEBUG 24216 --- [demo] [SpringApplicationShutdownHook] org.hibernate.SQL                        : drop table if exists pallets cascade
2026-08-08T10:32:38.515+02:00 DEBUG 24216 --- [demo] [SpringApplicationShutdownHook] org.hibernate.SQL                        : drop table if exists paper_cards cascade
2026-08-08T10:32:38.548+02:00 DEBUG 24216 --- [demo] [SpringApplicationShutdownHook] org.hibernate.SQL                        : drop table if exists picked_products cascade
2026-08-08T10:32:38.553+02:00 DEBUG 24216 --- [demo] [SpringApplicationShutdownHook] org.hibernate.SQL                        : drop table if exists positions cascade
2026-08-08T10:32:38.558+02:00 DEBUG 24216 --- [demo] [SpringApplicationShutdownHook] org.hibernate.SQL                        : drop table if exists product_pallets cascade
2026-08-08T10:32:38.561+02:00 DEBUG 24216 --- [demo] [SpringApplicationShutdownHook] org.hibernate.SQL                        : drop table if exists products cascade
2026-08-08T10:32:38.562+02:00 DEBUG 24216 --- [demo] [SpringApplicationShutdownHook] org.hibernate.SQL                        : drop table if exists return_products cascade
2026-08-08T10:32:38.564+02:00 DEBUG 24216 --- [demo] [SpringApplicationShutdownHook] org.hibernate.SQL                        : drop table if exists shifts cascade
2026-08-08T10:32:38.567+02:00 DEBUG 24216 --- [demo] [SpringApplicationShutdownHook] org.hibernate.SQL                        : drop table if exists statuses cascade
2026-08-08T10:32:38.579+02:00 DEBUG 24216 --- [demo] [SpringApplicationShutdownHook] org.hibernate.SQL                        : drop table if exists tracks cascade
2026-08-08T10:32:38.582+02:00 DEBUG 24216 --- [demo] [SpringApplicationShutdownHook] org.hibernate.SQL                        : drop table if exists users cascade
2026-08-08T10:32:38.585+02:00 DEBUG 24216 --- [demo] [SpringApplicationShutdownHook] org.hibernate.SQL                        : drop table if exists work_stations cascade
2026-08-08T10:32:38.587+02:00 DEBUG 24216 --- [demo] [SpringApplicationShutdownHook] org.hibernate.SQL                        : drop table if exists workshops cascade
2026-08-08T10:32:38.589+02:00 DEBUG 24216 --- [demo] [SpringApplicationShutdownHook] org.hibernate.SQL                        : drop sequence if exists action_logs_seq
2026-08-08T10:32:38.591+02:00 DEBUG 24216 --- [demo] [SpringApplicationShutdownHook] org.hibernate.SQL                        : drop sequence if exists employee_seq
2026-08-08T10:32:38.592+02:00 DEBUG 24216 --- [demo] [SpringApplicationShutdownHook] org.hibernate.SQL                        : drop sequence if exists gate_seq
2026-08-08T10:32:38.593+02:00 DEBUG 24216 --- [demo] [SpringApplicationShutdownHook] org.hibernate.SQL                        : drop sequence if exists order_pallets_seq
2026-08-08T10:32:38.595+02:00 DEBUG 24216 --- [demo] [SpringApplicationShutdownHook] org.hibernate.SQL                        : drop sequence if exists order_seq
2026-08-08T10:32:38.595+02:00 DEBUG 24216 --- [demo] [SpringApplicationShutdownHook] org.hibernate.SQL                        : drop sequence if exists ordered_products_seq
2026-08-08T10:32:38.595+02:00 DEBUG 24216 --- [demo] [SpringApplicationShutdownHook] org.hibernate.SQL                        : drop sequence if exists organization_seq
2026-08-08T10:32:38.595+02:00 DEBUG 24216 --- [demo] [SpringApplicationShutdownHook] org.hibernate.SQL                        : drop sequence if exists organization_type_seq
2026-08-08T10:32:38.600+02:00 DEBUG 24216 --- [demo] [SpringApplicationShutdownHook] org.hibernate.SQL                        : drop sequence if exists package_seq
2026-08-08T10:32:38.602+02:00 DEBUG 24216 --- [demo] [SpringApplicationShutdownHook] org.hibernate.SQL                        : drop sequence if exists pallet_seq
2026-08-08T10:32:38.602+02:00 DEBUG 24216 --- [demo] [SpringApplicationShutdownHook] org.hibernate.SQL                        : drop sequence if exists paper_cards_seq
2026-08-08T10:32:38.602+02:00 DEBUG 24216 --- [demo] [SpringApplicationShutdownHook] org.hibernate.SQL                        : drop sequence if exists picked_products_seq
2026-08-08T10:32:38.606+02:00 DEBUG 24216 --- [demo] [SpringApplicationShutdownHook] org.hibernate.SQL                        : drop sequence if exists position_seq
2026-08-08T10:32:38.607+02:00 DEBUG 24216 --- [demo] [SpringApplicationShutdownHook] org.hibernate.SQL                        : drop sequence if exists product_pallet_seq
2026-08-08T10:32:38.608+02:00 DEBUG 24216 --- [demo] [SpringApplicationShutdownHook] org.hibernate.SQL                        : drop sequence if exists products_seq
2026-08-08T10:32:38.609+02:00 DEBUG 24216 --- [demo] [SpringApplicationShutdownHook] org.hibernate.SQL                        : drop sequence if exists return_products_seq
2026-08-08T10:32:38.611+02:00 DEBUG 24216 --- [demo] [SpringApplicationShutdownHook] org.hibernate.SQL                        : drop sequence if exists shift_seq
2026-08-08T10:32:38.612+02:00 DEBUG 24216 --- [demo] [SpringApplicationShutdownHook] org.hibernate.SQL                        : drop sequence if exists status_seq
2026-08-08T10:32:38.614+02:00 DEBUG 24216 --- [demo] [SpringApplicationShutdownHook] org.hibernate.SQL                        : drop sequence if exists track_seq
2026-08-08T10:32:38.616+02:00 DEBUG 24216 --- [demo] [SpringApplicationShutdownHook] org.hibernate.SQL                        : drop sequence if exists user_seq
2026-08-08T10:32:38.618+02:00 DEBUG 24216 --- [demo] [SpringApplicationShutdownHook] org.hibernate.SQL                        : drop sequence if exists work_station_seq
2026-08-08T10:32:38.618+02:00 DEBUG 24216 --- [demo] [SpringApplicationShutdownHook] org.hibernate.SQL                        : drop sequence if exists workshop_seq
2026-08-08T10:32:38.618+02:00  INFO 24216 --- [demo] [SpringApplicationShutdownHook] com.zaxxer.hikari.HikariDataSource       : HikariPool-1 - Shutdown initiated...
2026-08-08T10:32:38.628+02:00  INFO 24216 --- [demo] [SpringApplicationShutdownHook] com.zaxxer.hikari.HikariDataSource       : HikariPool-1 - Shutdown completed.
2026-08-08T14:00:10.123+02:00  INFO 3732 --- [demo] [main] com.warehouse.demo.DemoApplication       : Starting DemoApplication using Java 21.0.12 with PID 3732 (C:\Users\v1rus\Development\Java\Warehouse\demo\target\classes started by v1rus in C:\Users\v1rus\Development\Java\Warehouse\demo)
2026-08-08T14:00:10.126+02:00  INFO 3732 --- [demo] [main] com.warehouse.demo.DemoApplication       : No active profile set, falling back to 1 default profile: "default"
2026-08-08T14:00:10.658+02:00  INFO 3732 --- [demo] [main] .s.d.r.c.RepositoryConfigurationDelegate : Bootstrapping Spring Data JPA repositories in DEFAULT mode.
2026-08-08T14:00:10.741+02:00  INFO 3732 --- [demo] [main] .s.d.r.c.RepositoryConfigurationDelegate : Finished Spring Data repository scanning in 75 ms. Found 22 JPA repository interfaces.
2026-08-08T14:00:11.191+02:00  INFO 3732 --- [demo] [main] o.s.boot.tomcat.TomcatWebServer          : Tomcat initialized with port 8080 (http)
2026-08-08T14:00:11.209+02:00  INFO 3732 --- [demo] [main] o.apache.catalina.core.StandardService   : Starting service [Tomcat]
2026-08-08T14:00:11.209+02:00  INFO 3732 --- [demo] [main] o.apache.catalina.core.StandardEngine    : Starting Servlet engine: [Apache Tomcat/11.0.22]
2026-08-08T14:00:11.240+02:00  INFO 3732 --- [demo] [main] b.w.c.s.WebApplicationContextInitializer : Root WebApplicationContext: initialization completed in 1083 ms
2026-08-08T14:00:11.453+02:00  INFO 3732 --- [demo] [main] org.hibernate.orm.jpa                    : HHH008540: Processing PersistenceUnitInfo [name: default]
2026-08-08T14:00:11.505+02:00  INFO 3732 --- [demo] [main] org.hibernate.orm.core                   : HHH000001: Hibernate ORM core version 7.4.1.Final
2026-08-08T14:00:11.811+02:00  INFO 3732 --- [demo] [main] o.s.o.j.p.SpringPersistenceUnitInfo      : No LoadTimeWeaver setup: ignoring JPA class transformer
2026-08-08T14:00:11.838+02:00  INFO 3732 --- [demo] [main] com.zaxxer.hikari.HikariDataSource       : HikariPool-1 - Starting...
2026-08-08T14:00:11.953+02:00  INFO 3732 --- [demo] [main] com.zaxxer.hikari.pool.HikariPool        : HikariPool-1 - Added connection org.postgresql.jdbc.PgConnection@45f95ac0
2026-08-08T14:00:11.953+02:00  INFO 3732 --- [demo] [main] com.zaxxer.hikari.HikariDataSource       : HikariPool-1 - Start completed.
2026-08-08T14:00:12.022+02:00  INFO 3732 --- [demo] [main] org.hibernate.orm.connections.pooling    : HHH10001005: Database info:
	Database JDBC URL [jdbc:postgresql://localhost:5432/warehouse_db]
	Database driver: PostgreSQL JDBC Driver
	Database dialect: PostgreSQLDialect
	Database version: 18.4
	Default catalog/schema: warehouse_db/public
	Autocommit mode: undefined/unknown
	Isolation level: READ_COMMITTED [default READ_COMMITTED]
	JDBC fetch size: none
	Pool: DataSourceConnectionProvider
	Minimum pool size: undefined/unknown
	Maximum pool size: undefined/unknown
2026-08-08T14:00:12.887+02:00  INFO 3732 --- [demo] [main] org.hibernate.orm.core                   : HHH000489: No JTA platform available (set 'hibernate.transaction.jta.platform' to enable JTA platform integration)
2026-08-08T14:00:12.907+02:00 DEBUG 3732 --- [demo] [main] org.hibernate.SQL                        : set client_min_messages = WARNING
2026-08-08T14:00:12.908+02:00 DEBUG 3732 --- [demo] [main] org.hibernate.SQL                        : alter table if exists action_logs drop constraint if exists FKabx32d38kv3htb0sytu0grnft
2026-08-08T14:00:12.908+02:00 DEBUG 3732 --- [demo] [main] org.hibernate.SQL                        : alter table if exists employees drop constraint if exists FKh62l7gpgesex8wjd6himtb3e1
2026-08-08T14:00:12.909+02:00 DEBUG 3732 --- [demo] [main] org.hibernate.SQL                        : alter table if exists employees drop constraint if exists FKngcpgx7fx5kednw3m7u0u8of3
2026-08-08T14:00:12.909+02:00 DEBUG 3732 --- [demo] [main] org.hibernate.SQL                        : alter table if exists employees drop constraint if exists FKerjbet32797doputgk79dc4ga
2026-08-08T14:00:12.909+02:00 DEBUG 3732 --- [demo] [main] org.hibernate.SQL                        : alter table if exists order_pallets drop constraint if exists FKpqdqlwod8tktiphtoc7oer7rt
2026-08-08T14:00:12.911+02:00 DEBUG 3732 --- [demo] [main] org.hibernate.SQL                        : alter table if exists order_pallets drop constraint if exists FKre8sl05h2cj0mpxc2r8t7fvvx
2026-08-08T14:00:12.911+02:00 DEBUG 3732 --- [demo] [main] org.hibernate.SQL                        : alter table if exists order_pallets drop constraint if exists FKamr5jy658vv73d04vembos2bw
2026-08-08T14:00:12.911+02:00 DEBUG 3732 --- [demo] [main] org.hibernate.SQL                        : alter table if exists ordered_products drop constraint if exists FKi7isf670mbq331v0muqqry1cd
2026-08-08T14:00:12.911+02:00 DEBUG 3732 --- [demo] [main] org.hibernate.SQL                        : alter table if exists ordered_products drop constraint if exists FK4ximfyldt9wafxil44a95nbow
2026-08-08T14:00:12.911+02:00 DEBUG 3732 --- [demo] [main] org.hibernate.SQL                        : alter table if exists orders drop constraint if exists FKlwggw414a2ts5kuwn3w3xwey4
2026-08-08T14:00:12.912+02:00 DEBUG 3732 --- [demo] [main] org.hibernate.SQL                        : alter table if exists orders drop constraint if exists FK90a9kwkuq8tdssbn73patuj1o
2026-08-08T14:00:12.912+02:00 DEBUG 3732 --- [demo] [main] org.hibernate.SQL                        : alter table if exists orders drop constraint if exists FKsskkpl1vd8t45wcvx150udmvo
2026-08-08T14:00:12.912+02:00 DEBUG 3732 --- [demo] [main] org.hibernate.SQL                        : alter table if exists orders drop constraint if exists FKp7dc0isy2d4u0q76rrmwyyye9
2026-08-08T14:00:12.912+02:00 DEBUG 3732 --- [demo] [main] org.hibernate.SQL                        : alter table if exists organizations drop constraint if exists FKapumdmay8yodgwtrshtoukpm1
2026-08-08T14:00:12.913+02:00 DEBUG 3732 --- [demo] [main] org.hibernate.SQL                        : alter table if exists packages drop constraint if exists FKpbap7arai7981kim42hnmllvy
2026-08-08T14:00:12.913+02:00 DEBUG 3732 --- [demo] [main] org.hibernate.SQL                        : alter table if exists paper_cards drop constraint if exists FKd9updxxiind6n0qu03wobuvh6
2026-08-08T14:00:12.914+02:00 DEBUG 3732 --- [demo] [main] org.hibernate.SQL                        : alter table if exists picked_products drop constraint if exists FKd7dkbt15tcqu5a44qp1f8fpvw
2026-08-08T14:00:12.914+02:00 DEBUG 3732 --- [demo] [main] org.hibernate.SQL                        : alter table if exists picked_products drop constraint if exists FKl3toya91sky77ldb56ak25egp
2026-08-08T14:00:12.914+02:00 DEBUG 3732 --- [demo] [main] org.hibernate.SQL                        : alter table if exists product_pallets drop constraint if exists FKq0c540v7295mp0t33kl6sj0v3
2026-08-08T14:00:12.914+02:00 DEBUG 3732 --- [demo] [main] org.hibernate.SQL                        : alter table if exists product_pallets drop constraint if exists FKpnufn9ti4t3cus76xl9727jpl
2026-08-08T14:00:12.914+02:00 DEBUG 3732 --- [demo] [main] org.hibernate.SQL                        : alter table if exists product_pallets drop constraint if exists FKge9nts7ge6rddq124q7wm7geh
2026-08-08T14:00:12.915+02:00 DEBUG 3732 --- [demo] [main] org.hibernate.SQL                        : alter table if exists product_pallets drop constraint if exists FK437c8obhesvrd78rdmv09bmym
2026-08-08T14:00:12.915+02:00 DEBUG 3732 --- [demo] [main] org.hibernate.SQL                        : alter table if exists products drop constraint if exists FK9f4oe4i29p9ah82tlxxfx9qmw
2026-08-08T14:00:12.915+02:00 DEBUG 3732 --- [demo] [main] org.hibernate.SQL                        : alter table if exists return_products drop constraint if exists FK4ncg3gnnd9f9wcadd80whdc89
2026-08-08T14:00:12.916+02:00 DEBUG 3732 --- [demo] [main] org.hibernate.SQL                        : alter table if exists return_products drop constraint if exists FKv2qnmbp3kaqqe4wycem8mhti
2026-08-08T14:00:12.916+02:00 DEBUG 3732 --- [demo] [main] org.hibernate.SQL                        : alter table if exists tracks drop constraint if exists FKh4jx673abomox36uqp69qe0a6
2026-08-08T14:00:12.916+02:00 DEBUG 3732 --- [demo] [main] org.hibernate.SQL                        : alter table if exists users drop constraint if exists FK6p2ib82uai0pj9yk1iassppgq
2026-08-08T14:00:12.917+02:00 DEBUG 3732 --- [demo] [main] org.hibernate.SQL                        : alter table if exists work_stations drop constraint if exists FKsb494sowyhqf94e5oumi6b7a0
2026-08-08T14:00:12.917+02:00 DEBUG 3732 --- [demo] [main] org.hibernate.SQL                        : drop table if exists action_logs cascade
2026-08-08T14:00:12.917+02:00 DEBUG 3732 --- [demo] [main] org.hibernate.SQL                        : drop table if exists employees cascade
2026-08-08T14:00:12.917+02:00 DEBUG 3732 --- [demo] [main] org.hibernate.SQL                        : drop table if exists gates cascade
2026-08-08T14:00:12.917+02:00 DEBUG 3732 --- [demo] [main] org.hibernate.SQL                        : drop table if exists order_pallets cascade
2026-08-08T14:00:12.917+02:00 DEBUG 3732 --- [demo] [main] org.hibernate.SQL                        : drop table if exists ordered_products cascade
2026-08-08T14:00:12.917+02:00 DEBUG 3732 --- [demo] [main] org.hibernate.SQL                        : drop table if exists orders cascade
2026-08-08T14:00:12.917+02:00 DEBUG 3732 --- [demo] [main] org.hibernate.SQL                        : drop table if exists organization_types cascade
2026-08-08T14:00:12.917+02:00 DEBUG 3732 --- [demo] [main] org.hibernate.SQL                        : drop table if exists organizations cascade
2026-08-08T14:00:12.917+02:00 DEBUG 3732 --- [demo] [main] org.hibernate.SQL                        : drop table if exists packages cascade
2026-08-08T14:00:12.920+02:00 DEBUG 3732 --- [demo] [main] org.hibernate.SQL                        : drop table if exists pallets cascade
2026-08-08T14:00:12.920+02:00 DEBUG 3732 --- [demo] [main] org.hibernate.SQL                        : drop table if exists paper_cards cascade
2026-08-08T14:00:12.920+02:00 DEBUG 3732 --- [demo] [main] org.hibernate.SQL                        : drop table if exists picked_products cascade
2026-08-08T14:00:12.920+02:00 DEBUG 3732 --- [demo] [main] org.hibernate.SQL                        : drop table if exists positions cascade
2026-08-08T14:00:12.921+02:00 DEBUG 3732 --- [demo] [main] org.hibernate.SQL                        : drop table if exists product_pallets cascade
2026-08-08T14:00:12.921+02:00 DEBUG 3732 --- [demo] [main] org.hibernate.SQL                        : drop table if exists products cascade
2026-08-08T14:00:12.921+02:00 DEBUG 3732 --- [demo] [main] org.hibernate.SQL                        : drop table if exists return_products cascade
2026-08-08T14:00:12.922+02:00 DEBUG 3732 --- [demo] [main] org.hibernate.SQL                        : drop table if exists shifts cascade
2026-08-08T14:00:12.922+02:00 DEBUG 3732 --- [demo] [main] org.hibernate.SQL                        : drop table if exists statuses cascade
2026-08-08T14:00:12.922+02:00 DEBUG 3732 --- [demo] [main] org.hibernate.SQL                        : drop table if exists tracks cascade
2026-08-08T14:00:12.923+02:00 DEBUG 3732 --- [demo] [main] org.hibernate.SQL                        : drop table if exists users cascade
2026-08-08T14:00:12.923+02:00 DEBUG 3732 --- [demo] [main] org.hibernate.SQL                        : drop table if exists work_stations cascade
2026-08-08T14:00:12.923+02:00 DEBUG 3732 --- [demo] [main] org.hibernate.SQL                        : drop table if exists workshops cascade
2026-08-08T14:00:12.924+02:00 DEBUG 3732 --- [demo] [main] org.hibernate.SQL                        : drop sequence if exists action_logs_seq
2026-08-08T14:00:12.924+02:00 DEBUG 3732 --- [demo] [main] org.hibernate.SQL                        : drop sequence if exists employee_seq
2026-08-08T14:00:12.924+02:00 DEBUG 3732 --- [demo] [main] org.hibernate.SQL                        : drop sequence if exists gate_seq
2026-08-08T14:00:12.924+02:00 DEBUG 3732 --- [demo] [main] org.hibernate.SQL                        : drop sequence if exists order_pallets_seq
2026-08-08T14:00:12.924+02:00 DEBUG 3732 --- [demo] [main] org.hibernate.SQL                        : drop sequence if exists order_seq
2026-08-08T14:00:12.926+02:00 DEBUG 3732 --- [demo] [main] org.hibernate.SQL                        : drop sequence if exists ordered_products_seq
2026-08-08T14:00:12.926+02:00 DEBUG 3732 --- [demo] [main] org.hibernate.SQL                        : drop sequence if exists organization_seq
2026-08-08T14:00:12.926+02:00 DEBUG 3732 --- [demo] [main] org.hibernate.SQL                        : drop sequence if exists organization_type_seq
2026-08-08T14:00:12.926+02:00 DEBUG 3732 --- [demo] [main] org.hibernate.SQL                        : drop sequence if exists package_seq
2026-08-08T14:00:12.926+02:00 DEBUG 3732 --- [demo] [main] org.hibernate.SQL                        : drop sequence if exists pallet_seq
2026-08-08T14:00:12.927+02:00 DEBUG 3732 --- [demo] [main] org.hibernate.SQL                        : drop sequence if exists paper_cards_seq
2026-08-08T14:00:12.927+02:00 DEBUG 3732 --- [demo] [main] org.hibernate.SQL                        : drop sequence if exists picked_products_seq
2026-08-08T14:00:12.927+02:00 DEBUG 3732 --- [demo] [main] org.hibernate.SQL                        : drop sequence if exists position_seq
2026-08-08T14:00:12.928+02:00 DEBUG 3732 --- [demo] [main] org.hibernate.SQL                        : drop sequence if exists product_pallet_seq
2026-08-08T14:00:12.928+02:00 DEBUG 3732 --- [demo] [main] org.hibernate.SQL                        : drop sequence if exists products_seq
2026-08-08T14:00:12.928+02:00 DEBUG 3732 --- [demo] [main] org.hibernate.SQL                        : drop sequence if exists return_products_seq
2026-08-08T14:00:12.928+02:00 DEBUG 3732 --- [demo] [main] org.hibernate.SQL                        : drop sequence if exists shift_seq
2026-08-08T14:00:12.929+02:00 DEBUG 3732 --- [demo] [main] org.hibernate.SQL                        : drop sequence if exists status_seq
2026-08-08T14:00:12.929+02:00 DEBUG 3732 --- [demo] [main] org.hibernate.SQL                        : drop sequence if exists track_seq
2026-08-08T14:00:12.929+02:00 DEBUG 3732 --- [demo] [main] org.hibernate.SQL                        : drop sequence if exists user_seq
2026-08-08T14:00:12.930+02:00 DEBUG 3732 --- [demo] [main] org.hibernate.SQL                        : drop sequence if exists work_station_seq
2026-08-08T14:00:12.930+02:00 DEBUG 3732 --- [demo] [main] org.hibernate.SQL                        : drop sequence if exists workshop_seq
2026-08-08T14:00:12.931+02:00 DEBUG 3732 --- [demo] [main] org.hibernate.SQL                        : create sequence action_logs_seq start with 1 increment by 50
2026-08-08T14:00:12.955+02:00 DEBUG 3732 --- [demo] [main] org.hibernate.SQL                        : create sequence employee_seq start with 1 increment by 50
2026-08-08T14:00:12.955+02:00 DEBUG 3732 --- [demo] [main] org.hibernate.SQL                        : create sequence gate_seq start with 1 increment by 1
2026-08-08T14:00:12.955+02:00 DEBUG 3732 --- [demo] [main] org.hibernate.SQL                        : create sequence order_pallets_seq start with 1 increment by 50
2026-08-08T14:00:12.959+02:00 DEBUG 3732 --- [demo] [main] org.hibernate.SQL                        : create sequence order_seq start with 1 increment by 50
2026-08-08T14:00:12.959+02:00 DEBUG 3732 --- [demo] [main] org.hibernate.SQL                        : create sequence ordered_products_seq start with 1 increment by 50
2026-08-08T14:00:12.962+02:00 DEBUG 3732 --- [demo] [main] org.hibernate.SQL                        : create sequence organization_seq start with 1 increment by 50
2026-08-08T14:00:12.963+02:00 DEBUG 3732 --- [demo] [main] org.hibernate.SQL                        : create sequence organization_type_seq start with 1 increment by 1
2026-08-08T14:00:12.963+02:00 DEBUG 3732 --- [demo] [main] org.hibernate.SQL                        : create sequence package_seq start with 1 increment by 50
2026-08-08T14:00:12.965+02:00 DEBUG 3732 --- [demo] [main] org.hibernate.SQL                        : create sequence pallet_seq start with 1 increment by 1
2026-08-08T14:00:12.965+02:00 DEBUG 3732 --- [demo] [main] org.hibernate.SQL                        : create sequence paper_cards_seq start with 1 increment by 50
2026-08-08T14:00:12.966+02:00 DEBUG 3732 --- [demo] [main] org.hibernate.SQL                        : create sequence picked_products_seq start with 1 increment by 50
2026-08-08T14:00:12.966+02:00 DEBUG 3732 --- [demo] [main] org.hibernate.SQL                        : create sequence position_seq start with 1 increment by 1
2026-08-08T14:00:12.966+02:00 DEBUG 3732 --- [demo] [main] org.hibernate.SQL                        : create sequence product_pallet_seq start with 1 increment by 50
2026-08-08T14:00:12.969+02:00 DEBUG 3732 --- [demo] [main] org.hibernate.SQL                        : create sequence products_seq start with 1 increment by 50
2026-08-08T14:00:12.971+02:00 DEBUG 3732 --- [demo] [main] org.hibernate.SQL                        : create sequence return_products_seq start with 1 increment by 50
2026-08-08T14:00:12.971+02:00 DEBUG 3732 --- [demo] [main] org.hibernate.SQL                        : create sequence shift_seq start with 1 increment by 1
2026-08-08T14:00:12.973+02:00 DEBUG 3732 --- [demo] [main] org.hibernate.SQL                        : create sequence status_seq start with 1 increment by 1
2026-08-08T14:00:12.975+02:00 DEBUG 3732 --- [demo] [main] org.hibernate.SQL                        : create sequence track_seq start with 1 increment by 1
2026-08-08T14:00:12.976+02:00 DEBUG 3732 --- [demo] [main] org.hibernate.SQL                        : create sequence user_seq start with 1 increment by 1
2026-08-08T14:00:12.977+02:00 DEBUG 3732 --- [demo] [main] org.hibernate.SQL                        : create sequence work_station_seq start with 1 increment by 1
2026-08-08T14:00:12.977+02:00 DEBUG 3732 --- [demo] [main] org.hibernate.SQL                        : create sequence workshop_seq start with 1 increment by 1
2026-08-08T14:00:12.979+02:00 DEBUG 3732 --- [demo] [main] org.hibernate.SQL                        : create table action_logs (employee_id bigint, entity_id bigint not null, id bigint not null, proceeded_at timestamp(6), action varchar(255), entity_type varchar(255), primary key (id))
2026-08-08T14:00:12.985+02:00 DEBUG 3732 --- [demo] [main] org.hibernate.SQL                        : create table employees (birth_date date, id bigint not null, organization_id bigint, position_id bigint, shift_id bigint, document_id varchar(255), employee_number varchar(255) unique, first_name varchar(255), last_name varchar(255), phone_number varchar(255), residence_address varchar(255), primary key (id))
2026-08-08T14:00:12.988+02:00 DEBUG 3732 --- [demo] [main] org.hibernate.SQL                        : create table gates (id bigint not null, symbol varchar(255), primary key (id))
2026-08-08T14:00:12.992+02:00 DEBUG 3732 --- [demo] [main] org.hibernate.SQL                        : create table order_pallets (id bigint not null, order_id bigint, pallet_id bigint, status_id bigint, primary key (id))
2026-08-08T14:00:12.993+02:00 DEBUG 3732 --- [demo] [main] org.hibernate.SQL                        : create table ordered_products (ordered_volume numeric(38,2), id bigint not null, order_id bigint, package_id bigint, primary key (id))
2026-08-08T14:00:12.995+02:00 DEBUG 3732 --- [demo] [main] org.hibernate.SQL                        : create table orders (gate_id bigint, id bigint not null, shift_id bigint, status_id bigint, store_id bigint, note varchar(255), primary key (id))
2026-08-08T14:00:12.996+02:00 DEBUG 3732 --- [demo] [main] org.hibernate.SQL                        : create table organization_types (id bigint not null, name varchar(255) unique, primary key (id))
2026-08-08T14:00:13.000+02:00 DEBUG 3732 --- [demo] [main] org.hibernate.SQL                        : create table organizations (id bigint not null, organization_type_id bigint, address varchar(255), email varchar(255), name varchar(255), organization_number varchar(255) unique, phone varchar(255), url varchar(255), primary key (id))
2026-08-08T14:00:13.003+02:00 DEBUG 3732 --- [demo] [main] org.hibernate.SQL                        : create table packages (products_amount integer not null, volume numeric(38,2), weight numeric(38,2), id bigint not null, product_id bigint, primary key (id))
2026-08-08T14:00:13.006+02:00 DEBUG 3732 --- [demo] [main] org.hibernate.SQL                        : create table pallets (height numeric(38,2), length numeric(38,2), weight numeric(38,2), width numeric(38,2), id bigint not null, color varchar(255), name varchar(255), primary key (id))
2026-08-08T14:00:13.010+02:00 DEBUG 3732 --- [demo] [main] org.hibernate.SQL                        : create table paper_cards (id bigint not null, order_id bigint, code varchar(255), primary key (id))
2026-08-08T14:00:13.011+02:00 DEBUG 3732 --- [demo] [main] org.hibernate.SQL                        : create table picked_products (picked_volume numeric(38,2), id bigint not null, order_pallet_id bigint, product_package_id bigint, primary key (id))
2026-08-08T14:00:13.013+02:00 DEBUG 3732 --- [demo] [main] org.hibernate.SQL                        : create table positions (id bigint not null, code_name varchar(255) unique, name varchar(255) unique, primary key (id))
2026-08-08T14:00:13.017+02:00 DEBUG 3732 --- [demo] [main] org.hibernate.SQL                        : create table product_pallets (package_amount integer not null, id bigint not null, pallet_id bigint, product_package_id bigint, status_id bigint, work_station_id bigint, id_number varchar(255), primary key (id))
2026-08-08T14:00:13.020+02:00 DEBUG 3732 --- [demo] [main] org.hibernate.SQL                        : create table products (cost numeric(38,2), id bigint not null, producer_id bigint, barcode_number varchar(255), name varchar(255), primary key (id))
2026-08-08T14:00:13.025+02:00 DEBUG 3732 --- [demo] [main] org.hibernate.SQL                        : create table return_products (products_amount integer not null, id bigint not null, order_id bigint, product_id bigint, primary key (id))
2026-08-08T14:00:13.027+02:00 DEBUG 3732 --- [demo] [main] org.hibernate.SQL                        : create table shifts (id bigint not null, symbol varchar(255), primary key (id))
2026-08-08T14:00:13.029+02:00 DEBUG 3732 --- [demo] [main] org.hibernate.SQL                        : create table statuses (id bigint not null, name varchar(255), primary key (id))
2026-08-08T14:00:13.030+02:00 DEBUG 3732 --- [demo] [main] org.hibernate.SQL                        : create table tracks (length numeric(38,2), width numeric(38,2), gate_id bigint, id bigint not null, symbol varchar(255), primary key (id))
2026-08-08T14:00:13.033+02:00 DEBUG 3732 --- [demo] [main] org.hibernate.SQL                        : create table users (enabled boolean not null, employee_id bigint unique, id bigint not null, password varchar(255), primary key (id))
2026-08-08T14:00:13.034+02:00 DEBUG 3732 --- [demo] [main] org.hibernate.SQL                        : create table work_stations (id bigint not null, workshop_id bigint, control_number varchar(255), station_number varchar(255), type varchar(255), primary key (id))
2026-08-08T14:00:13.037+02:00 DEBUG 3732 --- [demo] [main] org.hibernate.SQL                        : create table workshops (standard numeric(38,2), id bigint not null, name varchar(255), primary key (id))
2026-08-08T14:00:13.040+02:00 DEBUG 3732 --- [demo] [main] org.hibernate.SQL                        : alter table if exists action_logs add constraint FKabx32d38kv3htb0sytu0grnft foreign key (employee_id) references employees
2026-08-08T14:00:13.043+02:00 DEBUG 3732 --- [demo] [main] org.hibernate.SQL                        : alter table if exists employees add constraint FKh62l7gpgesex8wjd6himtb3e1 foreign key (organization_id) references organizations
2026-08-08T14:00:13.045+02:00 DEBUG 3732 --- [demo] [main] org.hibernate.SQL                        : alter table if exists employees add constraint FKngcpgx7fx5kednw3m7u0u8of3 foreign key (position_id) references positions
2026-08-08T14:00:13.046+02:00 DEBUG 3732 --- [demo] [main] org.hibernate.SQL                        : alter table if exists employees add constraint FKerjbet32797doputgk79dc4ga foreign key (shift_id) references shifts
2026-08-08T14:00:13.047+02:00 DEBUG 3732 --- [demo] [main] org.hibernate.SQL                        : alter table if exists order_pallets add constraint FKpqdqlwod8tktiphtoc7oer7rt foreign key (order_id) references orders
2026-08-08T14:00:13.047+02:00 DEBUG 3732 --- [demo] [main] org.hibernate.SQL                        : alter table if exists order_pallets add constraint FKre8sl05h2cj0mpxc2r8t7fvvx foreign key (pallet_id) references pallets
2026-08-08T14:00:13.049+02:00 DEBUG 3732 --- [demo] [main] org.hibernate.SQL                        : alter table if exists order_pallets add constraint FKamr5jy658vv73d04vembos2bw foreign key (status_id) references statuses
2026-08-08T14:00:13.050+02:00 DEBUG 3732 --- [demo] [main] org.hibernate.SQL                        : alter table if exists ordered_products add constraint FKi7isf670mbq331v0muqqry1cd foreign key (order_id) references orders
2026-08-08T14:00:13.052+02:00 DEBUG 3732 --- [demo] [main] org.hibernate.SQL                        : alter table if exists ordered_products add constraint FK4ximfyldt9wafxil44a95nbow foreign key (package_id) references packages
2026-08-08T14:00:13.053+02:00 DEBUG 3732 --- [demo] [main] org.hibernate.SQL                        : alter table if exists orders add constraint FKlwggw414a2ts5kuwn3w3xwey4 foreign key (gate_id) references gates
2026-08-08T14:00:13.054+02:00 DEBUG 3732 --- [demo] [main] org.hibernate.SQL                        : alter table if exists orders add constraint FK90a9kwkuq8tdssbn73patuj1o foreign key (shift_id) references shifts
2026-08-08T14:00:13.055+02:00 DEBUG 3732 --- [demo] [main] org.hibernate.SQL                        : alter table if exists orders add constraint FKsskkpl1vd8t45wcvx150udmvo foreign key (status_id) references statuses
2026-08-08T14:00:13.055+02:00 DEBUG 3732 --- [demo] [main] org.hibernate.SQL                        : alter table if exists orders add constraint FKp7dc0isy2d4u0q76rrmwyyye9 foreign key (store_id) references organizations
2026-08-08T14:00:13.056+02:00 DEBUG 3732 --- [demo] [main] org.hibernate.SQL                        : alter table if exists organizations add constraint FKapumdmay8yodgwtrshtoukpm1 foreign key (organization_type_id) references organization_types
2026-08-08T14:00:13.058+02:00 DEBUG 3732 --- [demo] [main] org.hibernate.SQL                        : alter table if exists packages add constraint FKpbap7arai7981kim42hnmllvy foreign key (product_id) references products
2026-08-08T14:00:13.059+02:00 DEBUG 3732 --- [demo] [main] org.hibernate.SQL                        : alter table if exists paper_cards add constraint FKd9updxxiind6n0qu03wobuvh6 foreign key (order_id) references orders
2026-08-08T14:00:13.059+02:00 DEBUG 3732 --- [demo] [main] org.hibernate.SQL                        : alter table if exists picked_products add constraint FKd7dkbt15tcqu5a44qp1f8fpvw foreign key (order_pallet_id) references order_pallets
2026-08-08T14:00:13.060+02:00 DEBUG 3732 --- [demo] [main] org.hibernate.SQL                        : alter table if exists picked_products add constraint FKl3toya91sky77ldb56ak25egp foreign key (product_package_id) references packages
2026-08-08T14:00:13.061+02:00 DEBUG 3732 --- [demo] [main] org.hibernate.SQL                        : alter table if exists product_pallets add constraint FKq0c540v7295mp0t33kl6sj0v3 foreign key (pallet_id) references pallets
2026-08-08T14:00:13.063+02:00 DEBUG 3732 --- [demo] [main] org.hibernate.SQL                        : alter table if exists product_pallets add constraint FKpnufn9ti4t3cus76xl9727jpl foreign key (product_package_id) references packages
2026-08-08T14:00:13.063+02:00 DEBUG 3732 --- [demo] [main] org.hibernate.SQL                        : alter table if exists product_pallets add constraint FKge9nts7ge6rddq124q7wm7geh foreign key (status_id) references statuses
2026-08-08T14:00:13.065+02:00 DEBUG 3732 --- [demo] [main] org.hibernate.SQL                        : alter table if exists product_pallets add constraint FK437c8obhesvrd78rdmv09bmym foreign key (work_station_id) references work_stations
2026-08-08T14:00:13.065+02:00 DEBUG 3732 --- [demo] [main] org.hibernate.SQL                        : alter table if exists products add constraint FK9f4oe4i29p9ah82tlxxfx9qmw foreign key (producer_id) references organizations
2026-08-08T14:00:13.066+02:00 DEBUG 3732 --- [demo] [main] org.hibernate.SQL                        : alter table if exists return_products add constraint FK4ncg3gnnd9f9wcadd80whdc89 foreign key (order_id) references orders
2026-08-08T14:00:13.068+02:00 DEBUG 3732 --- [demo] [main] org.hibernate.SQL                        : alter table if exists return_products add constraint FKv2qnmbp3kaqqe4wycem8mhti foreign key (product_id) references products
2026-08-08T14:00:13.068+02:00 DEBUG 3732 --- [demo] [main] org.hibernate.SQL                        : alter table if exists tracks add constraint FKh4jx673abomox36uqp69qe0a6 foreign key (gate_id) references gates
2026-08-08T14:00:13.069+02:00 DEBUG 3732 --- [demo] [main] org.hibernate.SQL                        : alter table if exists users add constraint FK6p2ib82uai0pj9yk1iassppgq foreign key (employee_id) references employees
2026-08-08T14:00:13.070+02:00 DEBUG 3732 --- [demo] [main] org.hibernate.SQL                        : alter table if exists work_stations add constraint FKsb494sowyhqf94e5oumi6b7a0 foreign key (workshop_id) references workshops
2026-08-08T14:00:13.073+02:00  INFO 3732 --- [demo] [main] j.LocalContainerEntityManagerFactoryBean : Initialized JPA EntityManagerFactory for persistence unit 'default'
2026-08-08T14:00:13.144+02:00  INFO 3732 --- [demo] [main] o.s.d.j.r.query.QueryEnhancerFactories   : Hibernate is in classpath; If applicable, HQL parser will be used.
2026-08-08T14:00:13.819+02:00  WARN 3732 --- [demo] [main] JpaBaseConfiguration$JpaWebConfiguration : spring.jpa.open-in-view is enabled by default. Therefore, database queries may be performed during view rendering. Explicitly configure spring.jpa.open-in-view to disable this warning
2026-08-08T14:00:13.911+02:00  INFO 3732 --- [demo] [main] r$InitializeUserDetailsManagerConfigurer : Global AuthenticationManager configured with UserDetailsService bean with name userDetailsServiceImpl
2026-08-08T14:00:14.551+02:00  INFO 3732 --- [demo] [main] o.s.b.a.e.web.EndpointLinksResolver      : Exposing 1 endpoint beneath base path '/actuator'
2026-08-08T14:00:14.631+02:00  INFO 3732 --- [demo] [main] o.s.boot.tomcat.TomcatWebServer          : Tomcat started on port 8080 (http) with context path '/'
2026-08-08T14:00:14.639+02:00  INFO 3732 --- [demo] [main] com.warehouse.demo.DemoApplication       : Started DemoApplication in 4.867 seconds (process running for 5.16)
2026-08-08T14:00:27.688+02:00  INFO 3732 --- [demo] [http-nio-8080-exec-2] o.a.c.c.C.[Tomcat].[localhost].[/]       : Initializing Spring DispatcherServlet 'dispatcherServlet'
2026-08-08T14:00:27.688+02:00  INFO 3732 --- [demo] [http-nio-8080-exec-2] o.s.web.servlet.DispatcherServlet        : Initializing Servlet 'dispatcherServlet'
2026-08-08T14:00:27.688+02:00  INFO 3732 --- [demo] [http-nio-8080-exec-2] o.s.web.servlet.DispatcherServlet        : Completed initialization in 0 ms
2026-08-08T14:00:27.871+02:00 DEBUG 3732 --- [demo] [http-nio-8080-exec-2] org.hibernate.SQL                        : select u1_0.id,e1_0.id,e1_0.birth_date,e1_0.document_id,e1_0.employee_number,e1_0.first_name,e1_0.last_name,e1_0.organization_id,e1_0.phone_number,p1_0.id,p1_0.code_name,p1_0.name,e1_0.residence_address,e1_0.shift_id,u1_0.enabled,u1_0.password from users u1_0 left join employees e1_0 on e1_0.id=u1_0.employee_id left join positions p1_0 on p1_0.id=e1_0.position_id where e1_0.employee_number=?
2026-08-08T14:00:27.876+02:00 TRACE 3732 --- [demo] [http-nio-8080-exec-2] org.hibernate.orm.jdbc.bind              : binding parameter (1:VARCHAR) <- [01000001]
2026-08-08T14:00:42.969+02:00 DEBUG 3732 --- [demo] [http-nio-8080-exec-3] org.hibernate.SQL                        : select u1_0.id,e1_0.id,e1_0.birth_date,e1_0.document_id,e1_0.employee_number,e1_0.first_name,e1_0.last_name,e1_0.organization_id,e1_0.phone_number,p1_0.id,p1_0.code_name,p1_0.name,e1_0.residence_address,e1_0.shift_id,u1_0.enabled,u1_0.password from users u1_0 left join employees e1_0 on e1_0.id=u1_0.employee_id left join positions p1_0 on p1_0.id=e1_0.position_id where e1_0.employee_number=?
2026-08-08T14:00:42.969+02:00 TRACE 3732 --- [demo] [http-nio-8080-exec-3] org.hibernate.orm.jdbc.bind              : binding parameter (1:VARCHAR) <- [02000001]
2026-08-08T14:00:43.130+02:00 DEBUG 3732 --- [demo] [http-nio-8080-exec-4] org.hibernate.SQL                        : select u1_0.id,e1_0.id,e1_0.birth_date,e1_0.document_id,e1_0.employee_number,e1_0.first_name,e1_0.last_name,e1_0.organization_id,e1_0.phone_number,p1_0.id,p1_0.code_name,p1_0.name,e1_0.residence_address,e1_0.shift_id,u1_0.enabled,u1_0.password from users u1_0 left join employees e1_0 on e1_0.id=u1_0.employee_id left join positions p1_0 on p1_0.id=e1_0.position_id where e1_0.employee_number=?
2026-08-08T14:00:43.130+02:00 TRACE 3732 --- [demo] [http-nio-8080-exec-4] org.hibernate.orm.jdbc.bind              : binding parameter (1:VARCHAR) <- [01000001]
2026-08-08T14:00:43.285+02:00 DEBUG 3732 --- [demo] [http-nio-8080-exec-5] org.hibernate.SQL                        : select u1_0.id,e1_0.id,e1_0.birth_date,e1_0.document_id,e1_0.employee_number,e1_0.first_name,e1_0.last_name,e1_0.organization_id,e1_0.phone_number,p1_0.id,p1_0.code_name,p1_0.name,e1_0.residence_address,e1_0.shift_id,u1_0.enabled,u1_0.password from users u1_0 left join employees e1_0 on e1_0.id=u1_0.employee_id left join positions p1_0 on p1_0.id=e1_0.position_id where e1_0.employee_number=?
2026-08-08T14:00:43.285+02:00 TRACE 3732 --- [demo] [http-nio-8080-exec-5] org.hibernate.orm.jdbc.bind              : binding parameter (1:VARCHAR) <- [04000001]
2026-08-08T14:00:43.424+02:00 DEBUG 3732 --- [demo] [http-nio-8080-exec-6] org.hibernate.SQL                        : select u1_0.id,e1_0.id,e1_0.birth_date,e1_0.document_id,e1_0.employee_number,e1_0.first_name,e1_0.last_name,e1_0.organization_id,e1_0.phone_number,p1_0.id,p1_0.code_name,p1_0.name,e1_0.residence_address,e1_0.shift_id,u1_0.enabled,u1_0.password from users u1_0 left join employees e1_0 on e1_0.id=u1_0.employee_id left join positions p1_0 on p1_0.id=e1_0.position_id where e1_0.employee_number=?
2026-08-08T14:00:43.424+02:00 TRACE 3732 --- [demo] [http-nio-8080-exec-6] org.hibernate.orm.jdbc.bind              : binding parameter (1:VARCHAR) <- [02000001]
2026-08-08T14:00:43.581+02:00 DEBUG 3732 --- [demo] [http-nio-8080-exec-7] org.hibernate.SQL                        : select u1_0.id,e1_0.id,e1_0.birth_date,e1_0.document_id,e1_0.employee_number,e1_0.first_name,e1_0.last_name,e1_0.organization_id,e1_0.phone_number,p1_0.id,p1_0.code_name,p1_0.name,e1_0.residence_address,e1_0.shift_id,u1_0.enabled,u1_0.password from users u1_0 left join employees e1_0 on e1_0.id=u1_0.employee_id left join positions p1_0 on p1_0.id=e1_0.position_id where e1_0.employee_number=?
2026-08-08T14:00:43.581+02:00 TRACE 3732 --- [demo] [http-nio-8080-exec-7] org.hibernate.orm.jdbc.bind              : binding parameter (1:VARCHAR) <- [01000001]
2026-08-08T14:00:43.720+02:00 DEBUG 3732 --- [demo] [http-nio-8080-exec-8] org.hibernate.SQL                        : select u1_0.id,e1_0.id,e1_0.birth_date,e1_0.document_id,e1_0.employee_number,e1_0.first_name,e1_0.last_name,e1_0.organization_id,e1_0.phone_number,p1_0.id,p1_0.code_name,p1_0.name,e1_0.residence_address,e1_0.shift_id,u1_0.enabled,u1_0.password from users u1_0 left join employees e1_0 on e1_0.id=u1_0.employee_id left join positions p1_0 on p1_0.id=e1_0.position_id where e1_0.employee_number=?
2026-08-08T14:00:43.720+02:00 TRACE 3732 --- [demo] [http-nio-8080-exec-8] org.hibernate.orm.jdbc.bind              : binding parameter (1:VARCHAR) <- [04000001]
2026-08-08T14:00:43.862+02:00 DEBUG 3732 --- [demo] [http-nio-8080-exec-9] org.hibernate.SQL                        : select u1_0.id,e1_0.id,e1_0.birth_date,e1_0.document_id,e1_0.employee_number,e1_0.first_name,e1_0.last_name,e1_0.organization_id,e1_0.phone_number,p1_0.id,p1_0.code_name,p1_0.name,e1_0.residence_address,e1_0.shift_id,u1_0.enabled,u1_0.password from users u1_0 left join employees e1_0 on e1_0.id=u1_0.employee_id left join positions p1_0 on p1_0.id=e1_0.position_id where e1_0.employee_number=?
2026-08-08T14:00:43.862+02:00 TRACE 3732 --- [demo] [http-nio-8080-exec-9] org.hibernate.orm.jdbc.bind              : binding parameter (1:VARCHAR) <- [04000001]
2026-08-08T14:00:44.029+02:00 DEBUG 3732 --- [demo] [http-nio-8080-exec-10] org.hibernate.SQL                        : select u1_0.id,e1_0.id,e1_0.birth_date,e1_0.document_id,e1_0.employee_number,e1_0.first_name,e1_0.last_name,e1_0.organization_id,e1_0.phone_number,p1_0.id,p1_0.code_name,p1_0.name,e1_0.residence_address,e1_0.shift_id,u1_0.enabled,u1_0.password from users u1_0 left join employees e1_0 on e1_0.id=u1_0.employee_id left join positions p1_0 on p1_0.id=e1_0.position_id where e1_0.employee_number=?
2026-08-08T14:00:44.029+02:00 TRACE 3732 --- [demo] [http-nio-8080-exec-10] org.hibernate.orm.jdbc.bind              : binding parameter (1:VARCHAR) <- [01000001]
2026-08-08T14:00:44.185+02:00 DEBUG 3732 --- [demo] [http-nio-8080-exec-1] org.hibernate.SQL                        : select u1_0.id,e1_0.id,e1_0.birth_date,e1_0.document_id,e1_0.employee_number,e1_0.first_name,e1_0.last_name,e1_0.organization_id,e1_0.phone_number,p1_0.id,p1_0.code_name,p1_0.name,e1_0.residence_address,e1_0.shift_id,u1_0.enabled,u1_0.password from users u1_0 left join employees e1_0 on e1_0.id=u1_0.employee_id left join positions p1_0 on p1_0.id=e1_0.position_id where e1_0.employee_number=?
2026-08-08T14:00:44.186+02:00 TRACE 3732 --- [demo] [http-nio-8080-exec-1] org.hibernate.orm.jdbc.bind              : binding parameter (1:VARCHAR) <- [03000001]
2026-08-08T14:00:44.339+02:00 DEBUG 3732 --- [demo] [http-nio-8080-exec-2] org.hibernate.SQL                        : select u1_0.id,e1_0.id,e1_0.birth_date,e1_0.document_id,e1_0.employee_number,e1_0.first_name,e1_0.last_name,e1_0.organization_id,e1_0.phone_number,p1_0.id,p1_0.code_name,p1_0.name,e1_0.residence_address,e1_0.shift_id,u1_0.enabled,u1_0.password from users u1_0 left join employees e1_0 on e1_0.id=u1_0.employee_id left join positions p1_0 on p1_0.id=e1_0.position_id where e1_0.employee_number=?
2026-08-08T14:00:44.339+02:00 TRACE 3732 --- [demo] [http-nio-8080-exec-2] org.hibernate.orm.jdbc.bind              : binding parameter (1:VARCHAR) <- [04000001]
2026-08-08T14:00:44.508+02:00 DEBUG 3732 --- [demo] [http-nio-8080-exec-3] org.hibernate.SQL                        : select u1_0.id,e1_0.id,e1_0.birth_date,e1_0.document_id,e1_0.employee_number,e1_0.first_name,e1_0.last_name,e1_0.organization_id,e1_0.phone_number,p1_0.id,p1_0.code_name,p1_0.name,e1_0.residence_address,e1_0.shift_id,u1_0.enabled,u1_0.password from users u1_0 left join employees e1_0 on e1_0.id=u1_0.employee_id left join positions p1_0 on p1_0.id=e1_0.position_id where e1_0.employee_number=?
2026-08-08T14:00:44.509+02:00 TRACE 3732 --- [demo] [http-nio-8080-exec-3] org.hibernate.orm.jdbc.bind              : binding parameter (1:VARCHAR) <- [04000001]
2026-08-08T14:00:44.665+02:00 DEBUG 3732 --- [demo] [http-nio-8080-exec-4] org.hibernate.SQL                        : select u1_0.id,e1_0.id,e1_0.birth_date,e1_0.document_id,e1_0.employee_number,e1_0.first_name,e1_0.last_name,e1_0.organization_id,e1_0.phone_number,p1_0.id,p1_0.code_name,p1_0.name,e1_0.residence_address,e1_0.shift_id,u1_0.enabled,u1_0.password from users u1_0 left join employees e1_0 on e1_0.id=u1_0.employee_id left join positions p1_0 on p1_0.id=e1_0.position_id where e1_0.employee_number=?
2026-08-08T14:00:44.665+02:00 TRACE 3732 --- [demo] [http-nio-8080-exec-4] org.hibernate.orm.jdbc.bind              : binding parameter (1:VARCHAR) <- [01000001]
2026-08-08T14:00:44.808+02:00 DEBUG 3732 --- [demo] [http-nio-8080-exec-5] org.hibernate.SQL                        : select u1_0.id,e1_0.id,e1_0.birth_date,e1_0.document_id,e1_0.employee_number,e1_0.first_name,e1_0.last_name,e1_0.organization_id,e1_0.phone_number,p1_0.id,p1_0.code_name,p1_0.name,e1_0.residence_address,e1_0.shift_id,u1_0.enabled,u1_0.password from users u1_0 left join employees e1_0 on e1_0.id=u1_0.employee_id left join positions p1_0 on p1_0.id=e1_0.position_id where e1_0.employee_number=?
2026-08-08T14:00:44.808+02:00 TRACE 3732 --- [demo] [http-nio-8080-exec-5] org.hibernate.orm.jdbc.bind              : binding parameter (1:VARCHAR) <- [03000001]
2026-08-08T14:00:44.960+02:00 DEBUG 3732 --- [demo] [http-nio-8080-exec-6] org.hibernate.SQL                        : select u1_0.id,e1_0.id,e1_0.birth_date,e1_0.document_id,e1_0.employee_number,e1_0.first_name,e1_0.last_name,e1_0.organization_id,e1_0.phone_number,p1_0.id,p1_0.code_name,p1_0.name,e1_0.residence_address,e1_0.shift_id,u1_0.enabled,u1_0.password from users u1_0 left join employees e1_0 on e1_0.id=u1_0.employee_id left join positions p1_0 on p1_0.id=e1_0.position_id where e1_0.employee_number=?
2026-08-08T14:00:44.960+02:00 TRACE 3732 --- [demo] [http-nio-8080-exec-6] org.hibernate.orm.jdbc.bind              : binding parameter (1:VARCHAR) <- [04000001]
2026-08-08T14:00:45.099+02:00 DEBUG 3732 --- [demo] [http-nio-8080-exec-7] org.hibernate.SQL                        : select u1_0.id,e1_0.id,e1_0.birth_date,e1_0.document_id,e1_0.employee_number,e1_0.first_name,e1_0.last_name,e1_0.organization_id,e1_0.phone_number,p1_0.id,p1_0.code_name,p1_0.name,e1_0.residence_address,e1_0.shift_id,u1_0.enabled,u1_0.password from users u1_0 left join employees e1_0 on e1_0.id=u1_0.employee_id left join positions p1_0 on p1_0.id=e1_0.position_id where e1_0.employee_number=?
2026-08-08T14:00:45.100+02:00 TRACE 3732 --- [demo] [http-nio-8080-exec-7] org.hibernate.orm.jdbc.bind              : binding parameter (1:VARCHAR) <- [04000001]
2026-08-08T14:00:45.254+02:00 DEBUG 3732 --- [demo] [http-nio-8080-exec-8] org.hibernate.SQL                        : select u1_0.id,e1_0.id,e1_0.birth_date,e1_0.document_id,e1_0.employee_number,e1_0.first_name,e1_0.last_name,e1_0.organization_id,e1_0.phone_number,p1_0.id,p1_0.code_name,p1_0.name,e1_0.residence_address,e1_0.shift_id,u1_0.enabled,u1_0.password from users u1_0 left join employees e1_0 on e1_0.id=u1_0.employee_id left join positions p1_0 on p1_0.id=e1_0.position_id where e1_0.employee_number=?
2026-08-08T14:00:45.254+02:00 TRACE 3732 --- [demo] [http-nio-8080-exec-8] org.hibernate.orm.jdbc.bind              : binding parameter (1:VARCHAR) <- [01000001]
2026-08-08T14:00:45.426+02:00 DEBUG 3732 --- [demo] [http-nio-8080-exec-9] org.hibernate.SQL                        : select u1_0.id,e1_0.id,e1_0.birth_date,e1_0.document_id,e1_0.employee_number,e1_0.first_name,e1_0.last_name,e1_0.organization_id,e1_0.phone_number,p1_0.id,p1_0.code_name,p1_0.name,e1_0.residence_address,e1_0.shift_id,u1_0.enabled,u1_0.password from users u1_0 left join employees e1_0 on e1_0.id=u1_0.employee_id left join positions p1_0 on p1_0.id=e1_0.position_id where e1_0.employee_number=?
2026-08-08T14:00:45.426+02:00 TRACE 3732 --- [demo] [http-nio-8080-exec-9] org.hibernate.orm.jdbc.bind              : binding parameter (1:VARCHAR) <- [04000001]
2026-08-08T14:00:45.582+02:00 DEBUG 3732 --- [demo] [http-nio-8080-exec-10] org.hibernate.SQL                        : select u1_0.id,e1_0.id,e1_0.birth_date,e1_0.document_id,e1_0.employee_number,e1_0.first_name,e1_0.last_name,e1_0.organization_id,e1_0.phone_number,p1_0.id,p1_0.code_name,p1_0.name,e1_0.residence_address,e1_0.shift_id,u1_0.enabled,u1_0.password from users u1_0 left join employees e1_0 on e1_0.id=u1_0.employee_id left join positions p1_0 on p1_0.id=e1_0.position_id where e1_0.employee_number=?
2026-08-08T14:00:45.582+02:00 TRACE 3732 --- [demo] [http-nio-8080-exec-10] org.hibernate.orm.jdbc.bind              : binding parameter (1:VARCHAR) <- [04000001]
2026-08-08T14:00:45.707+02:00 DEBUG 3732 --- [demo] [http-nio-8080-exec-1] org.hibernate.SQL                        : select u1_0.id,e1_0.id,e1_0.birth_date,e1_0.document_id,e1_0.employee_number,e1_0.first_name,e1_0.last_name,e1_0.organization_id,e1_0.phone_number,p1_0.id,p1_0.code_name,p1_0.name,e1_0.residence_address,e1_0.shift_id,u1_0.enabled,u1_0.password from users u1_0 left join employees e1_0 on e1_0.id=u1_0.employee_id left join positions p1_0 on p1_0.id=e1_0.position_id where e1_0.employee_number=?
2026-08-08T14:00:45.707+02:00 TRACE 3732 --- [demo] [http-nio-8080-exec-1] org.hibernate.orm.jdbc.bind              : binding parameter (1:VARCHAR) <- [04000001]
2026-08-08T14:01:30.097+02:00 DEBUG 3732 --- [demo] [http-nio-8080-exec-2] org.hibernate.SQL                        : select u1_0.id,e1_0.id,e1_0.birth_date,e1_0.document_id,e1_0.employee_number,e1_0.first_name,e1_0.last_name,e1_0.organization_id,e1_0.phone_number,p1_0.id,p1_0.code_name,p1_0.name,e1_0.residence_address,e1_0.shift_id,u1_0.enabled,u1_0.password from users u1_0 left join employees e1_0 on e1_0.id=u1_0.employee_id left join positions p1_0 on p1_0.id=e1_0.position_id where e1_0.employee_number=?
2026-08-08T14:01:30.097+02:00 TRACE 3732 --- [demo] [http-nio-8080-exec-2] org.hibernate.orm.jdbc.bind              : binding parameter (1:VARCHAR) <- [02000001]
2026-08-08T14:03:25.743+02:00 DEBUG 3732 --- [demo] [http-nio-8080-exec-5] org.hibernate.SQL                        : select u1_0.id,e1_0.id,e1_0.birth_date,e1_0.document_id,e1_0.employee_number,e1_0.first_name,e1_0.last_name,e1_0.organization_id,e1_0.phone_number,p1_0.id,p1_0.code_name,p1_0.name,e1_0.residence_address,e1_0.shift_id,u1_0.enabled,u1_0.password from users u1_0 left join employees e1_0 on e1_0.id=u1_0.employee_id left join positions p1_0 on p1_0.id=e1_0.position_id where e1_0.employee_number=?
2026-08-08T14:03:25.743+02:00 TRACE 3732 --- [demo] [http-nio-8080-exec-5] org.hibernate.orm.jdbc.bind              : binding parameter (1:VARCHAR) <- [02000001]
2026-08-08T14:03:25.911+02:00 DEBUG 3732 --- [demo] [http-nio-8080-exec-6] org.hibernate.SQL                        : select u1_0.id,e1_0.id,e1_0.birth_date,e1_0.document_id,e1_0.employee_number,e1_0.first_name,e1_0.last_name,e1_0.organization_id,e1_0.phone_number,p1_0.id,p1_0.code_name,p1_0.name,e1_0.residence_address,e1_0.shift_id,u1_0.enabled,u1_0.password from users u1_0 left join employees e1_0 on e1_0.id=u1_0.employee_id left join positions p1_0 on p1_0.id=e1_0.position_id where e1_0.employee_number=?
2026-08-08T14:03:25.913+02:00 TRACE 3732 --- [demo] [http-nio-8080-exec-6] org.hibernate.orm.jdbc.bind              : binding parameter (1:VARCHAR) <- [01000001]
2026-08-08T14:03:26.002+02:00 DEBUG 3732 --- [demo] [http-nio-8080-exec-6] org.hibernate.SQL                        : select p1_0.id,p1_0.code_name,p1_0.name from positions p1_0
2026-08-08T14:03:26.081+02:00 DEBUG 3732 --- [demo] [http-nio-8080-exec-7] org.hibernate.SQL                        : select u1_0.id,e1_0.id,e1_0.birth_date,e1_0.document_id,e1_0.employee_number,e1_0.first_name,e1_0.last_name,e1_0.organization_id,e1_0.phone_number,p1_0.id,p1_0.code_name,p1_0.name,e1_0.residence_address,e1_0.shift_id,u1_0.enabled,u1_0.password from users u1_0 left join employees e1_0 on e1_0.id=u1_0.employee_id left join positions p1_0 on p1_0.id=e1_0.position_id where e1_0.employee_number=?
2026-08-08T14:03:26.082+02:00 TRACE 3732 --- [demo] [http-nio-8080-exec-7] org.hibernate.orm.jdbc.bind              : binding parameter (1:VARCHAR) <- [04000001]
2026-08-08T14:03:26.149+02:00 DEBUG 3732 --- [demo] [http-nio-8080-exec-7] org.hibernate.SQL                        : select p1_0.id,p1_0.code_name,p1_0.name from positions p1_0
2026-08-08T14:03:26.219+02:00 DEBUG 3732 --- [demo] [http-nio-8080-exec-8] org.hibernate.SQL                        : select u1_0.id,e1_0.id,e1_0.birth_date,e1_0.document_id,e1_0.employee_number,e1_0.first_name,e1_0.last_name,e1_0.organization_id,e1_0.phone_number,p1_0.id,p1_0.code_name,p1_0.name,e1_0.residence_address,e1_0.shift_id,u1_0.enabled,u1_0.password from users u1_0 left join employees e1_0 on e1_0.id=u1_0.employee_id left join positions p1_0 on p1_0.id=e1_0.position_id where e1_0.employee_number=?
2026-08-08T14:03:26.219+02:00 TRACE 3732 --- [demo] [http-nio-8080-exec-8] org.hibernate.orm.jdbc.bind              : binding parameter (1:VARCHAR) <- [02000001]
2026-08-08T14:03:26.374+02:00 DEBUG 3732 --- [demo] [http-nio-8080-exec-9] org.hibernate.SQL                        : select u1_0.id,e1_0.id,e1_0.birth_date,e1_0.document_id,e1_0.employee_number,e1_0.first_name,e1_0.last_name,e1_0.organization_id,e1_0.phone_number,p1_0.id,p1_0.code_name,p1_0.name,e1_0.residence_address,e1_0.shift_id,u1_0.enabled,u1_0.password from users u1_0 left join employees e1_0 on e1_0.id=u1_0.employee_id left join positions p1_0 on p1_0.id=e1_0.position_id where e1_0.employee_number=?
2026-08-08T14:03:26.374+02:00 TRACE 3732 --- [demo] [http-nio-8080-exec-9] org.hibernate.orm.jdbc.bind              : binding parameter (1:VARCHAR) <- [01000001]
2026-08-08T14:03:26.448+02:00 DEBUG 3732 --- [demo] [http-nio-8080-exec-9] org.hibernate.SQL                        : select p1_0.id,p1_0.code_name,p1_0.name from positions p1_0 where p1_0.id=?
2026-08-08T14:03:26.449+02:00 TRACE 3732 --- [demo] [http-nio-8080-exec-9] org.hibernate.orm.jdbc.bind              : binding parameter (1:BIGINT) <- [1]
2026-08-08T14:03:26.546+02:00 DEBUG 3732 --- [demo] [http-nio-8080-exec-10] org.hibernate.SQL                        : select u1_0.id,e1_0.id,e1_0.birth_date,e1_0.document_id,e1_0.employee_number,e1_0.first_name,e1_0.last_name,e1_0.organization_id,e1_0.phone_number,p1_0.id,p1_0.code_name,p1_0.name,e1_0.residence_address,e1_0.shift_id,u1_0.enabled,u1_0.password from users u1_0 left join employees e1_0 on e1_0.id=u1_0.employee_id left join positions p1_0 on p1_0.id=e1_0.position_id where e1_0.employee_number=?
2026-08-08T14:03:26.547+02:00 TRACE 3732 --- [demo] [http-nio-8080-exec-10] org.hibernate.orm.jdbc.bind              : binding parameter (1:VARCHAR) <- [04000001]
2026-08-08T14:03:26.613+02:00 DEBUG 3732 --- [demo] [http-nio-8080-exec-10] org.hibernate.SQL                        : select p1_0.id,p1_0.code_name,p1_0.name from positions p1_0 where p1_0.id=?
2026-08-08T14:03:26.613+02:00 TRACE 3732 --- [demo] [http-nio-8080-exec-10] org.hibernate.orm.jdbc.bind              : binding parameter (1:BIGINT) <- [1]
2026-08-08T14:03:26.685+02:00 DEBUG 3732 --- [demo] [http-nio-8080-exec-1] org.hibernate.SQL                        : select u1_0.id,e1_0.id,e1_0.birth_date,e1_0.document_id,e1_0.employee_number,e1_0.first_name,e1_0.last_name,e1_0.organization_id,e1_0.phone_number,p1_0.id,p1_0.code_name,p1_0.name,e1_0.residence_address,e1_0.shift_id,u1_0.enabled,u1_0.password from users u1_0 left join employees e1_0 on e1_0.id=u1_0.employee_id left join positions p1_0 on p1_0.id=e1_0.position_id where e1_0.employee_number=?
2026-08-08T14:03:26.685+02:00 TRACE 3732 --- [demo] [http-nio-8080-exec-1] org.hibernate.orm.jdbc.bind              : binding parameter (1:VARCHAR) <- [04000001]
2026-08-08T14:03:26.751+02:00 DEBUG 3732 --- [demo] [http-nio-8080-exec-1] org.hibernate.SQL                        : select p1_0.id,p1_0.code_name,p1_0.name from positions p1_0 where p1_0.id=?
2026-08-08T14:03:26.751+02:00 TRACE 3732 --- [demo] [http-nio-8080-exec-1] org.hibernate.orm.jdbc.bind              : binding parameter (1:BIGINT) <- [999]
2026-08-08T14:03:26.824+02:00 DEBUG 3732 --- [demo] [http-nio-8080-exec-2] org.hibernate.SQL                        : select u1_0.id,e1_0.id,e1_0.birth_date,e1_0.document_id,e1_0.employee_number,e1_0.first_name,e1_0.last_name,e1_0.organization_id,e1_0.phone_number,p1_0.id,p1_0.code_name,p1_0.name,e1_0.residence_address,e1_0.shift_id,u1_0.enabled,u1_0.password from users u1_0 left join employees e1_0 on e1_0.id=u1_0.employee_id left join positions p1_0 on p1_0.id=e1_0.position_id where e1_0.employee_number=?
2026-08-08T14:03:26.825+02:00 TRACE 3732 --- [demo] [http-nio-8080-exec-2] org.hibernate.orm.jdbc.bind              : binding parameter (1:VARCHAR) <- [01000001]
2026-08-08T14:03:26.996+02:00 DEBUG 3732 --- [demo] [http-nio-8080-exec-3] org.hibernate.SQL                        : select u1_0.id,e1_0.id,e1_0.birth_date,e1_0.document_id,e1_0.employee_number,e1_0.first_name,e1_0.last_name,e1_0.organization_id,e1_0.phone_number,p1_0.id,p1_0.code_name,p1_0.name,e1_0.residence_address,e1_0.shift_id,u1_0.enabled,u1_0.password from users u1_0 left join employees e1_0 on e1_0.id=u1_0.employee_id left join positions p1_0 on p1_0.id=e1_0.position_id where e1_0.employee_number=?
2026-08-08T14:03:26.996+02:00 TRACE 3732 --- [demo] [http-nio-8080-exec-3] org.hibernate.orm.jdbc.bind              : binding parameter (1:VARCHAR) <- [03000001]
2026-08-08T14:03:27.150+02:00 DEBUG 3732 --- [demo] [http-nio-8080-exec-4] org.hibernate.SQL                        : select u1_0.id,e1_0.id,e1_0.birth_date,e1_0.document_id,e1_0.employee_number,e1_0.first_name,e1_0.last_name,e1_0.organization_id,e1_0.phone_number,p1_0.id,p1_0.code_name,p1_0.name,e1_0.residence_address,e1_0.shift_id,u1_0.enabled,u1_0.password from users u1_0 left join employees e1_0 on e1_0.id=u1_0.employee_id left join positions p1_0 on p1_0.id=e1_0.position_id where e1_0.employee_number=?
2026-08-08T14:03:27.150+02:00 TRACE 3732 --- [demo] [http-nio-8080-exec-4] org.hibernate.orm.jdbc.bind              : binding parameter (1:VARCHAR) <- [04000001]
2026-08-08T14:03:27.237+02:00 DEBUG 3732 --- [demo] [http-nio-8080-exec-4] org.hibernate.SQL                        : select p1_0.id from positions p1_0 where p1_0.name=? fetch first ? rows only
2026-08-08T14:03:27.237+02:00 TRACE 3732 --- [demo] [http-nio-8080-exec-4] org.hibernate.orm.jdbc.bind              : binding parameter (1:VARCHAR) <- [Coordinator]
2026-08-08T14:03:27.237+02:00 TRACE 3732 --- [demo] [http-nio-8080-exec-4] org.hibernate.orm.jdbc.bind              : binding parameter (2:INTEGER) <- [1]
2026-08-08T14:03:27.244+02:00 DEBUG 3732 --- [demo] [http-nio-8080-exec-4] org.hibernate.SQL                        : select nextval('position_seq')
2026-08-08T14:03:27.264+02:00 DEBUG 3732 --- [demo] [http-nio-8080-exec-4] org.hibernate.SQL                        : insert into positions (code_name,name,id) values (?,?,?)
2026-08-08T14:03:27.265+02:00 TRACE 3732 --- [demo] [http-nio-8080-exec-4] org.hibernate.orm.jdbc.bind              : binding parameter (1:VARCHAR) <- [COORDINATOR]
2026-08-08T14:03:27.265+02:00 TRACE 3732 --- [demo] [http-nio-8080-exec-4] org.hibernate.orm.jdbc.bind              : binding parameter (2:VARCHAR) <- [Coordinator]
2026-08-08T14:03:27.265+02:00 TRACE 3732 --- [demo] [http-nio-8080-exec-4] org.hibernate.orm.jdbc.bind              : binding parameter (3:BIGINT) <- [5]
2026-08-08T14:03:27.382+02:00 DEBUG 3732 --- [demo] [http-nio-8080-exec-5] org.hibernate.SQL                        : select u1_0.id,e1_0.id,e1_0.birth_date,e1_0.document_id,e1_0.employee_number,e1_0.first_name,e1_0.last_name,e1_0.organization_id,e1_0.phone_number,p1_0.id,p1_0.code_name,p1_0.name,e1_0.residence_address,e1_0.shift_id,u1_0.enabled,u1_0.password from users u1_0 left join employees e1_0 on e1_0.id=u1_0.employee_id left join positions p1_0 on p1_0.id=e1_0.position_id where e1_0.employee_number=?
2026-08-08T14:03:27.382+02:00 TRACE 3732 --- [demo] [http-nio-8080-exec-5] org.hibernate.orm.jdbc.bind              : binding parameter (1:VARCHAR) <- [04000001]
2026-08-08T14:03:27.450+02:00 DEBUG 3732 --- [demo] [http-nio-8080-exec-5] org.hibernate.SQL                        : select p1_0.id from positions p1_0 where p1_0.name=? fetch first ? rows only
2026-08-08T14:03:27.450+02:00 TRACE 3732 --- [demo] [http-nio-8080-exec-5] org.hibernate.orm.jdbc.bind              : binding parameter (1:VARCHAR) <- [System Administrator]
2026-08-08T14:03:27.450+02:00 TRACE 3732 --- [demo] [http-nio-8080-exec-5] org.hibernate.orm.jdbc.bind              : binding parameter (2:INTEGER) <- [1]
2026-08-08T14:03:27.537+02:00 DEBUG 3732 --- [demo] [http-nio-8080-exec-6] org.hibernate.SQL                        : select u1_0.id,e1_0.id,e1_0.birth_date,e1_0.document_id,e1_0.employee_number,e1_0.first_name,e1_0.last_name,e1_0.organization_id,e1_0.phone_number,p1_0.id,p1_0.code_name,p1_0.name,e1_0.residence_address,e1_0.shift_id,u1_0.enabled,u1_0.password from users u1_0 left join employees e1_0 on e1_0.id=u1_0.employee_id left join positions p1_0 on p1_0.id=e1_0.position_id where e1_0.employee_number=?
2026-08-08T14:03:27.537+02:00 TRACE 3732 --- [demo] [http-nio-8080-exec-6] org.hibernate.orm.jdbc.bind              : binding parameter (1:VARCHAR) <- [01000001]
2026-08-08T14:03:27.694+02:00 DEBUG 3732 --- [demo] [http-nio-8080-exec-7] org.hibernate.SQL                        : select u1_0.id,e1_0.id,e1_0.birth_date,e1_0.document_id,e1_0.employee_number,e1_0.first_name,e1_0.last_name,e1_0.organization_id,e1_0.phone_number,p1_0.id,p1_0.code_name,p1_0.name,e1_0.residence_address,e1_0.shift_id,u1_0.enabled,u1_0.password from users u1_0 left join employees e1_0 on e1_0.id=u1_0.employee_id left join positions p1_0 on p1_0.id=e1_0.position_id where e1_0.employee_number=?
2026-08-08T14:03:27.694+02:00 TRACE 3732 --- [demo] [http-nio-8080-exec-7] org.hibernate.orm.jdbc.bind              : binding parameter (1:VARCHAR) <- [03000001]
2026-08-08T14:03:27.774+02:00 DEBUG 3732 --- [demo] [http-nio-8080-exec-7] org.hibernate.SQL                        : select p1_0.id,p1_0.code_name,p1_0.name from positions p1_0 where p1_0.id=?
2026-08-08T14:03:27.774+02:00 TRACE 3732 --- [demo] [http-nio-8080-exec-7] org.hibernate.orm.jdbc.bind              : binding parameter (1:BIGINT) <- [4]
2026-08-08T14:03:27.781+02:00 DEBUG 3732 --- [demo] [http-nio-8080-exec-7] org.hibernate.SQL                        : update positions set code_name=?,name=? where id=?
2026-08-08T14:03:27.782+02:00 TRACE 3732 --- [demo] [http-nio-8080-exec-7] org.hibernate.orm.jdbc.bind              : binding parameter (1:VARCHAR) <- [SYSTEM_ADMINISTRATOR]
2026-08-08T14:03:27.782+02:00 TRACE 3732 --- [demo] [http-nio-8080-exec-7] org.hibernate.orm.jdbc.bind              : binding parameter (2:VARCHAR) <- [Coordinator3]
2026-08-08T14:03:27.782+02:00 TRACE 3732 --- [demo] [http-nio-8080-exec-7] org.hibernate.orm.jdbc.bind              : binding parameter (3:BIGINT) <- [4]
2026-08-08T14:03:27.896+02:00 DEBUG 3732 --- [demo] [http-nio-8080-exec-8] org.hibernate.SQL                        : select u1_0.id,e1_0.id,e1_0.birth_date,e1_0.document_id,e1_0.employee_number,e1_0.first_name,e1_0.last_name,e1_0.organization_id,e1_0.phone_number,p1_0.id,p1_0.code_name,p1_0.name,e1_0.residence_address,e1_0.shift_id,u1_0.enabled,u1_0.password from users u1_0 left join employees e1_0 on e1_0.id=u1_0.employee_id left join positions p1_0 on p1_0.id=e1_0.position_id where e1_0.employee_number=?
2026-08-08T14:03:27.897+02:00 TRACE 3732 --- [demo] [http-nio-8080-exec-8] org.hibernate.orm.jdbc.bind              : binding parameter (1:VARCHAR) <- [04000001]
2026-08-08T14:03:27.963+02:00 DEBUG 3732 --- [demo] [http-nio-8080-exec-8] org.hibernate.SQL                        : select p1_0.id,p1_0.code_name,p1_0.name from positions p1_0 where p1_0.id=?
2026-08-08T14:03:27.963+02:00 TRACE 3732 --- [demo] [http-nio-8080-exec-8] org.hibernate.orm.jdbc.bind              : binding parameter (1:BIGINT) <- [4]
2026-08-08T14:03:27.966+02:00 DEBUG 3732 --- [demo] [http-nio-8080-exec-8] org.hibernate.SQL                        : update positions set code_name=?,name=? where id=?
2026-08-08T14:03:27.966+02:00 TRACE 3732 --- [demo] [http-nio-8080-exec-8] org.hibernate.orm.jdbc.bind              : binding parameter (1:VARCHAR) <- [SYSTEM_ADMINISTRATOR]
2026-08-08T14:03:27.966+02:00 TRACE 3732 --- [demo] [http-nio-8080-exec-8] org.hibernate.orm.jdbc.bind              : binding parameter (2:VARCHAR) <- [Coordinator4]
2026-08-08T14:03:27.966+02:00 TRACE 3732 --- [demo] [http-nio-8080-exec-8] org.hibernate.orm.jdbc.bind              : binding parameter (3:BIGINT) <- [4]
2026-08-08T14:03:28.051+02:00 DEBUG 3732 --- [demo] [http-nio-8080-exec-9] org.hibernate.SQL                        : select u1_0.id,e1_0.id,e1_0.birth_date,e1_0.document_id,e1_0.employee_number,e1_0.first_name,e1_0.last_name,e1_0.organization_id,e1_0.phone_number,p1_0.id,p1_0.code_name,p1_0.name,e1_0.residence_address,e1_0.shift_id,u1_0.enabled,u1_0.password from users u1_0 left join employees e1_0 on e1_0.id=u1_0.employee_id left join positions p1_0 on p1_0.id=e1_0.position_id where e1_0.employee_number=?
2026-08-08T14:03:28.051+02:00 TRACE 3732 --- [demo] [http-nio-8080-exec-9] org.hibernate.orm.jdbc.bind              : binding parameter (1:VARCHAR) <- [04000001]
2026-08-08T14:03:28.116+02:00 DEBUG 3732 --- [demo] [http-nio-8080-exec-9] org.hibernate.SQL                        : select p1_0.id,p1_0.code_name,p1_0.name from positions p1_0 where p1_0.id=?
2026-08-08T14:03:28.117+02:00 TRACE 3732 --- [demo] [http-nio-8080-exec-9] org.hibernate.orm.jdbc.bind              : binding parameter (1:BIGINT) <- [999]
2026-08-08T14:03:28.193+02:00 DEBUG 3732 --- [demo] [http-nio-8080-exec-10] org.hibernate.SQL                        : select u1_0.id,e1_0.id,e1_0.birth_date,e1_0.document_id,e1_0.employee_number,e1_0.first_name,e1_0.last_name,e1_0.organization_id,e1_0.phone_number,p1_0.id,p1_0.code_name,p1_0.name,e1_0.residence_address,e1_0.shift_id,u1_0.enabled,u1_0.password from users u1_0 left join employees e1_0 on e1_0.id=u1_0.employee_id left join positions p1_0 on p1_0.id=e1_0.position_id where e1_0.employee_number=?
2026-08-08T14:03:28.194+02:00 TRACE 3732 --- [demo] [http-nio-8080-exec-10] org.hibernate.orm.jdbc.bind              : binding parameter (1:VARCHAR) <- [01000001]
2026-08-08T14:03:28.348+02:00 DEBUG 3732 --- [demo] [http-nio-8080-exec-1] org.hibernate.SQL                        : select u1_0.id,e1_0.id,e1_0.birth_date,e1_0.document_id,e1_0.employee_number,e1_0.first_name,e1_0.last_name,e1_0.organization_id,e1_0.phone_number,p1_0.id,p1_0.code_name,p1_0.name,e1_0.residence_address,e1_0.shift_id,u1_0.enabled,u1_0.password from users u1_0 left join employees e1_0 on e1_0.id=u1_0.employee_id left join positions p1_0 on p1_0.id=e1_0.position_id where e1_0.employee_number=?
2026-08-08T14:03:28.348+02:00 TRACE 3732 --- [demo] [http-nio-8080-exec-1] org.hibernate.orm.jdbc.bind              : binding parameter (1:VARCHAR) <- [04000001]
2026-08-08T14:03:28.425+02:00 DEBUG 3732 --- [demo] [http-nio-8080-exec-1] org.hibernate.SQL                        : select count(*) from positions p1_0 where p1_0.id=?
2026-08-08T14:03:28.425+02:00 TRACE 3732 --- [demo] [http-nio-8080-exec-1] org.hibernate.orm.jdbc.bind              : binding parameter (1:BIGINT) <- [1]
2026-08-08T14:03:28.431+02:00 DEBUG 3732 --- [demo] [http-nio-8080-exec-1] org.hibernate.SQL                        : select e1_0.id from employees e1_0 where e1_0.position_id=? fetch first ? rows only
2026-08-08T14:03:28.431+02:00 TRACE 3732 --- [demo] [http-nio-8080-exec-1] org.hibernate.orm.jdbc.bind              : binding parameter (1:BIGINT) <- [1]
2026-08-08T14:03:28.431+02:00 TRACE 3732 --- [demo] [http-nio-8080-exec-1] org.hibernate.orm.jdbc.bind              : binding parameter (2:INTEGER) <- [1]
2026-08-08T14:03:28.516+02:00 DEBUG 3732 --- [demo] [http-nio-8080-exec-2] org.hibernate.SQL                        : select u1_0.id,e1_0.id,e1_0.birth_date,e1_0.document_id,e1_0.employee_number,e1_0.first_name,e1_0.last_name,e1_0.organization_id,e1_0.phone_number,p1_0.id,p1_0.code_name,p1_0.name,e1_0.residence_address,e1_0.shift_id,u1_0.enabled,u1_0.password from users u1_0 left join employees e1_0 on e1_0.id=u1_0.employee_id left join positions p1_0 on p1_0.id=e1_0.position_id where e1_0.employee_number=?
2026-08-08T14:03:28.517+02:00 TRACE 3732 --- [demo] [http-nio-8080-exec-2] org.hibernate.orm.jdbc.bind              : binding parameter (1:VARCHAR) <- [04000001]
2026-08-08T14:03:28.585+02:00 DEBUG 3732 --- [demo] [http-nio-8080-exec-2] org.hibernate.SQL                        : select count(*) from positions p1_0 where p1_0.id=?
2026-08-08T14:03:28.585+02:00 TRACE 3732 --- [demo] [http-nio-8080-exec-2] org.hibernate.orm.jdbc.bind              : binding parameter (1:BIGINT) <- [5]
2026-08-08T14:03:28.586+02:00 DEBUG 3732 --- [demo] [http-nio-8080-exec-2] org.hibernate.SQL                        : select e1_0.id from employees e1_0 where e1_0.position_id=? fetch first ? rows only
2026-08-08T14:03:28.586+02:00 TRACE 3732 --- [demo] [http-nio-8080-exec-2] org.hibernate.orm.jdbc.bind              : binding parameter (1:BIGINT) <- [5]
2026-08-08T14:03:28.586+02:00 TRACE 3732 --- [demo] [http-nio-8080-exec-2] org.hibernate.orm.jdbc.bind              : binding parameter (2:INTEGER) <- [1]
2026-08-08T14:03:28.587+02:00 DEBUG 3732 --- [demo] [http-nio-8080-exec-2] org.hibernate.SQL                        : select p1_0.id,p1_0.code_name,p1_0.name from positions p1_0 where p1_0.id=?
2026-08-08T14:03:28.587+02:00 TRACE 3732 --- [demo] [http-nio-8080-exec-2] org.hibernate.orm.jdbc.bind              : binding parameter (1:BIGINT) <- [5]
2026-08-08T14:03:28.591+02:00 DEBUG 3732 --- [demo] [http-nio-8080-exec-2] org.hibernate.SQL                        : delete from positions where id=?
2026-08-08T14:03:28.591+02:00 TRACE 3732 --- [demo] [http-nio-8080-exec-2] org.hibernate.orm.jdbc.bind              : binding parameter (1:BIGINT) <- [5]
2026-08-08T14:03:28.671+02:00 DEBUG 3732 --- [demo] [http-nio-8080-exec-3] org.hibernate.SQL                        : select u1_0.id,e1_0.id,e1_0.birth_date,e1_0.document_id,e1_0.employee_number,e1_0.first_name,e1_0.last_name,e1_0.organization_id,e1_0.phone_number,p1_0.id,p1_0.code_name,p1_0.name,e1_0.residence_address,e1_0.shift_id,u1_0.enabled,u1_0.password from users u1_0 left join employees e1_0 on e1_0.id=u1_0.employee_id left join positions p1_0 on p1_0.id=e1_0.position_id where e1_0.employee_number=?
2026-08-08T14:03:28.671+02:00 TRACE 3732 --- [demo] [http-nio-8080-exec-3] org.hibernate.orm.jdbc.bind              : binding parameter (1:VARCHAR) <- [04000001]
2026-08-08T14:03:28.740+02:00 DEBUG 3732 --- [demo] [http-nio-8080-exec-3] org.hibernate.SQL                        : select count(*) from positions p1_0 where p1_0.id=?
2026-08-08T14:03:28.740+02:00 TRACE 3732 --- [demo] [http-nio-8080-exec-3] org.hibernate.orm.jdbc.bind              : binding parameter (1:BIGINT) <- [999]
2026-08-08T14:04:44.209+02:00 DEBUG 3732 --- [demo] [http-nio-8080-exec-6] org.hibernate.SQL                        : select u1_0.id,e1_0.id,e1_0.birth_date,e1_0.document_id,e1_0.employee_number,e1_0.first_name,e1_0.last_name,e1_0.organization_id,e1_0.phone_number,p1_0.id,p1_0.code_name,p1_0.name,e1_0.residence_address,e1_0.shift_id,u1_0.enabled,u1_0.password from users u1_0 left join employees e1_0 on e1_0.id=u1_0.employee_id left join positions p1_0 on p1_0.id=e1_0.position_id where e1_0.employee_number=?
2026-08-08T14:04:44.209+02:00 TRACE 3732 --- [demo] [http-nio-8080-exec-6] org.hibernate.orm.jdbc.bind              : binding parameter (1:VARCHAR) <- [01000001]
2026-08-08T14:04:44.343+02:00 DEBUG 3732 --- [demo] [http-nio-8080-exec-7] org.hibernate.SQL                        : select u1_0.id,e1_0.id,e1_0.birth_date,e1_0.document_id,e1_0.employee_number,e1_0.first_name,e1_0.last_name,e1_0.organization_id,e1_0.phone_number,p1_0.id,p1_0.code_name,p1_0.name,e1_0.residence_address,e1_0.shift_id,u1_0.enabled,u1_0.password from users u1_0 left join employees e1_0 on e1_0.id=u1_0.employee_id left join positions p1_0 on p1_0.id=e1_0.position_id where e1_0.employee_number=?
2026-08-08T14:04:44.343+02:00 TRACE 3732 --- [demo] [http-nio-8080-exec-7] org.hibernate.orm.jdbc.bind              : binding parameter (1:VARCHAR) <- [03000001]
2026-08-08T14:04:44.410+02:00 DEBUG 3732 --- [demo] [http-nio-8080-exec-7] org.hibernate.SQL                        : select ot1_0.id,ot1_0.name from organization_types ot1_0
2026-08-08T14:04:44.445+02:00 DEBUG 3732 --- [demo] [http-nio-8080-exec-8] org.hibernate.SQL                        : select u1_0.id,e1_0.id,e1_0.birth_date,e1_0.document_id,e1_0.employee_number,e1_0.first_name,e1_0.last_name,e1_0.organization_id,e1_0.phone_number,p1_0.id,p1_0.code_name,p1_0.name,e1_0.residence_address,e1_0.shift_id,u1_0.enabled,u1_0.password from users u1_0 left join employees e1_0 on e1_0.id=u1_0.employee_id left join positions p1_0 on p1_0.id=e1_0.position_id where e1_0.employee_number=?
2026-08-08T14:04:44.445+02:00 TRACE 3732 --- [demo] [http-nio-8080-exec-8] org.hibernate.orm.jdbc.bind              : binding parameter (1:VARCHAR) <- [01000001]
2026-08-08T14:04:44.560+02:00 DEBUG 3732 --- [demo] [http-nio-8080-exec-9] org.hibernate.SQL                        : select u1_0.id,e1_0.id,e1_0.birth_date,e1_0.document_id,e1_0.employee_number,e1_0.first_name,e1_0.last_name,e1_0.organization_id,e1_0.phone_number,p1_0.id,p1_0.code_name,p1_0.name,e1_0.residence_address,e1_0.shift_id,u1_0.enabled,u1_0.password from users u1_0 left join employees e1_0 on e1_0.id=u1_0.employee_id left join positions p1_0 on p1_0.id=e1_0.position_id where e1_0.employee_number=?
2026-08-08T14:04:44.560+02:00 TRACE 3732 --- [demo] [http-nio-8080-exec-9] org.hibernate.orm.jdbc.bind              : binding parameter (1:VARCHAR) <- [04000001]
2026-08-08T14:04:44.629+02:00 DEBUG 3732 --- [demo] [http-nio-8080-exec-9] org.hibernate.SQL                        : select ot1_0.id,ot1_0.name from organization_types ot1_0 where ot1_0.id=?
2026-08-08T14:04:44.629+02:00 TRACE 3732 --- [demo] [http-nio-8080-exec-9] org.hibernate.orm.jdbc.bind              : binding parameter (1:BIGINT) <- [1]
2026-08-08T14:04:44.670+02:00 DEBUG 3732 --- [demo] [http-nio-8080-exec-10] org.hibernate.SQL                        : select u1_0.id,e1_0.id,e1_0.birth_date,e1_0.document_id,e1_0.employee_number,e1_0.first_name,e1_0.last_name,e1_0.organization_id,e1_0.phone_number,p1_0.id,p1_0.code_name,p1_0.name,e1_0.residence_address,e1_0.shift_id,u1_0.enabled,u1_0.password from users u1_0 left join employees e1_0 on e1_0.id=u1_0.employee_id left join positions p1_0 on p1_0.id=e1_0.position_id where e1_0.employee_number=?
2026-08-08T14:04:44.670+02:00 TRACE 3732 --- [demo] [http-nio-8080-exec-10] org.hibernate.orm.jdbc.bind              : binding parameter (1:VARCHAR) <- [04000001]
2026-08-08T14:04:44.733+02:00 DEBUG 3732 --- [demo] [http-nio-8080-exec-10] org.hibernate.SQL                        : select ot1_0.id,ot1_0.name from organization_types ot1_0 where ot1_0.id=?
2026-08-08T14:04:44.733+02:00 TRACE 3732 --- [demo] [http-nio-8080-exec-10] org.hibernate.orm.jdbc.bind              : binding parameter (1:BIGINT) <- [999]
2026-08-08T14:04:44.767+02:00 DEBUG 3732 --- [demo] [http-nio-8080-exec-1] org.hibernate.SQL                        : select u1_0.id,e1_0.id,e1_0.birth_date,e1_0.document_id,e1_0.employee_number,e1_0.first_name,e1_0.last_name,e1_0.organization_id,e1_0.phone_number,p1_0.id,p1_0.code_name,p1_0.name,e1_0.residence_address,e1_0.shift_id,u1_0.enabled,u1_0.password from users u1_0 left join employees e1_0 on e1_0.id=u1_0.employee_id left join positions p1_0 on p1_0.id=e1_0.position_id where e1_0.employee_number=?
2026-08-08T14:04:44.767+02:00 TRACE 3732 --- [demo] [http-nio-8080-exec-1] org.hibernate.orm.jdbc.bind              : binding parameter (1:VARCHAR) <- [01000001]
2026-08-08T14:04:44.877+02:00 DEBUG 3732 --- [demo] [http-nio-8080-exec-2] org.hibernate.SQL                        : select u1_0.id,e1_0.id,e1_0.birth_date,e1_0.document_id,e1_0.employee_number,e1_0.first_name,e1_0.last_name,e1_0.organization_id,e1_0.phone_number,p1_0.id,p1_0.code_name,p1_0.name,e1_0.residence_address,e1_0.shift_id,u1_0.enabled,u1_0.password from users u1_0 left join employees e1_0 on e1_0.id=u1_0.employee_id left join positions p1_0 on p1_0.id=e1_0.position_id where e1_0.employee_number=?
2026-08-08T14:04:44.877+02:00 TRACE 3732 --- [demo] [http-nio-8080-exec-2] org.hibernate.orm.jdbc.bind              : binding parameter (1:VARCHAR) <- [03000001]
2026-08-08T14:04:45.012+02:00 DEBUG 3732 --- [demo] [http-nio-8080-exec-3] org.hibernate.SQL                        : select u1_0.id,e1_0.id,e1_0.birth_date,e1_0.document_id,e1_0.employee_number,e1_0.first_name,e1_0.last_name,e1_0.organization_id,e1_0.phone_number,p1_0.id,p1_0.code_name,p1_0.name,e1_0.residence_address,e1_0.shift_id,u1_0.enabled,u1_0.password from users u1_0 left join employees e1_0 on e1_0.id=u1_0.employee_id left join positions p1_0 on p1_0.id=e1_0.position_id where e1_0.employee_number=?
2026-08-08T14:04:45.012+02:00 TRACE 3732 --- [demo] [http-nio-8080-exec-3] org.hibernate.orm.jdbc.bind              : binding parameter (1:VARCHAR) <- [04000001]
2026-08-08T14:04:45.080+02:00 DEBUG 3732 --- [demo] [http-nio-8080-exec-3] org.hibernate.SQL                        : select ot1_0.id from organization_types ot1_0 where ot1_0.name=? fetch first ? rows only
2026-08-08T14:04:45.080+02:00 TRACE 3732 --- [demo] [http-nio-8080-exec-3] org.hibernate.orm.jdbc.bind              : binding parameter (1:VARCHAR) <- [Store]
2026-08-08T14:04:45.080+02:00 TRACE 3732 --- [demo] [http-nio-8080-exec-3] org.hibernate.orm.jdbc.bind              : binding parameter (2:INTEGER) <- [1]
2026-08-08T14:04:45.081+02:00 DEBUG 3732 --- [demo] [http-nio-8080-exec-3] org.hibernate.SQL                        : select nextval('organization_type_seq')
2026-08-08T14:04:45.082+02:00 DEBUG 3732 --- [demo] [http-nio-8080-exec-3] org.hibernate.SQL                        : insert into organization_types (name,id) values (?,?)
2026-08-08T14:04:45.082+02:00 TRACE 3732 --- [demo] [http-nio-8080-exec-3] org.hibernate.orm.jdbc.bind              : binding parameter (1:VARCHAR) <- [Store]
2026-08-08T14:04:45.082+02:00 TRACE 3732 --- [demo] [http-nio-8080-exec-3] org.hibernate.orm.jdbc.bind              : binding parameter (2:BIGINT) <- [2]
2026-08-08T14:04:45.181+02:00 DEBUG 3732 --- [demo] [http-nio-8080-exec-4] org.hibernate.SQL                        : select u1_0.id,e1_0.id,e1_0.birth_date,e1_0.document_id,e1_0.employee_number,e1_0.first_name,e1_0.last_name,e1_0.organization_id,e1_0.phone_number,p1_0.id,p1_0.code_name,p1_0.name,e1_0.residence_address,e1_0.shift_id,u1_0.enabled,u1_0.password from users u1_0 left join employees e1_0 on e1_0.id=u1_0.employee_id left join positions p1_0 on p1_0.id=e1_0.position_id where e1_0.employee_number=?
2026-08-08T14:04:45.181+02:00 TRACE 3732 --- [demo] [http-nio-8080-exec-4] org.hibernate.orm.jdbc.bind              : binding parameter (1:VARCHAR) <- [04000001]
2026-08-08T14:04:45.248+02:00 DEBUG 3732 --- [demo] [http-nio-8080-exec-4] org.hibernate.SQL                        : select ot1_0.id from organization_types ot1_0 where ot1_0.name=? fetch first ? rows only
2026-08-08T14:04:45.249+02:00 TRACE 3732 --- [demo] [http-nio-8080-exec-4] org.hibernate.orm.jdbc.bind              : binding parameter (1:VARCHAR) <- [Employer]
2026-08-08T14:04:45.249+02:00 TRACE 3732 --- [demo] [http-nio-8080-exec-4] org.hibernate.orm.jdbc.bind              : binding parameter (2:INTEGER) <- [1]
2026-08-08T14:04:45.321+02:00 DEBUG 3732 --- [demo] [http-nio-8080-exec-5] org.hibernate.SQL                        : select u1_0.id,e1_0.id,e1_0.birth_date,e1_0.document_id,e1_0.employee_number,e1_0.first_name,e1_0.last_name,e1_0.organization_id,e1_0.phone_number,p1_0.id,p1_0.code_name,p1_0.name,e1_0.residence_address,e1_0.shift_id,u1_0.enabled,u1_0.password from users u1_0 left join employees e1_0 on e1_0.id=u1_0.employee_id left join positions p1_0 on p1_0.id=e1_0.position_id where e1_0.employee_number=?
2026-08-08T14:04:45.321+02:00 TRACE 3732 --- [demo] [http-nio-8080-exec-5] org.hibernate.orm.jdbc.bind              : binding parameter (1:VARCHAR) <- [01000001]
2026-08-08T14:04:45.476+02:00 DEBUG 3732 --- [demo] [http-nio-8080-exec-6] org.hibernate.SQL                        : select u1_0.id,e1_0.id,e1_0.birth_date,e1_0.document_id,e1_0.employee_number,e1_0.first_name,e1_0.last_name,e1_0.organization_id,e1_0.phone_number,p1_0.id,p1_0.code_name,p1_0.name,e1_0.residence_address,e1_0.shift_id,u1_0.enabled,u1_0.password from users u1_0 left join employees e1_0 on e1_0.id=u1_0.employee_id left join positions p1_0 on p1_0.id=e1_0.position_id where e1_0.employee_number=?
2026-08-08T14:04:45.477+02:00 TRACE 3732 --- [demo] [http-nio-8080-exec-6] org.hibernate.orm.jdbc.bind              : binding parameter (1:VARCHAR) <- [03000001]
2026-08-08T14:04:45.632+02:00 DEBUG 3732 --- [demo] [http-nio-8080-exec-7] org.hibernate.SQL                        : select u1_0.id,e1_0.id,e1_0.birth_date,e1_0.document_id,e1_0.employee_number,e1_0.first_name,e1_0.last_name,e1_0.organization_id,e1_0.phone_number,p1_0.id,p1_0.code_name,p1_0.name,e1_0.residence_address,e1_0.shift_id,u1_0.enabled,u1_0.password from users u1_0 left join employees e1_0 on e1_0.id=u1_0.employee_id left join positions p1_0 on p1_0.id=e1_0.position_id where e1_0.employee_number=?
2026-08-08T14:04:45.632+02:00 TRACE 3732 --- [demo] [http-nio-8080-exec-7] org.hibernate.orm.jdbc.bind              : binding parameter (1:VARCHAR) <- [04000001]
2026-08-08T14:04:45.697+02:00 DEBUG 3732 --- [demo] [http-nio-8080-exec-7] org.hibernate.SQL                        : select ot1_0.id,ot1_0.name from organization_types ot1_0 where ot1_0.id=?
2026-08-08T14:04:45.697+02:00 TRACE 3732 --- [demo] [http-nio-8080-exec-7] org.hibernate.orm.jdbc.bind              : binding parameter (1:BIGINT) <- [2]
2026-08-08T14:04:45.698+02:00 DEBUG 3732 --- [demo] [http-nio-8080-exec-7] org.hibernate.SQL                        : update organization_types set name=? where id=?
2026-08-08T14:04:45.698+02:00 TRACE 3732 --- [demo] [http-nio-8080-exec-7] org.hibernate.orm.jdbc.bind              : binding parameter (1:VARCHAR) <- [Employer2]
2026-08-08T14:04:45.699+02:00 TRACE 3732 --- [demo] [http-nio-8080-exec-7] org.hibernate.orm.jdbc.bind              : binding parameter (2:BIGINT) <- [2]
2026-08-08T14:04:45.803+02:00 DEBUG 3732 --- [demo] [http-nio-8080-exec-8] org.hibernate.SQL                        : select u1_0.id,e1_0.id,e1_0.birth_date,e1_0.document_id,e1_0.employee_number,e1_0.first_name,e1_0.last_name,e1_0.organization_id,e1_0.phone_number,p1_0.id,p1_0.code_name,p1_0.name,e1_0.residence_address,e1_0.shift_id,u1_0.enabled,u1_0.password from users u1_0 left join employees e1_0 on e1_0.id=u1_0.employee_id left join positions p1_0 on p1_0.id=e1_0.position_id where e1_0.employee_number=?
2026-08-08T14:04:45.804+02:00 TRACE 3732 --- [demo] [http-nio-8080-exec-8] org.hibernate.orm.jdbc.bind              : binding parameter (1:VARCHAR) <- [04000001]
2026-08-08T14:04:45.876+02:00 DEBUG 3732 --- [demo] [http-nio-8080-exec-8] org.hibernate.SQL                        : select ot1_0.id,ot1_0.name from organization_types ot1_0 where ot1_0.id=?
2026-08-08T14:04:45.876+02:00 TRACE 3732 --- [demo] [http-nio-8080-exec-8] org.hibernate.orm.jdbc.bind              : binding parameter (1:BIGINT) <- [999]
2026-08-08T14:04:45.959+02:00 DEBUG 3732 --- [demo] [http-nio-8080-exec-9] org.hibernate.SQL                        : select u1_0.id,e1_0.id,e1_0.birth_date,e1_0.document_id,e1_0.employee_number,e1_0.first_name,e1_0.last_name,e1_0.organization_id,e1_0.phone_number,p1_0.id,p1_0.code_name,p1_0.name,e1_0.residence_address,e1_0.shift_id,u1_0.enabled,u1_0.password from users u1_0 left join employees e1_0 on e1_0.id=u1_0.employee_id left join positions p1_0 on p1_0.id=e1_0.position_id where e1_0.employee_number=?
2026-08-08T14:04:45.961+02:00 TRACE 3732 --- [demo] [http-nio-8080-exec-9] org.hibernate.orm.jdbc.bind              : binding parameter (1:VARCHAR) <- [01000001]
2026-08-08T14:04:46.115+02:00 DEBUG 3732 --- [demo] [http-nio-8080-exec-10] org.hibernate.SQL                        : select u1_0.id,e1_0.id,e1_0.birth_date,e1_0.document_id,e1_0.employee_number,e1_0.first_name,e1_0.last_name,e1_0.organization_id,e1_0.phone_number,p1_0.id,p1_0.code_name,p1_0.name,e1_0.residence_address,e1_0.shift_id,u1_0.enabled,u1_0.password from users u1_0 left join employees e1_0 on e1_0.id=u1_0.employee_id left join positions p1_0 on p1_0.id=e1_0.position_id where e1_0.employee_number=?
2026-08-08T14:04:46.116+02:00 TRACE 3732 --- [demo] [http-nio-8080-exec-10] org.hibernate.orm.jdbc.bind              : binding parameter (1:VARCHAR) <- [03000001]
2026-08-08T14:04:46.271+02:00 DEBUG 3732 --- [demo] [http-nio-8080-exec-1] org.hibernate.SQL                        : select u1_0.id,e1_0.id,e1_0.birth_date,e1_0.document_id,e1_0.employee_number,e1_0.first_name,e1_0.last_name,e1_0.organization_id,e1_0.phone_number,p1_0.id,p1_0.code_name,p1_0.name,e1_0.residence_address,e1_0.shift_id,u1_0.enabled,u1_0.password from users u1_0 left join employees e1_0 on e1_0.id=u1_0.employee_id left join positions p1_0 on p1_0.id=e1_0.position_id where e1_0.employee_number=?
2026-08-08T14:04:46.271+02:00 TRACE 3732 --- [demo] [http-nio-8080-exec-1] org.hibernate.orm.jdbc.bind              : binding parameter (1:VARCHAR) <- [04000001]
2026-08-08T14:04:46.337+02:00 DEBUG 3732 --- [demo] [http-nio-8080-exec-1] org.hibernate.SQL                        : select count(*) from organization_types ot1_0 where ot1_0.id=?
2026-08-08T14:04:46.337+02:00 TRACE 3732 --- [demo] [http-nio-8080-exec-1] org.hibernate.orm.jdbc.bind              : binding parameter (1:BIGINT) <- [2]
2026-08-08T14:04:46.340+02:00 DEBUG 3732 --- [demo] [http-nio-8080-exec-1] org.hibernate.SQL                        : select o1_0.id from organizations o1_0 where o1_0.organization_type_id=? fetch first ? rows only
2026-08-08T14:04:46.341+02:00 TRACE 3732 --- [demo] [http-nio-8080-exec-1] org.hibernate.orm.jdbc.bind              : binding parameter (1:BIGINT) <- [2]
2026-08-08T14:04:46.341+02:00 TRACE 3732 --- [demo] [http-nio-8080-exec-1] org.hibernate.orm.jdbc.bind              : binding parameter (2:INTEGER) <- [1]
2026-08-08T14:04:46.342+02:00 DEBUG 3732 --- [demo] [http-nio-8080-exec-1] org.hibernate.SQL                        : select ot1_0.id,ot1_0.name from organization_types ot1_0 where ot1_0.id=?
2026-08-08T14:04:46.342+02:00 TRACE 3732 --- [demo] [http-nio-8080-exec-1] org.hibernate.orm.jdbc.bind              : binding parameter (1:BIGINT) <- [2]
2026-08-08T14:04:46.344+02:00 DEBUG 3732 --- [demo] [http-nio-8080-exec-1] org.hibernate.SQL                        : delete from organization_types where id=?
2026-08-08T14:04:46.344+02:00 TRACE 3732 --- [demo] [http-nio-8080-exec-1] org.hibernate.orm.jdbc.bind              : binding parameter (1:BIGINT) <- [2]
2026-08-08T14:04:46.443+02:00 DEBUG 3732 --- [demo] [http-nio-8080-exec-2] org.hibernate.SQL                        : select u1_0.id,e1_0.id,e1_0.birth_date,e1_0.document_id,e1_0.employee_number,e1_0.first_name,e1_0.last_name,e1_0.organization_id,e1_0.phone_number,p1_0.id,p1_0.code_name,p1_0.name,e1_0.residence_address,e1_0.shift_id,u1_0.enabled,u1_0.password from users u1_0 left join employees e1_0 on e1_0.id=u1_0.employee_id left join positions p1_0 on p1_0.id=e1_0.position_id where e1_0.employee_number=?
2026-08-08T14:04:46.443+02:00 TRACE 3732 --- [demo] [http-nio-8080-exec-2] org.hibernate.orm.jdbc.bind              : binding parameter (1:VARCHAR) <- [04000001]
2026-08-08T14:04:46.510+02:00 DEBUG 3732 --- [demo] [http-nio-8080-exec-2] org.hibernate.SQL                        : select count(*) from organization_types ot1_0 where ot1_0.id=?
2026-08-08T14:04:46.511+02:00 TRACE 3732 --- [demo] [http-nio-8080-exec-2] org.hibernate.orm.jdbc.bind              : binding parameter (1:BIGINT) <- [2]
2026-08-08T14:04:46.580+02:00 DEBUG 3732 --- [demo] [http-nio-8080-exec-3] org.hibernate.SQL                        : select u1_0.id,e1_0.id,e1_0.birth_date,e1_0.document_id,e1_0.employee_number,e1_0.first_name,e1_0.last_name,e1_0.organization_id,e1_0.phone_number,p1_0.id,p1_0.code_name,p1_0.name,e1_0.residence_address,e1_0.shift_id,u1_0.enabled,u1_0.password from users u1_0 left join employees e1_0 on e1_0.id=u1_0.employee_id left join positions p1_0 on p1_0.id=e1_0.position_id where e1_0.employee_number=?
2026-08-08T14:04:46.580+02:00 TRACE 3732 --- [demo] [http-nio-8080-exec-3] org.hibernate.orm.jdbc.bind              : binding parameter (1:VARCHAR) <- [04000001]
2026-08-08T14:04:46.647+02:00 DEBUG 3732 --- [demo] [http-nio-8080-exec-3] org.hibernate.SQL                        : select count(*) from organization_types ot1_0 where ot1_0.id=?
2026-08-08T14:04:46.648+02:00 TRACE 3732 --- [demo] [http-nio-8080-exec-3] org.hibernate.orm.jdbc.bind              : binding parameter (1:BIGINT) <- [1]
2026-08-08T14:04:46.649+02:00 DEBUG 3732 --- [demo] [http-nio-8080-exec-3] org.hibernate.SQL                        : select o1_0.id from organizations o1_0 where o1_0.organization_type_id=? fetch first ? rows only
2026-08-08T14:04:46.649+02:00 TRACE 3732 --- [demo] [http-nio-8080-exec-3] org.hibernate.orm.jdbc.bind              : binding parameter (1:BIGINT) <- [1]
2026-08-08T14:04:46.649+02:00 TRACE 3732 --- [demo] [http-nio-8080-exec-3] org.hibernate.orm.jdbc.bind              : binding parameter (2:INTEGER) <- [1]
2026-08-08T14:07:13.826+02:00 DEBUG 3732 --- [demo] [http-nio-8080-exec-6] org.hibernate.SQL                        : select u1_0.id,e1_0.id,e1_0.birth_date,e1_0.document_id,e1_0.employee_number,e1_0.first_name,e1_0.last_name,e1_0.organization_id,e1_0.phone_number,p1_0.id,p1_0.code_name,p1_0.name,e1_0.residence_address,e1_0.shift_id,u1_0.enabled,u1_0.password from users u1_0 left join employees e1_0 on e1_0.id=u1_0.employee_id left join positions p1_0 on p1_0.id=e1_0.position_id where e1_0.employee_number=?
2026-08-08T14:07:13.826+02:00 TRACE 3732 --- [demo] [http-nio-8080-exec-6] org.hibernate.orm.jdbc.bind              : binding parameter (1:VARCHAR) <- [02000001]
2026-08-08T14:07:44.592+02:00 DEBUG 3732 --- [demo] [http-nio-8080-exec-7] org.hibernate.SQL                        : select u1_0.id,e1_0.id,e1_0.birth_date,e1_0.document_id,e1_0.employee_number,e1_0.first_name,e1_0.last_name,e1_0.organization_id,e1_0.phone_number,p1_0.id,p1_0.code_name,p1_0.name,e1_0.residence_address,e1_0.shift_id,u1_0.enabled,u1_0.password from users u1_0 left join employees e1_0 on e1_0.id=u1_0.employee_id left join positions p1_0 on p1_0.id=e1_0.position_id where e1_0.employee_number=?
2026-08-08T14:07:44.592+02:00 TRACE 3732 --- [demo] [http-nio-8080-exec-7] org.hibernate.orm.jdbc.bind              : binding parameter (1:VARCHAR) <- [03000001]
2026-08-08T14:07:44.666+02:00 DEBUG 3732 --- [demo] [http-nio-8080-exec-7] org.hibernate.SQL                        : select o1_0.id,o1_0.address,o1_0.email,o1_0.name,o1_0.organization_number,o1_0.organization_type_id,o1_0.phone,o1_0.url from organizations o1_0
2026-08-08T14:08:01.158+02:00 DEBUG 3732 --- [demo] [http-nio-8080-exec-8] org.hibernate.SQL                        : select u1_0.id,e1_0.id,e1_0.birth_date,e1_0.document_id,e1_0.employee_number,e1_0.first_name,e1_0.last_name,e1_0.organization_id,e1_0.phone_number,p1_0.id,p1_0.code_name,p1_0.name,e1_0.residence_address,e1_0.shift_id,u1_0.enabled,u1_0.password from users u1_0 left join employees e1_0 on e1_0.id=u1_0.employee_id left join positions p1_0 on p1_0.id=e1_0.position_id where e1_0.employee_number=?
2026-08-08T14:08:01.158+02:00 TRACE 3732 --- [demo] [http-nio-8080-exec-8] org.hibernate.orm.jdbc.bind              : binding parameter (1:VARCHAR) <- [04000001]
2026-08-08T14:08:01.226+02:00 DEBUG 3732 --- [demo] [http-nio-8080-exec-8] org.hibernate.SQL                        : select o1_0.id,o1_0.address,o1_0.email,o1_0.name,o1_0.organization_number,o1_0.organization_type_id,o1_0.phone,o1_0.url from organizations o1_0
2026-08-08T14:08:01.227+02:00 DEBUG 3732 --- [demo] [http-nio-8080-exec-8] org.hibernate.SQL                        : select ot1_0.id,ot1_0.name from organization_types ot1_0 where ot1_0.id=?
2026-08-08T14:08:01.227+02:00 TRACE 3732 --- [demo] [http-nio-8080-exec-8] org.hibernate.orm.jdbc.bind              : binding parameter (1:BIGINT) <- [1]
2026-08-08T14:08:30.054+02:00 DEBUG 3732 --- [demo] [http-nio-8080-exec-9] org.hibernate.SQL                        : select u1_0.id,e1_0.id,e1_0.birth_date,e1_0.document_id,e1_0.employee_number,e1_0.first_name,e1_0.last_name,e1_0.organization_id,e1_0.phone_number,p1_0.id,p1_0.code_name,p1_0.name,e1_0.residence_address,e1_0.shift_id,u1_0.enabled,u1_0.password from users u1_0 left join employees e1_0 on e1_0.id=u1_0.employee_id left join positions p1_0 on p1_0.id=e1_0.position_id where e1_0.employee_number=?
2026-08-08T14:08:30.054+02:00 TRACE 3732 --- [demo] [http-nio-8080-exec-9] org.hibernate.orm.jdbc.bind              : binding parameter (1:VARCHAR) <- [02000001]
2026-08-08T14:08:43.519+02:00 DEBUG 3732 --- [demo] [http-nio-8080-exec-10] org.hibernate.SQL                        : select u1_0.id,e1_0.id,e1_0.birth_date,e1_0.document_id,e1_0.employee_number,e1_0.first_name,e1_0.last_name,e1_0.organization_id,e1_0.phone_number,p1_0.id,p1_0.code_name,p1_0.name,e1_0.residence_address,e1_0.shift_id,u1_0.enabled,u1_0.password from users u1_0 left join employees e1_0 on e1_0.id=u1_0.employee_id left join positions p1_0 on p1_0.id=e1_0.position_id where e1_0.employee_number=?
2026-08-08T14:08:43.519+02:00 TRACE 3732 --- [demo] [http-nio-8080-exec-10] org.hibernate.orm.jdbc.bind              : binding parameter (1:VARCHAR) <- [03000001]
2026-08-08T14:08:43.586+02:00 DEBUG 3732 --- [demo] [http-nio-8080-exec-10] org.hibernate.SQL                        : select count(*) from organizations o1_0 where o1_0.id=?
2026-08-08T14:08:43.587+02:00 TRACE 3732 --- [demo] [http-nio-8080-exec-10] org.hibernate.orm.jdbc.bind              : binding parameter (1:BIGINT) <- [1]
2026-08-08T14:08:43.588+02:00 DEBUG 3732 --- [demo] [http-nio-8080-exec-10] org.hibernate.SQL                        : select o1_0.id,o1_0.address,o1_0.email,o1_0.name,o1_0.organization_number,o1_0.organization_type_id,o1_0.phone,o1_0.url from organizations o1_0 where o1_0.id=?
2026-08-08T14:08:43.588+02:00 TRACE 3732 --- [demo] [http-nio-8080-exec-10] org.hibernate.orm.jdbc.bind              : binding parameter (1:BIGINT) <- [1]
2026-08-08T14:08:57.118+02:00 DEBUG 3732 --- [demo] [http-nio-8080-exec-1] org.hibernate.SQL                        : select u1_0.id,e1_0.id,e1_0.birth_date,e1_0.document_id,e1_0.employee_number,e1_0.first_name,e1_0.last_name,e1_0.organization_id,e1_0.phone_number,p1_0.id,p1_0.code_name,p1_0.name,e1_0.residence_address,e1_0.shift_id,u1_0.enabled,u1_0.password from users u1_0 left join employees e1_0 on e1_0.id=u1_0.employee_id left join positions p1_0 on p1_0.id=e1_0.position_id where e1_0.employee_number=?
2026-08-08T14:08:57.118+02:00 TRACE 3732 --- [demo] [http-nio-8080-exec-1] org.hibernate.orm.jdbc.bind              : binding parameter (1:VARCHAR) <- [04000001]
2026-08-08T14:08:57.185+02:00 DEBUG 3732 --- [demo] [http-nio-8080-exec-1] org.hibernate.SQL                        : select count(*) from organizations o1_0 where o1_0.id=?
2026-08-08T14:08:57.186+02:00 TRACE 3732 --- [demo] [http-nio-8080-exec-1] org.hibernate.orm.jdbc.bind              : binding parameter (1:BIGINT) <- [1]
2026-08-08T14:08:57.187+02:00 DEBUG 3732 --- [demo] [http-nio-8080-exec-1] org.hibernate.SQL                        : select o1_0.id,o1_0.address,o1_0.email,o1_0.name,o1_0.organization_number,o1_0.organization_type_id,o1_0.phone,o1_0.url from organizations o1_0 where o1_0.id=?
2026-08-08T14:08:57.187+02:00 TRACE 3732 --- [demo] [http-nio-8080-exec-1] org.hibernate.orm.jdbc.bind              : binding parameter (1:BIGINT) <- [1]
2026-08-08T14:08:57.188+02:00 DEBUG 3732 --- [demo] [http-nio-8080-exec-1] org.hibernate.SQL                        : select ot1_0.id,ot1_0.name from organization_types ot1_0 where ot1_0.id=?
2026-08-08T14:08:57.188+02:00 TRACE 3732 --- [demo] [http-nio-8080-exec-1] org.hibernate.orm.jdbc.bind              : binding parameter (1:BIGINT) <- [1]
2026-08-08T14:09:12.906+02:00 DEBUG 3732 --- [demo] [http-nio-8080-exec-2] org.hibernate.SQL                        : select u1_0.id,e1_0.id,e1_0.birth_date,e1_0.document_id,e1_0.employee_number,e1_0.first_name,e1_0.last_name,e1_0.organization_id,e1_0.phone_number,p1_0.id,p1_0.code_name,p1_0.name,e1_0.residence_address,e1_0.shift_id,u1_0.enabled,u1_0.password from users u1_0 left join employees e1_0 on e1_0.id=u1_0.employee_id left join positions p1_0 on p1_0.id=e1_0.position_id where e1_0.employee_number=?
2026-08-08T14:09:12.906+02:00 TRACE 3732 --- [demo] [http-nio-8080-exec-2] org.hibernate.orm.jdbc.bind              : binding parameter (1:VARCHAR) <- [04000001]
2026-08-08T14:09:12.966+02:00 DEBUG 3732 --- [demo] [http-nio-8080-exec-2] org.hibernate.SQL                        : select count(*) from organizations o1_0 where o1_0.id=?
2026-08-08T14:09:12.966+02:00 TRACE 3732 --- [demo] [http-nio-8080-exec-2] org.hibernate.orm.jdbc.bind              : binding parameter (1:BIGINT) <- [999]
2026-08-08T14:12:02.060+02:00 DEBUG 3732 --- [demo] [http-nio-8080-exec-5] org.hibernate.SQL                        : select u1_0.id,e1_0.id,e1_0.birth_date,e1_0.document_id,e1_0.employee_number,e1_0.first_name,e1_0.last_name,e1_0.organization_id,e1_0.phone_number,p1_0.id,p1_0.code_name,p1_0.name,e1_0.residence_address,e1_0.shift_id,u1_0.enabled,u1_0.password from users u1_0 left join employees e1_0 on e1_0.id=u1_0.employee_id left join positions p1_0 on p1_0.id=e1_0.position_id where e1_0.employee_number=?
2026-08-08T14:12:02.060+02:00 TRACE 3732 --- [demo] [http-nio-8080-exec-5] org.hibernate.orm.jdbc.bind              : binding parameter (1:VARCHAR) <- [02000001]
2026-08-08T14:12:02.133+02:00  WARN 3732 --- [demo] [http-nio-8080-exec-5] .w.s.m.s.DefaultHandlerExceptionResolver : Resolved [org.springframework.http.converter.HttpMessageNotReadableException: JSON parse error: Cannot map `null` into type `long` (set `DeserializationFeature.FAIL_ON_NULL_FOR_PRIMITIVES` to 'false' to allow)]
2026-08-08T14:13:08.692+02:00 DEBUG 3732 --- [demo] [http-nio-8080-exec-7] org.hibernate.SQL                        : select u1_0.id,e1_0.id,e1_0.birth_date,e1_0.document_id,e1_0.employee_number,e1_0.first_name,e1_0.last_name,e1_0.organization_id,e1_0.phone_number,p1_0.id,p1_0.code_name,p1_0.name,e1_0.residence_address,e1_0.shift_id,u1_0.enabled,u1_0.password from users u1_0 left join employees e1_0 on e1_0.id=u1_0.employee_id left join positions p1_0 on p1_0.id=e1_0.position_id where e1_0.employee_number=?
2026-08-08T14:13:08.692+02:00 TRACE 3732 --- [demo] [http-nio-8080-exec-7] org.hibernate.orm.jdbc.bind              : binding parameter (1:VARCHAR) <- [02000001]
2026-08-08T14:13:35.558+02:00 DEBUG 3732 --- [demo] [http-nio-8080-exec-8] org.hibernate.SQL                        : select u1_0.id,e1_0.id,e1_0.birth_date,e1_0.document_id,e1_0.employee_number,e1_0.first_name,e1_0.last_name,e1_0.organization_id,e1_0.phone_number,p1_0.id,p1_0.code_name,p1_0.name,e1_0.residence_address,e1_0.shift_id,u1_0.enabled,u1_0.password from users u1_0 left join employees e1_0 on e1_0.id=u1_0.employee_id left join positions p1_0 on p1_0.id=e1_0.position_id where e1_0.employee_number=?
2026-08-08T14:13:35.558+02:00 TRACE 3732 --- [demo] [http-nio-8080-exec-8] org.hibernate.orm.jdbc.bind              : binding parameter (1:VARCHAR) <- [03000001]
2026-08-08T14:13:53.112+02:00 DEBUG 3732 --- [demo] [http-nio-8080-exec-9] org.hibernate.SQL                        : select u1_0.id,e1_0.id,e1_0.birth_date,e1_0.document_id,e1_0.employee_number,e1_0.first_name,e1_0.last_name,e1_0.organization_id,e1_0.phone_number,p1_0.id,p1_0.code_name,p1_0.name,e1_0.residence_address,e1_0.shift_id,u1_0.enabled,u1_0.password from users u1_0 left join employees e1_0 on e1_0.id=u1_0.employee_id left join positions p1_0 on p1_0.id=e1_0.position_id where e1_0.employee_number=?
2026-08-08T14:13:53.112+02:00 TRACE 3732 --- [demo] [http-nio-8080-exec-9] org.hibernate.orm.jdbc.bind              : binding parameter (1:VARCHAR) <- [04000001]
2026-08-08T14:13:53.170+02:00 DEBUG 3732 --- [demo] [http-nio-8080-exec-9] org.hibernate.SQL                        : select o1_0.id from organizations o1_0 where o1_0.organization_number=? fetch first ? rows only
2026-08-08T14:13:53.170+02:00 TRACE 3732 --- [demo] [http-nio-8080-exec-9] org.hibernate.orm.jdbc.bind              : binding parameter (1:VARCHAR) <- [00000002]
2026-08-08T14:13:53.170+02:00 TRACE 3732 --- [demo] [http-nio-8080-exec-9] org.hibernate.orm.jdbc.bind              : binding parameter (2:INTEGER) <- [1]
2026-08-08T14:13:53.170+02:00 DEBUG 3732 --- [demo] [http-nio-8080-exec-9] org.hibernate.SQL                        : select ot1_0.id,ot1_0.name from organization_types ot1_0 where ot1_0.id=?
2026-08-08T14:13:53.170+02:00 TRACE 3732 --- [demo] [http-nio-8080-exec-9] org.hibernate.orm.jdbc.bind              : binding parameter (1:BIGINT) <- [2]
2026-08-08T14:14:13.376+02:00 DEBUG 3732 --- [demo] [http-nio-8080-exec-10] org.hibernate.SQL                        : select u1_0.id,e1_0.id,e1_0.birth_date,e1_0.document_id,e1_0.employee_number,e1_0.first_name,e1_0.last_name,e1_0.organization_id,e1_0.phone_number,p1_0.id,p1_0.code_name,p1_0.name,e1_0.residence_address,e1_0.shift_id,u1_0.enabled,u1_0.password from users u1_0 left join employees e1_0 on e1_0.id=u1_0.employee_id left join positions p1_0 on p1_0.id=e1_0.position_id where e1_0.employee_number=?
2026-08-08T14:14:13.377+02:00 TRACE 3732 --- [demo] [http-nio-8080-exec-10] org.hibernate.orm.jdbc.bind              : binding parameter (1:VARCHAR) <- [04000001]
2026-08-08T14:14:13.443+02:00 DEBUG 3732 --- [demo] [http-nio-8080-exec-10] org.hibernate.SQL                        : select o1_0.id from organizations o1_0 where o1_0.organization_number=? fetch first ? rows only
2026-08-08T14:14:13.444+02:00 TRACE 3732 --- [demo] [http-nio-8080-exec-10] org.hibernate.orm.jdbc.bind              : binding parameter (1:VARCHAR) <- [00000002]
2026-08-08T14:14:13.444+02:00 TRACE 3732 --- [demo] [http-nio-8080-exec-10] org.hibernate.orm.jdbc.bind              : binding parameter (2:INTEGER) <- [1]
2026-08-08T14:14:13.445+02:00 DEBUG 3732 --- [demo] [http-nio-8080-exec-10] org.hibernate.SQL                        : select ot1_0.id,ot1_0.name from organization_types ot1_0 where ot1_0.id=?
2026-08-08T14:14:13.445+02:00 TRACE 3732 --- [demo] [http-nio-8080-exec-10] org.hibernate.orm.jdbc.bind              : binding parameter (1:BIGINT) <- [1]
2026-08-08T14:14:13.446+02:00 DEBUG 3732 --- [demo] [http-nio-8080-exec-10] org.hibernate.SQL                        : select nextval('organization_seq')
2026-08-08T14:14:13.448+02:00 DEBUG 3732 --- [demo] [http-nio-8080-exec-10] org.hibernate.SQL                        : insert into organizations (address,email,name,organization_number,organization_type_id,phone,url,id) values (?,?,?,?,?,?,?,?)
2026-08-08T14:14:13.449+02:00 TRACE 3732 --- [demo] [http-nio-8080-exec-10] org.hibernate.orm.jdbc.bind              : binding parameter (1:VARCHAR) <- [Address B]
2026-08-08T14:14:13.449+02:00 TRACE 3732 --- [demo] [http-nio-8080-exec-10] org.hibernate.orm.jdbc.bind              : binding parameter (2:VARCHAR) <- [B@email.com]
2026-08-08T14:14:13.449+02:00 TRACE 3732 --- [demo] [http-nio-8080-exec-10] org.hibernate.orm.jdbc.bind              : binding parameter (3:VARCHAR) <- [Organization B]
2026-08-08T14:14:13.449+02:00 TRACE 3732 --- [demo] [http-nio-8080-exec-10] org.hibernate.orm.jdbc.bind              : binding parameter (4:VARCHAR) <- [00000002]
2026-08-08T14:14:13.449+02:00 TRACE 3732 --- [demo] [http-nio-8080-exec-10] org.hibernate.orm.jdbc.bind              : binding parameter (5:BIGINT) <- [1]
2026-08-08T14:14:13.449+02:00 TRACE 3732 --- [demo] [http-nio-8080-exec-10] org.hibernate.orm.jdbc.bind              : binding parameter (6:VARCHAR) <- [+1234567890]
2026-08-08T14:14:13.449+02:00 TRACE 3732 --- [demo] [http-nio-8080-exec-10] org.hibernate.orm.jdbc.bind              : binding parameter (7:VARCHAR) <- [B.com]
2026-08-08T14:14:13.449+02:00 TRACE 3732 --- [demo] [http-nio-8080-exec-10] org.hibernate.orm.jdbc.bind              : binding parameter (8:BIGINT) <- [2]
2026-08-08T14:14:55.286+02:00 DEBUG 3732 --- [demo] [http-nio-8080-exec-1] org.hibernate.SQL                        : select u1_0.id,e1_0.id,e1_0.birth_date,e1_0.document_id,e1_0.employee_number,e1_0.first_name,e1_0.last_name,e1_0.organization_id,e1_0.phone_number,p1_0.id,p1_0.code_name,p1_0.name,e1_0.residence_address,e1_0.shift_id,u1_0.enabled,u1_0.password from users u1_0 left join employees e1_0 on e1_0.id=u1_0.employee_id left join positions p1_0 on p1_0.id=e1_0.position_id where e1_0.employee_number=?
2026-08-08T14:14:55.286+02:00 TRACE 3732 --- [demo] [http-nio-8080-exec-1] org.hibernate.orm.jdbc.bind              : binding parameter (1:VARCHAR) <- [04000001]
2026-08-08T14:14:55.349+02:00 DEBUG 3732 --- [demo] [http-nio-8080-exec-1] org.hibernate.SQL                        : select o1_0.id from organizations o1_0 where o1_0.organization_number=? fetch first ? rows only
2026-08-08T14:14:55.349+02:00 TRACE 3732 --- [demo] [http-nio-8080-exec-1] org.hibernate.orm.jdbc.bind              : binding parameter (1:VARCHAR) <- [00000002]
2026-08-08T14:14:55.349+02:00 TRACE 3732 --- [demo] [http-nio-8080-exec-1] org.hibernate.orm.jdbc.bind              : binding parameter (2:INTEGER) <- [1]
2026-08-08T14:16:06.752+02:00 DEBUG 3732 --- [demo] [http-nio-8080-exec-4] org.hibernate.SQL                        : select u1_0.id,e1_0.id,e1_0.birth_date,e1_0.document_id,e1_0.employee_number,e1_0.first_name,e1_0.last_name,e1_0.organization_id,e1_0.phone_number,p1_0.id,p1_0.code_name,p1_0.name,e1_0.residence_address,e1_0.shift_id,u1_0.enabled,u1_0.password from users u1_0 left join employees e1_0 on e1_0.id=u1_0.employee_id left join positions p1_0 on p1_0.id=e1_0.position_id where e1_0.employee_number=?
2026-08-08T14:16:06.752+02:00 TRACE 3732 --- [demo] [http-nio-8080-exec-4] org.hibernate.orm.jdbc.bind              : binding parameter (1:VARCHAR) <- [02000001]
2026-08-08T14:16:50.915+02:00 DEBUG 3732 --- [demo] [http-nio-8080-exec-5] org.hibernate.SQL                        : select u1_0.id,e1_0.id,e1_0.birth_date,e1_0.document_id,e1_0.employee_number,e1_0.first_name,e1_0.last_name,e1_0.organization_id,e1_0.phone_number,p1_0.id,p1_0.code_name,p1_0.name,e1_0.residence_address,e1_0.shift_id,u1_0.enabled,u1_0.password from users u1_0 left join employees e1_0 on e1_0.id=u1_0.employee_id left join positions p1_0 on p1_0.id=e1_0.position_id where e1_0.employee_number=?
2026-08-08T14:16:50.915+02:00 TRACE 3732 --- [demo] [http-nio-8080-exec-5] org.hibernate.orm.jdbc.bind              : binding parameter (1:VARCHAR) <- [03000001]
2026-08-08T14:17:12.668+02:00 DEBUG 3732 --- [demo] [http-nio-8080-exec-6] org.hibernate.SQL                        : select u1_0.id,e1_0.id,e1_0.birth_date,e1_0.document_id,e1_0.employee_number,e1_0.first_name,e1_0.last_name,e1_0.organization_id,e1_0.phone_number,p1_0.id,p1_0.code_name,p1_0.name,e1_0.residence_address,e1_0.shift_id,u1_0.enabled,u1_0.password from users u1_0 left join employees e1_0 on e1_0.id=u1_0.employee_id left join positions p1_0 on p1_0.id=e1_0.position_id where e1_0.employee_number=?
2026-08-08T14:17:12.668+02:00 TRACE 3732 --- [demo] [http-nio-8080-exec-6] org.hibernate.orm.jdbc.bind              : binding parameter (1:VARCHAR) <- [04000001]
2026-08-08T14:17:12.728+02:00 DEBUG 3732 --- [demo] [http-nio-8080-exec-6] org.hibernate.SQL                        : select count(*) from organizations o1_0 where o1_0.id=?
2026-08-08T14:17:12.728+02:00 TRACE 3732 --- [demo] [http-nio-8080-exec-6] org.hibernate.orm.jdbc.bind              : binding parameter (1:BIGINT) <- [2]
2026-08-08T14:17:12.728+02:00 DEBUG 3732 --- [demo] [http-nio-8080-exec-6] org.hibernate.SQL                        : select o1_0.id,o1_0.address,o1_0.email,o1_0.name,o1_0.organization_number,o1_0.organization_type_id,o1_0.phone,o1_0.url from organizations o1_0 where o1_0.id=?
2026-08-08T14:17:12.728+02:00 TRACE 3732 --- [demo] [http-nio-8080-exec-6] org.hibernate.orm.jdbc.bind              : binding parameter (1:BIGINT) <- [2]
2026-08-08T14:17:12.739+02:00 DEBUG 3732 --- [demo] [http-nio-8080-exec-6] org.hibernate.SQL                        : select o1_0.id from organizations o1_0 where o1_0.organization_number=? fetch first ? rows only
2026-08-08T14:17:12.741+02:00 TRACE 3732 --- [demo] [http-nio-8080-exec-6] org.hibernate.orm.jdbc.bind              : binding parameter (1:VARCHAR) <- [00000002]
2026-08-08T14:17:12.741+02:00 TRACE 3732 --- [demo] [http-nio-8080-exec-6] org.hibernate.orm.jdbc.bind              : binding parameter (2:INTEGER) <- [1]
2026-08-08T14:17:12.741+02:00 DEBUG 3732 --- [demo] [http-nio-8080-exec-6] org.hibernate.SQL                        : select ot1_0.id,ot1_0.name from organization_types ot1_0 where ot1_0.id=?
2026-08-08T14:17:12.741+02:00 TRACE 3732 --- [demo] [http-nio-8080-exec-6] org.hibernate.orm.jdbc.bind              : binding parameter (1:BIGINT) <- [1]
2026-08-08T14:17:12.743+02:00 DEBUG 3732 --- [demo] [http-nio-8080-exec-6] org.hibernate.SQL                        : update organizations set address=?,email=?,name=?,organization_number=?,organization_type_id=?,phone=?,url=? where id=?
2026-08-08T14:17:12.743+02:00 TRACE 3732 --- [demo] [http-nio-8080-exec-6] org.hibernate.orm.jdbc.bind              : binding parameter (1:VARCHAR) <- [Address B]
2026-08-08T14:17:12.743+02:00 TRACE 3732 --- [demo] [http-nio-8080-exec-6] org.hibernate.orm.jdbc.bind              : binding parameter (2:VARCHAR) <- [B@email.com]
2026-08-08T14:17:12.743+02:00 TRACE 3732 --- [demo] [http-nio-8080-exec-6] org.hibernate.orm.jdbc.bind              : binding parameter (3:VARCHAR) <- [Organization B1]
2026-08-08T14:17:12.743+02:00 TRACE 3732 --- [demo] [http-nio-8080-exec-6] org.hibernate.orm.jdbc.bind              : binding parameter (4:VARCHAR) <- [00000002]
2026-08-08T14:17:12.743+02:00 TRACE 3732 --- [demo] [http-nio-8080-exec-6] org.hibernate.orm.jdbc.bind              : binding parameter (5:BIGINT) <- [1]
2026-08-08T14:17:12.743+02:00 TRACE 3732 --- [demo] [http-nio-8080-exec-6] org.hibernate.orm.jdbc.bind              : binding parameter (6:VARCHAR) <- [+1234567890]
2026-08-08T14:17:12.743+02:00 TRACE 3732 --- [demo] [http-nio-8080-exec-6] org.hibernate.orm.jdbc.bind              : binding parameter (7:VARCHAR) <- [B.com]
2026-08-08T14:17:12.743+02:00 TRACE 3732 --- [demo] [http-nio-8080-exec-6] org.hibernate.orm.jdbc.bind              : binding parameter (8:BIGINT) <- [2]
2026-08-08T14:18:06.559+02:00 DEBUG 3732 --- [demo] [http-nio-8080-exec-7] org.hibernate.SQL                        : select u1_0.id,e1_0.id,e1_0.birth_date,e1_0.document_id,e1_0.employee_number,e1_0.first_name,e1_0.last_name,e1_0.organization_id,e1_0.phone_number,p1_0.id,p1_0.code_name,p1_0.name,e1_0.residence_address,e1_0.shift_id,u1_0.enabled,u1_0.password from users u1_0 left join employees e1_0 on e1_0.id=u1_0.employee_id left join positions p1_0 on p1_0.id=e1_0.position_id where e1_0.employee_number=?
2026-08-08T14:18:06.559+02:00 TRACE 3732 --- [demo] [http-nio-8080-exec-7] org.hibernate.orm.jdbc.bind              : binding parameter (1:VARCHAR) <- [04000001]
2026-08-08T14:18:06.628+02:00 DEBUG 3732 --- [demo] [http-nio-8080-exec-7] org.hibernate.SQL                        : select p1_0.id,p1_0.code_name,p1_0.name from positions p1_0 where p1_0.id=?
2026-08-08T14:18:06.628+02:00 TRACE 3732 --- [demo] [http-nio-8080-exec-7] org.hibernate.orm.jdbc.bind              : binding parameter (1:BIGINT) <- [999]
2026-08-08T14:18:55.682+02:00 DEBUG 3732 --- [demo] [http-nio-8080-exec-8] org.hibernate.SQL                        : select u1_0.id,e1_0.id,e1_0.birth_date,e1_0.document_id,e1_0.employee_number,e1_0.first_name,e1_0.last_name,e1_0.organization_id,e1_0.phone_number,p1_0.id,p1_0.code_name,p1_0.name,e1_0.residence_address,e1_0.shift_id,u1_0.enabled,u1_0.password from users u1_0 left join employees e1_0 on e1_0.id=u1_0.employee_id left join positions p1_0 on p1_0.id=e1_0.position_id where e1_0.employee_number=?
2026-08-08T14:18:55.682+02:00 TRACE 3732 --- [demo] [http-nio-8080-exec-8] org.hibernate.orm.jdbc.bind              : binding parameter (1:VARCHAR) <- [04000001]
2026-08-08T14:18:55.766+02:00 DEBUG 3732 --- [demo] [http-nio-8080-exec-8] org.hibernate.SQL                        : select p1_0.id,p1_0.code_name,p1_0.name from positions p1_0 where p1_0.id=?
2026-08-08T14:18:55.767+02:00 TRACE 3732 --- [demo] [http-nio-8080-exec-8] org.hibernate.orm.jdbc.bind              : binding parameter (1:BIGINT) <- [999]
2026-08-08T14:19:04.461+02:00 DEBUG 3732 --- [demo] [http-nio-8080-exec-9] org.hibernate.SQL                        : select u1_0.id,e1_0.id,e1_0.birth_date,e1_0.document_id,e1_0.employee_number,e1_0.first_name,e1_0.last_name,e1_0.organization_id,e1_0.phone_number,p1_0.id,p1_0.code_name,p1_0.name,e1_0.residence_address,e1_0.shift_id,u1_0.enabled,u1_0.password from users u1_0 left join employees e1_0 on e1_0.id=u1_0.employee_id left join positions p1_0 on p1_0.id=e1_0.position_id where e1_0.employee_number=?
2026-08-08T14:19:04.461+02:00 TRACE 3732 --- [demo] [http-nio-8080-exec-9] org.hibernate.orm.jdbc.bind              : binding parameter (1:VARCHAR) <- [04000001]
2026-08-08T14:19:04.527+02:00 DEBUG 3732 --- [demo] [http-nio-8080-exec-9] org.hibernate.SQL                        : select p1_0.id,p1_0.code_name,p1_0.name from positions p1_0 where p1_0.id=?
2026-08-08T14:19:04.528+02:00 TRACE 3732 --- [demo] [http-nio-8080-exec-9] org.hibernate.orm.jdbc.bind              : binding parameter (1:BIGINT) <- [2]
2026-08-08T14:19:04.530+02:00 DEBUG 3732 --- [demo] [http-nio-8080-exec-9] org.hibernate.SQL                        : update positions set code_name=?,name=? where id=?
2026-08-08T14:19:04.530+02:00 TRACE 3732 --- [demo] [http-nio-8080-exec-9] org.hibernate.orm.jdbc.bind              : binding parameter (1:VARCHAR) <- [SHIFT_SUPERVISOR]
2026-08-08T14:19:04.530+02:00 TRACE 3732 --- [demo] [http-nio-8080-exec-9] org.hibernate.orm.jdbc.bind              : binding parameter (2:VARCHAR) <- [Organization B2]
2026-08-08T14:19:04.530+02:00 TRACE 3732 --- [demo] [http-nio-8080-exec-9] org.hibernate.orm.jdbc.bind              : binding parameter (3:BIGINT) <- [2]
2026-08-08T14:19:26.944+02:00 DEBUG 3732 --- [demo] [http-nio-8080-exec-10] org.hibernate.SQL                        : select u1_0.id,e1_0.id,e1_0.birth_date,e1_0.document_id,e1_0.employee_number,e1_0.first_name,e1_0.last_name,e1_0.organization_id,e1_0.phone_number,p1_0.id,p1_0.code_name,p1_0.name,e1_0.residence_address,e1_0.shift_id,u1_0.enabled,u1_0.password from users u1_0 left join employees e1_0 on e1_0.id=u1_0.employee_id left join positions p1_0 on p1_0.id=e1_0.position_id where e1_0.employee_number=?
2026-08-08T14:19:26.944+02:00 TRACE 3732 --- [demo] [http-nio-8080-exec-10] org.hibernate.orm.jdbc.bind              : binding parameter (1:VARCHAR) <- [04000001]
2026-08-08T14:19:27.019+02:00 DEBUG 3732 --- [demo] [http-nio-8080-exec-10] org.hibernate.SQL                        : select count(*) from organizations o1_0 where o1_0.id=?
2026-08-08T14:19:27.019+02:00 TRACE 3732 --- [demo] [http-nio-8080-exec-10] org.hibernate.orm.jdbc.bind              : binding parameter (1:BIGINT) <- [999]
2026-08-08T14:19:41.429+02:00 DEBUG 3732 --- [demo] [http-nio-8080-exec-1] org.hibernate.SQL                        : select u1_0.id,e1_0.id,e1_0.birth_date,e1_0.document_id,e1_0.employee_number,e1_0.first_name,e1_0.last_name,e1_0.organization_id,e1_0.phone_number,p1_0.id,p1_0.code_name,p1_0.name,e1_0.residence_address,e1_0.shift_id,u1_0.enabled,u1_0.password from users u1_0 left join employees e1_0 on e1_0.id=u1_0.employee_id left join positions p1_0 on p1_0.id=e1_0.position_id where e1_0.employee_number=?
2026-08-08T14:19:41.429+02:00 TRACE 3732 --- [demo] [http-nio-8080-exec-1] org.hibernate.orm.jdbc.bind              : binding parameter (1:VARCHAR) <- [04000001]
2026-08-08T14:20:11.841+02:00  INFO 3732 --- [demo] [SpringApplicationShutdownHook] o.s.boot.tomcat.GracefulShutdown         : Commencing graceful shutdown. Waiting for active requests to complete
2026-08-08T14:20:11.845+02:00  INFO 3732 --- [demo] [tomcat-shutdown] o.s.boot.tomcat.GracefulShutdown         : Graceful shutdown complete
2026-08-08T14:20:11.851+02:00  INFO 3732 --- [demo] [SpringApplicationShutdownHook] j.LocalContainerEntityManagerFactoryBean : Closing JPA EntityManagerFactory for persistence unit 'default'
2026-08-08T14:20:11.857+02:00 DEBUG 3732 --- [demo] [SpringApplicationShutdownHook] org.hibernate.SQL                        : set client_min_messages = WARNING
2026-08-08T14:20:11.857+02:00 DEBUG 3732 --- [demo] [SpringApplicationShutdownHook] org.hibernate.SQL                        : alter table if exists action_logs drop constraint if exists FKabx32d38kv3htb0sytu0grnft
2026-08-08T14:20:11.859+02:00 DEBUG 3732 --- [demo] [SpringApplicationShutdownHook] org.hibernate.SQL                        : alter table if exists employees drop constraint if exists FKh62l7gpgesex8wjd6himtb3e1
2026-08-08T14:20:11.860+02:00 DEBUG 3732 --- [demo] [SpringApplicationShutdownHook] org.hibernate.SQL                        : alter table if exists employees drop constraint if exists FKngcpgx7fx5kednw3m7u0u8of3
2026-08-08T14:20:11.861+02:00 DEBUG 3732 --- [demo] [SpringApplicationShutdownHook] org.hibernate.SQL                        : alter table if exists employees drop constraint if exists FKerjbet32797doputgk79dc4ga
2026-08-08T14:20:11.861+02:00 DEBUG 3732 --- [demo] [SpringApplicationShutdownHook] org.hibernate.SQL                        : alter table if exists order_pallets drop constraint if exists FKpqdqlwod8tktiphtoc7oer7rt
2026-08-08T14:20:11.862+02:00 DEBUG 3732 --- [demo] [SpringApplicationShutdownHook] org.hibernate.SQL                        : alter table if exists order_pallets drop constraint if exists FKre8sl05h2cj0mpxc2r8t7fvvx
2026-08-08T14:20:11.863+02:00 DEBUG 3732 --- [demo] [SpringApplicationShutdownHook] org.hibernate.SQL                        : alter table if exists order_pallets drop constraint if exists FKamr5jy658vv73d04vembos2bw
2026-08-08T14:20:11.863+02:00 DEBUG 3732 --- [demo] [SpringApplicationShutdownHook] org.hibernate.SQL                        : alter table if exists ordered_products drop constraint if exists FKi7isf670mbq331v0muqqry1cd
2026-08-08T14:20:11.863+02:00 DEBUG 3732 --- [demo] [SpringApplicationShutdownHook] org.hibernate.SQL                        : alter table if exists ordered_products drop constraint if exists FK4ximfyldt9wafxil44a95nbow
2026-08-08T14:20:11.863+02:00 DEBUG 3732 --- [demo] [SpringApplicationShutdownHook] org.hibernate.SQL                        : alter table if exists orders drop constraint if exists FKlwggw414a2ts5kuwn3w3xwey4
2026-08-08T14:20:11.864+02:00 DEBUG 3732 --- [demo] [SpringApplicationShutdownHook] org.hibernate.SQL                        : alter table if exists orders drop constraint if exists FK90a9kwkuq8tdssbn73patuj1o
2026-08-08T14:20:11.864+02:00 DEBUG 3732 --- [demo] [SpringApplicationShutdownHook] org.hibernate.SQL                        : alter table if exists orders drop constraint if exists FKsskkpl1vd8t45wcvx150udmvo
2026-08-08T14:20:11.865+02:00 DEBUG 3732 --- [demo] [SpringApplicationShutdownHook] org.hibernate.SQL                        : alter table if exists orders drop constraint if exists FKp7dc0isy2d4u0q76rrmwyyye9
2026-08-08T14:20:11.866+02:00 DEBUG 3732 --- [demo] [SpringApplicationShutdownHook] org.hibernate.SQL                        : alter table if exists organizations drop constraint if exists FKapumdmay8yodgwtrshtoukpm1
2026-08-08T14:20:11.867+02:00 DEBUG 3732 --- [demo] [SpringApplicationShutdownHook] org.hibernate.SQL                        : alter table if exists packages drop constraint if exists FKpbap7arai7981kim42hnmllvy
2026-08-08T14:20:11.867+02:00 DEBUG 3732 --- [demo] [SpringApplicationShutdownHook] org.hibernate.SQL                        : alter table if exists paper_cards drop constraint if exists FKd9updxxiind6n0qu03wobuvh6
2026-08-08T14:20:11.868+02:00 DEBUG 3732 --- [demo] [SpringApplicationShutdownHook] org.hibernate.SQL                        : alter table if exists picked_products drop constraint if exists FKd7dkbt15tcqu5a44qp1f8fpvw
2026-08-08T14:20:11.868+02:00 DEBUG 3732 --- [demo] [SpringApplicationShutdownHook] org.hibernate.SQL                        : alter table if exists picked_products drop constraint if exists FKl3toya91sky77ldb56ak25egp
2026-08-08T14:20:11.868+02:00 DEBUG 3732 --- [demo] [SpringApplicationShutdownHook] org.hibernate.SQL                        : alter table if exists product_pallets drop constraint if exists FKq0c540v7295mp0t33kl6sj0v3
2026-08-08T14:20:11.870+02:00 DEBUG 3732 --- [demo] [SpringApplicationShutdownHook] org.hibernate.SQL                        : alter table if exists product_pallets drop constraint if exists FKpnufn9ti4t3cus76xl9727jpl
2026-08-08T14:20:11.870+02:00 DEBUG 3732 --- [demo] [SpringApplicationShutdownHook] org.hibernate.SQL                        : alter table if exists product_pallets drop constraint if exists FKge9nts7ge6rddq124q7wm7geh
2026-08-08T14:20:11.870+02:00 DEBUG 3732 --- [demo] [SpringApplicationShutdownHook] org.hibernate.SQL                        : alter table if exists product_pallets drop constraint if exists FK437c8obhesvrd78rdmv09bmym
2026-08-08T14:20:11.870+02:00 DEBUG 3732 --- [demo] [SpringApplicationShutdownHook] org.hibernate.SQL                        : alter table if exists products drop constraint if exists FK9f4oe4i29p9ah82tlxxfx9qmw
2026-08-08T14:20:11.870+02:00 DEBUG 3732 --- [demo] [SpringApplicationShutdownHook] org.hibernate.SQL                        : alter table if exists return_products drop constraint if exists FK4ncg3gnnd9f9wcadd80whdc89
2026-08-08T14:20:11.870+02:00 DEBUG 3732 --- [demo] [SpringApplicationShutdownHook] org.hibernate.SQL                        : alter table if exists return_products drop constraint if exists FKv2qnmbp3kaqqe4wycem8mhti
2026-08-08T14:20:11.872+02:00 DEBUG 3732 --- [demo] [SpringApplicationShutdownHook] org.hibernate.SQL                        : alter table if exists tracks drop constraint if exists FKh4jx673abomox36uqp69qe0a6
2026-08-08T14:20:11.872+02:00 DEBUG 3732 --- [demo] [SpringApplicationShutdownHook] org.hibernate.SQL                        : alter table if exists users drop constraint if exists FK6p2ib82uai0pj9yk1iassppgq
2026-08-08T14:20:11.873+02:00 DEBUG 3732 --- [demo] [SpringApplicationShutdownHook] org.hibernate.SQL                        : alter table if exists work_stations drop constraint if exists FKsb494sowyhqf94e5oumi6b7a0
2026-08-08T14:20:11.874+02:00 DEBUG 3732 --- [demo] [SpringApplicationShutdownHook] org.hibernate.SQL                        : drop table if exists action_logs cascade
2026-08-08T14:20:11.875+02:00 DEBUG 3732 --- [demo] [SpringApplicationShutdownHook] org.hibernate.SQL                        : drop table if exists employees cascade
2026-08-08T14:20:11.877+02:00 DEBUG 3732 --- [demo] [SpringApplicationShutdownHook] org.hibernate.SQL                        : drop table if exists gates cascade
2026-08-08T14:20:11.878+02:00 DEBUG 3732 --- [demo] [SpringApplicationShutdownHook] org.hibernate.SQL                        : drop table if exists order_pallets cascade
2026-08-08T14:20:11.879+02:00 DEBUG 3732 --- [demo] [SpringApplicationShutdownHook] org.hibernate.SQL                        : drop table if exists ordered_products cascade
2026-08-08T14:20:11.879+02:00 DEBUG 3732 --- [demo] [SpringApplicationShutdownHook] org.hibernate.SQL                        : drop table if exists orders cascade
2026-08-08T14:20:11.881+02:00 DEBUG 3732 --- [demo] [SpringApplicationShutdownHook] org.hibernate.SQL                        : drop table if exists organization_types cascade
2026-08-08T14:20:11.882+02:00 DEBUG 3732 --- [demo] [SpringApplicationShutdownHook] org.hibernate.SQL                        : drop table if exists organizations cascade
2026-08-08T14:20:11.882+02:00 DEBUG 3732 --- [demo] [SpringApplicationShutdownHook] org.hibernate.SQL                        : drop table if exists packages cascade
2026-08-08T14:20:11.882+02:00 DEBUG 3732 --- [demo] [SpringApplicationShutdownHook] org.hibernate.SQL                        : drop table if exists pallets cascade
2026-08-08T14:20:11.885+02:00 DEBUG 3732 --- [demo] [SpringApplicationShutdownHook] org.hibernate.SQL                        : drop table if exists paper_cards cascade
2026-08-08T14:20:11.887+02:00 DEBUG 3732 --- [demo] [SpringApplicationShutdownHook] org.hibernate.SQL                        : drop table if exists picked_products cascade
2026-08-08T14:20:11.887+02:00 DEBUG 3732 --- [demo] [SpringApplicationShutdownHook] org.hibernate.SQL                        : drop table if exists positions cascade
2026-08-08T14:20:11.889+02:00 DEBUG 3732 --- [demo] [SpringApplicationShutdownHook] org.hibernate.SQL                        : drop table if exists product_pallets cascade
2026-08-08T14:20:11.890+02:00 DEBUG 3732 --- [demo] [SpringApplicationShutdownHook] org.hibernate.SQL                        : drop table if exists products cascade
2026-08-08T14:20:11.892+02:00 DEBUG 3732 --- [demo] [SpringApplicationShutdownHook] org.hibernate.SQL                        : drop table if exists return_products cascade
2026-08-08T14:20:11.893+02:00 DEBUG 3732 --- [demo] [SpringApplicationShutdownHook] org.hibernate.SQL                        : drop table if exists shifts cascade
2026-08-08T14:20:11.894+02:00 DEBUG 3732 --- [demo] [SpringApplicationShutdownHook] org.hibernate.SQL                        : drop table if exists statuses cascade
2026-08-08T14:20:11.894+02:00 DEBUG 3732 --- [demo] [SpringApplicationShutdownHook] org.hibernate.SQL                        : drop table if exists tracks cascade
2026-08-08T14:20:11.895+02:00 DEBUG 3732 --- [demo] [SpringApplicationShutdownHook] org.hibernate.SQL                        : drop table if exists users cascade
2026-08-08T14:20:11.896+02:00 DEBUG 3732 --- [demo] [SpringApplicationShutdownHook] org.hibernate.SQL                        : drop table if exists work_stations cascade
2026-08-08T14:20:11.897+02:00 DEBUG 3732 --- [demo] [SpringApplicationShutdownHook] org.hibernate.SQL                        : drop table if exists workshops cascade
2026-08-08T14:20:11.899+02:00 DEBUG 3732 --- [demo] [SpringApplicationShutdownHook] org.hibernate.SQL                        : drop sequence if exists action_logs_seq
2026-08-08T14:20:11.900+02:00 DEBUG 3732 --- [demo] [SpringApplicationShutdownHook] org.hibernate.SQL                        : drop sequence if exists employee_seq
2026-08-08T14:20:11.900+02:00 DEBUG 3732 --- [demo] [SpringApplicationShutdownHook] org.hibernate.SQL                        : drop sequence if exists gate_seq
2026-08-08T14:20:11.900+02:00 DEBUG 3732 --- [demo] [SpringApplicationShutdownHook] org.hibernate.SQL                        : drop sequence if exists order_pallets_seq
2026-08-08T14:20:11.902+02:00 DEBUG 3732 --- [demo] [SpringApplicationShutdownHook] org.hibernate.SQL                        : drop sequence if exists order_seq
2026-08-08T14:20:11.902+02:00 DEBUG 3732 --- [demo] [SpringApplicationShutdownHook] org.hibernate.SQL                        : drop sequence if exists ordered_products_seq
2026-08-08T14:20:11.902+02:00 DEBUG 3732 --- [demo] [SpringApplicationShutdownHook] org.hibernate.SQL                        : drop sequence if exists organization_seq
2026-08-08T14:20:11.904+02:00 DEBUG 3732 --- [demo] [SpringApplicationShutdownHook] org.hibernate.SQL                        : drop sequence if exists organization_type_seq
2026-08-08T14:20:11.904+02:00 DEBUG 3732 --- [demo] [SpringApplicationShutdownHook] org.hibernate.SQL                        : drop sequence if exists package_seq
2026-08-08T14:20:11.905+02:00 DEBUG 3732 --- [demo] [SpringApplicationShutdownHook] org.hibernate.SQL                        : drop sequence if exists pallet_seq
2026-08-08T14:20:11.906+02:00 DEBUG 3732 --- [demo] [SpringApplicationShutdownHook] org.hibernate.SQL                        : drop sequence if exists paper_cards_seq
2026-08-08T14:20:11.906+02:00 DEBUG 3732 --- [demo] [SpringApplicationShutdownHook] org.hibernate.SQL                        : drop sequence if exists picked_products_seq
2026-08-08T14:20:11.907+02:00 DEBUG 3732 --- [demo] [SpringApplicationShutdownHook] org.hibernate.SQL                        : drop sequence if exists position_seq
2026-08-08T14:20:11.907+02:00 DEBUG 3732 --- [demo] [SpringApplicationShutdownHook] org.hibernate.SQL                        : drop sequence if exists product_pallet_seq
2026-08-08T14:20:11.908+02:00 DEBUG 3732 --- [demo] [SpringApplicationShutdownHook] org.hibernate.SQL                        : drop sequence if exists products_seq
2026-08-08T14:20:11.908+02:00 DEBUG 3732 --- [demo] [SpringApplicationShutdownHook] org.hibernate.SQL                        : drop sequence if exists return_products_seq
2026-08-08T14:20:11.909+02:00 DEBUG 3732 --- [demo] [SpringApplicationShutdownHook] org.hibernate.SQL                        : drop sequence if exists shift_seq
2026-08-08T14:20:11.910+02:00 DEBUG 3732 --- [demo] [SpringApplicationShutdownHook] org.hibernate.SQL                        : drop sequence if exists status_seq
2026-08-08T14:20:11.910+02:00 DEBUG 3732 --- [demo] [SpringApplicationShutdownHook] org.hibernate.SQL                        : drop sequence if exists track_seq
2026-08-08T14:20:11.911+02:00 DEBUG 3732 --- [demo] [SpringApplicationShutdownHook] org.hibernate.SQL                        : drop sequence if exists user_seq
2026-08-08T14:20:11.912+02:00 DEBUG 3732 --- [demo] [SpringApplicationShutdownHook] org.hibernate.SQL                        : drop sequence if exists work_station_seq
2026-08-08T14:20:11.912+02:00 DEBUG 3732 --- [demo] [SpringApplicationShutdownHook] org.hibernate.SQL                        : drop sequence if exists workshop_seq
2026-08-08T14:20:11.914+02:00  INFO 3732 --- [demo] [SpringApplicationShutdownHook] com.zaxxer.hikari.HikariDataSource       : HikariPool-1 - Shutdown initiated...
2026-08-08T14:20:11.916+02:00  INFO 3732 --- [demo] [SpringApplicationShutdownHook] com.zaxxer.hikari.HikariDataSource       : HikariPool-1 - Shutdown completed.
2026-08-08T14:20:17.024+02:00  INFO 23752 --- [demo] [main] com.warehouse.demo.DemoApplication       : Starting DemoApplication using Java 21.0.12 with PID 23752 (C:\Users\v1rus\Development\Java\Warehouse\demo\target\classes started by v1rus in C:\Users\v1rus\Development\Java\Warehouse\demo)
2026-08-08T14:20:17.026+02:00  INFO 23752 --- [demo] [main] com.warehouse.demo.DemoApplication       : No active profile set, falling back to 1 default profile: "default"
2026-08-08T14:20:17.584+02:00  INFO 23752 --- [demo] [main] .s.d.r.c.RepositoryConfigurationDelegate : Bootstrapping Spring Data JPA repositories in DEFAULT mode.
2026-08-08T14:20:17.666+02:00  INFO 23752 --- [demo] [main] .s.d.r.c.RepositoryConfigurationDelegate : Finished Spring Data repository scanning in 73 ms. Found 22 JPA repository interfaces.
2026-08-08T14:20:18.132+02:00  INFO 23752 --- [demo] [main] o.s.boot.tomcat.TomcatWebServer          : Tomcat initialized with port 8080 (http)
2026-08-08T14:20:18.143+02:00  INFO 23752 --- [demo] [main] o.apache.catalina.core.StandardService   : Starting service [Tomcat]
2026-08-08T14:20:18.143+02:00  INFO 23752 --- [demo] [main] o.apache.catalina.core.StandardEngine    : Starting Servlet engine: [Apache Tomcat/11.0.22]
2026-08-08T14:20:18.186+02:00  INFO 23752 --- [demo] [main] b.w.c.s.WebApplicationContextInitializer : Root WebApplicationContext: initialization completed in 1128 ms
2026-08-08T14:20:18.395+02:00  INFO 23752 --- [demo] [main] org.hibernate.orm.jpa                    : HHH008540: Processing PersistenceUnitInfo [name: default]
2026-08-08T14:20:18.438+02:00  INFO 23752 --- [demo] [main] org.hibernate.orm.core                   : HHH000001: Hibernate ORM core version 7.4.1.Final
2026-08-08T14:20:18.745+02:00  INFO 23752 --- [demo] [main] o.s.o.j.p.SpringPersistenceUnitInfo      : No LoadTimeWeaver setup: ignoring JPA class transformer
2026-08-08T14:20:18.772+02:00  INFO 23752 --- [demo] [main] com.zaxxer.hikari.HikariDataSource       : HikariPool-1 - Starting...
2026-08-08T14:20:18.902+02:00  INFO 23752 --- [demo] [main] com.zaxxer.hikari.pool.HikariPool        : HikariPool-1 - Added connection org.postgresql.jdbc.PgConnection@45f95ac0
2026-08-08T14:20:18.904+02:00  INFO 23752 --- [demo] [main] com.zaxxer.hikari.HikariDataSource       : HikariPool-1 - Start completed.
2026-08-08T14:20:18.958+02:00  INFO 23752 --- [demo] [main] org.hibernate.orm.connections.pooling    : HHH10001005: Database info:
	Database JDBC URL [jdbc:postgresql://localhost:5432/warehouse_db]
	Database driver: PostgreSQL JDBC Driver
	Database dialect: PostgreSQLDialect
	Database version: 18.4
	Default catalog/schema: warehouse_db/public
	Autocommit mode: undefined/unknown
	Isolation level: READ_COMMITTED [default READ_COMMITTED]
	JDBC fetch size: none
	Pool: DataSourceConnectionProvider
	Minimum pool size: undefined/unknown
	Maximum pool size: undefined/unknown
2026-08-08T14:20:19.794+02:00  INFO 23752 --- [demo] [main] org.hibernate.orm.core                   : HHH000489: No JTA platform available (set 'hibernate.transaction.jta.platform' to enable JTA platform integration)
2026-08-08T14:20:19.812+02:00 DEBUG 23752 --- [demo] [main] org.hibernate.SQL                        : set client_min_messages = WARNING
2026-08-08T14:20:19.813+02:00 DEBUG 23752 --- [demo] [main] org.hibernate.SQL                        : alter table if exists action_logs drop constraint if exists FKabx32d38kv3htb0sytu0grnft
2026-08-08T14:20:19.813+02:00 DEBUG 23752 --- [demo] [main] org.hibernate.SQL                        : alter table if exists employees drop constraint if exists FKh62l7gpgesex8wjd6himtb3e1
2026-08-08T14:20:19.814+02:00 DEBUG 23752 --- [demo] [main] org.hibernate.SQL                        : alter table if exists employees drop constraint if exists FKngcpgx7fx5kednw3m7u0u8of3
2026-08-08T14:20:19.814+02:00 DEBUG 23752 --- [demo] [main] org.hibernate.SQL                        : alter table if exists employees drop constraint if exists FKerjbet32797doputgk79dc4ga
2026-08-08T14:20:19.814+02:00 DEBUG 23752 --- [demo] [main] org.hibernate.SQL                        : alter table if exists order_pallets drop constraint if exists FKpqdqlwod8tktiphtoc7oer7rt
2026-08-08T14:20:19.815+02:00 DEBUG 23752 --- [demo] [main] org.hibernate.SQL                        : alter table if exists order_pallets drop constraint if exists FKre8sl05h2cj0mpxc2r8t7fvvx
2026-08-08T14:20:19.815+02:00 DEBUG 23752 --- [demo] [main] org.hibernate.SQL                        : alter table if exists order_pallets drop constraint if exists FKamr5jy658vv73d04vembos2bw
2026-08-08T14:20:19.815+02:00 DEBUG 23752 --- [demo] [main] org.hibernate.SQL                        : alter table if exists ordered_products drop constraint if exists FKi7isf670mbq331v0muqqry1cd
2026-08-08T14:20:19.815+02:00 DEBUG 23752 --- [demo] [main] org.hibernate.SQL                        : alter table if exists ordered_products drop constraint if exists FK4ximfyldt9wafxil44a95nbow
2026-08-08T14:20:19.817+02:00 DEBUG 23752 --- [demo] [main] org.hibernate.SQL                        : alter table if exists orders drop constraint if exists FKlwggw414a2ts5kuwn3w3xwey4
2026-08-08T14:20:19.817+02:00 DEBUG 23752 --- [demo] [main] org.hibernate.SQL                        : alter table if exists orders drop constraint if exists FK90a9kwkuq8tdssbn73patuj1o
2026-08-08T14:20:19.817+02:00 DEBUG 23752 --- [demo] [main] org.hibernate.SQL                        : alter table if exists orders drop constraint if exists FKsskkpl1vd8t45wcvx150udmvo
2026-08-08T14:20:19.818+02:00 DEBUG 23752 --- [demo] [main] org.hibernate.SQL                        : alter table if exists orders drop constraint if exists FKp7dc0isy2d4u0q76rrmwyyye9
2026-08-08T14:20:19.818+02:00 DEBUG 23752 --- [demo] [main] org.hibernate.SQL                        : alter table if exists organizations drop constraint if exists FKapumdmay8yodgwtrshtoukpm1
2026-08-08T14:20:19.818+02:00 DEBUG 23752 --- [demo] [main] org.hibernate.SQL                        : alter table if exists packages drop constraint if exists FKpbap7arai7981kim42hnmllvy
2026-08-08T14:20:19.819+02:00 DEBUG 23752 --- [demo] [main] org.hibernate.SQL                        : alter table if exists paper_cards drop constraint if exists FKd9updxxiind6n0qu03wobuvh6
2026-08-08T14:20:19.819+02:00 DEBUG 23752 --- [demo] [main] org.hibernate.SQL                        : alter table if exists picked_products drop constraint if exists FKd7dkbt15tcqu5a44qp1f8fpvw
2026-08-08T14:20:19.819+02:00 DEBUG 23752 --- [demo] [main] org.hibernate.SQL                        : alter table if exists picked_products drop constraint if exists FKl3toya91sky77ldb56ak25egp
2026-08-08T14:20:19.819+02:00 DEBUG 23752 --- [demo] [main] org.hibernate.SQL                        : alter table if exists product_pallets drop constraint if exists FKq0c540v7295mp0t33kl6sj0v3
2026-08-08T14:20:19.820+02:00 DEBUG 23752 --- [demo] [main] org.hibernate.SQL                        : alter table if exists product_pallets drop constraint if exists FKpnufn9ti4t3cus76xl9727jpl
2026-08-08T14:20:19.820+02:00 DEBUG 23752 --- [demo] [main] org.hibernate.SQL                        : alter table if exists product_pallets drop constraint if exists FKge9nts7ge6rddq124q7wm7geh
2026-08-08T14:20:19.820+02:00 DEBUG 23752 --- [demo] [main] org.hibernate.SQL                        : alter table if exists product_pallets drop constraint if exists FK437c8obhesvrd78rdmv09bmym
2026-08-08T14:20:19.820+02:00 DEBUG 23752 --- [demo] [main] org.hibernate.SQL                        : alter table if exists products drop constraint if exists FK9f4oe4i29p9ah82tlxxfx9qmw
2026-08-08T14:20:19.821+02:00 DEBUG 23752 --- [demo] [main] org.hibernate.SQL                        : alter table if exists return_products drop constraint if exists FK4ncg3gnnd9f9wcadd80whdc89
2026-08-08T14:20:19.821+02:00 DEBUG 23752 --- [demo] [main] org.hibernate.SQL                        : alter table if exists return_products drop constraint if exists FKv2qnmbp3kaqqe4wycem8mhti
2026-08-08T14:20:19.821+02:00 DEBUG 23752 --- [demo] [main] org.hibernate.SQL                        : alter table if exists tracks drop constraint if exists FKh4jx673abomox36uqp69qe0a6
2026-08-08T14:20:19.822+02:00 DEBUG 23752 --- [demo] [main] org.hibernate.SQL                        : alter table if exists users drop constraint if exists FK6p2ib82uai0pj9yk1iassppgq
2026-08-08T14:20:19.822+02:00 DEBUG 23752 --- [demo] [main] org.hibernate.SQL                        : alter table if exists work_stations drop constraint if exists FKsb494sowyhqf94e5oumi6b7a0
2026-08-08T14:20:19.822+02:00 DEBUG 23752 --- [demo] [main] org.hibernate.SQL                        : drop table if exists action_logs cascade
2026-08-08T14:20:19.824+02:00 DEBUG 23752 --- [demo] [main] org.hibernate.SQL                        : drop table if exists employees cascade
2026-08-08T14:20:19.824+02:00 DEBUG 23752 --- [demo] [main] org.hibernate.SQL                        : drop table if exists gates cascade
2026-08-08T14:20:19.824+02:00 DEBUG 23752 --- [demo] [main] org.hibernate.SQL                        : drop table if exists order_pallets cascade
2026-08-08T14:20:19.824+02:00 DEBUG 23752 --- [demo] [main] org.hibernate.SQL                        : drop table if exists ordered_products cascade
2026-08-08T14:20:19.824+02:00 DEBUG 23752 --- [demo] [main] org.hibernate.SQL                        : drop table if exists orders cascade
2026-08-08T14:20:19.825+02:00 DEBUG 23752 --- [demo] [main] org.hibernate.SQL                        : drop table if exists organization_types cascade
2026-08-08T14:20:19.825+02:00 DEBUG 23752 --- [demo] [main] org.hibernate.SQL                        : drop table if exists organizations cascade
2026-08-08T14:20:19.825+02:00 DEBUG 23752 --- [demo] [main] org.hibernate.SQL                        : drop table if exists packages cascade
2026-08-08T14:20:19.825+02:00 DEBUG 23752 --- [demo] [main] org.hibernate.SQL                        : drop table if exists pallets cascade
2026-08-08T14:20:19.826+02:00 DEBUG 23752 --- [demo] [main] org.hibernate.SQL                        : drop table if exists paper_cards cascade
2026-08-08T14:20:19.826+02:00 DEBUG 23752 --- [demo] [main] org.hibernate.SQL                        : drop table if exists picked_products cascade
2026-08-08T14:20:19.826+02:00 DEBUG 23752 --- [demo] [main] org.hibernate.SQL                        : drop table if exists positions cascade
2026-08-08T14:20:19.826+02:00 DEBUG 23752 --- [demo] [main] org.hibernate.SQL                        : drop table if exists product_pallets cascade
2026-08-08T14:20:19.827+02:00 DEBUG 23752 --- [demo] [main] org.hibernate.SQL                        : drop table if exists products cascade
2026-08-08T14:20:19.827+02:00 DEBUG 23752 --- [demo] [main] org.hibernate.SQL                        : drop table if exists return_products cascade
2026-08-08T14:20:19.827+02:00 DEBUG 23752 --- [demo] [main] org.hibernate.SQL                        : drop table if exists shifts cascade
2026-08-08T14:20:19.827+02:00 DEBUG 23752 --- [demo] [main] org.hibernate.SQL                        : drop table if exists statuses cascade
2026-08-08T14:20:19.828+02:00 DEBUG 23752 --- [demo] [main] org.hibernate.SQL                        : drop table if exists tracks cascade
2026-08-08T14:20:19.828+02:00 DEBUG 23752 --- [demo] [main] org.hibernate.SQL                        : drop table if exists users cascade
2026-08-08T14:20:19.828+02:00 DEBUG 23752 --- [demo] [main] org.hibernate.SQL                        : drop table if exists work_stations cascade
2026-08-08T14:20:19.829+02:00 DEBUG 23752 --- [demo] [main] org.hibernate.SQL                        : drop table if exists workshops cascade
2026-08-08T14:20:19.829+02:00 DEBUG 23752 --- [demo] [main] org.hibernate.SQL                        : drop sequence if exists action_logs_seq
2026-08-08T14:20:19.829+02:00 DEBUG 23752 --- [demo] [main] org.hibernate.SQL                        : drop sequence if exists employee_seq
2026-08-08T14:20:19.830+02:00 DEBUG 23752 --- [demo] [main] org.hibernate.SQL                        : drop sequence if exists gate_seq
2026-08-08T14:20:19.830+02:00 DEBUG 23752 --- [demo] [main] org.hibernate.SQL                        : drop sequence if exists order_pallets_seq
2026-08-08T14:20:19.830+02:00 DEBUG 23752 --- [demo] [main] org.hibernate.SQL                        : drop sequence if exists order_seq
2026-08-08T14:20:19.830+02:00 DEBUG 23752 --- [demo] [main] org.hibernate.SQL                        : drop sequence if exists ordered_products_seq
2026-08-08T14:20:19.831+02:00 DEBUG 23752 --- [demo] [main] org.hibernate.SQL                        : drop sequence if exists organization_seq
2026-08-08T14:20:19.831+02:00 DEBUG 23752 --- [demo] [main] org.hibernate.SQL                        : drop sequence if exists organization_type_seq
2026-08-08T14:20:19.831+02:00 DEBUG 23752 --- [demo] [main] org.hibernate.SQL                        : drop sequence if exists package_seq
2026-08-08T14:20:19.832+02:00 DEBUG 23752 --- [demo] [main] org.hibernate.SQL                        : drop sequence if exists pallet_seq
2026-08-08T14:20:19.832+02:00 DEBUG 23752 --- [demo] [main] org.hibernate.SQL                        : drop sequence if exists paper_cards_seq
2026-08-08T14:20:19.832+02:00 DEBUG 23752 --- [demo] [main] org.hibernate.SQL                        : drop sequence if exists picked_products_seq
2026-08-08T14:20:19.832+02:00 DEBUG 23752 --- [demo] [main] org.hibernate.SQL                        : drop sequence if exists position_seq
2026-08-08T14:20:19.833+02:00 DEBUG 23752 --- [demo] [main] org.hibernate.SQL                        : drop sequence if exists product_pallet_seq
2026-08-08T14:20:19.833+02:00 DEBUG 23752 --- [demo] [main] org.hibernate.SQL                        : drop sequence if exists products_seq
2026-08-08T14:20:19.833+02:00 DEBUG 23752 --- [demo] [main] org.hibernate.SQL                        : drop sequence if exists return_products_seq
2026-08-08T14:20:19.834+02:00 DEBUG 23752 --- [demo] [main] org.hibernate.SQL                        : drop sequence if exists shift_seq
2026-08-08T14:20:19.834+02:00 DEBUG 23752 --- [demo] [main] org.hibernate.SQL                        : drop sequence if exists status_seq
2026-08-08T14:20:19.834+02:00 DEBUG 23752 --- [demo] [main] org.hibernate.SQL                        : drop sequence if exists track_seq
2026-08-08T14:20:19.839+02:00 DEBUG 23752 --- [demo] [main] org.hibernate.SQL                        : drop sequence if exists user_seq
2026-08-08T14:20:19.840+02:00 DEBUG 23752 --- [demo] [main] org.hibernate.SQL                        : drop sequence if exists work_station_seq
2026-08-08T14:20:19.840+02:00 DEBUG 23752 --- [demo] [main] org.hibernate.SQL                        : drop sequence if exists workshop_seq
2026-08-08T14:20:19.846+02:00 DEBUG 23752 --- [demo] [main] org.hibernate.SQL                        : create sequence action_logs_seq start with 1 increment by 50
2026-08-08T14:20:19.848+02:00 DEBUG 23752 --- [demo] [main] org.hibernate.SQL                        : create sequence employee_seq start with 1 increment by 50
2026-08-08T14:20:19.851+02:00 DEBUG 23752 --- [demo] [main] org.hibernate.SQL                        : create sequence gate_seq start with 1 increment by 1
2026-08-08T14:20:19.853+02:00 DEBUG 23752 --- [demo] [main] org.hibernate.SQL                        : create sequence order_pallets_seq start with 1 increment by 50
2026-08-08T14:20:19.856+02:00 DEBUG 23752 --- [demo] [main] org.hibernate.SQL                        : create sequence order_seq start with 1 increment by 50
2026-08-08T14:20:19.857+02:00 DEBUG 23752 --- [demo] [main] org.hibernate.SQL                        : create sequence ordered_products_seq start with 1 increment by 50
2026-08-08T14:20:19.859+02:00 DEBUG 23752 --- [demo] [main] org.hibernate.SQL                        : create sequence organization_seq start with 1 increment by 50
2026-08-08T14:20:19.860+02:00 DEBUG 23752 --- [demo] [main] org.hibernate.SQL                        : create sequence organization_type_seq start with 1 increment by 1
2026-08-08T14:20:19.862+02:00 DEBUG 23752 --- [demo] [main] org.hibernate.SQL                        : create sequence package_seq start with 1 increment by 50
2026-08-08T14:20:19.864+02:00 DEBUG 23752 --- [demo] [main] org.hibernate.SQL                        : create sequence pallet_seq start with 1 increment by 1
2026-08-08T14:20:19.867+02:00 DEBUG 23752 --- [demo] [main] org.hibernate.SQL                        : create sequence paper_cards_seq start with 1 increment by 50
2026-08-08T14:20:19.868+02:00 DEBUG 23752 --- [demo] [main] org.hibernate.SQL                        : create sequence picked_products_seq start with 1 increment by 50
2026-08-08T14:20:19.871+02:00 DEBUG 23752 --- [demo] [main] org.hibernate.SQL                        : create sequence position_seq start with 1 increment by 1
2026-08-08T14:20:19.873+02:00 DEBUG 23752 --- [demo] [main] org.hibernate.SQL                        : create sequence product_pallet_seq start with 1 increment by 50
2026-08-08T14:20:19.874+02:00 DEBUG 23752 --- [demo] [main] org.hibernate.SQL                        : create sequence products_seq start with 1 increment by 50
2026-08-08T14:20:19.875+02:00 DEBUG 23752 --- [demo] [main] org.hibernate.SQL                        : create sequence return_products_seq start with 1 increment by 50
2026-08-08T14:20:19.876+02:00 DEBUG 23752 --- [demo] [main] org.hibernate.SQL                        : create sequence shift_seq start with 1 increment by 1
2026-08-08T14:20:19.877+02:00 DEBUG 23752 --- [demo] [main] org.hibernate.SQL                        : create sequence status_seq start with 1 increment by 1
2026-08-08T14:20:19.878+02:00 DEBUG 23752 --- [demo] [main] org.hibernate.SQL                        : create sequence track_seq start with 1 increment by 1
2026-08-08T14:20:19.879+02:00 DEBUG 23752 --- [demo] [main] org.hibernate.SQL                        : create sequence user_seq start with 1 increment by 1
2026-08-08T14:20:19.880+02:00 DEBUG 23752 --- [demo] [main] org.hibernate.SQL                        : create sequence work_station_seq start with 1 increment by 1
2026-08-08T14:20:19.882+02:00 DEBUG 23752 --- [demo] [main] org.hibernate.SQL                        : create sequence workshop_seq start with 1 increment by 1
2026-08-08T14:20:19.888+02:00 DEBUG 23752 --- [demo] [main] org.hibernate.SQL                        : create table action_logs (employee_id bigint, entity_id bigint not null, id bigint not null, proceeded_at timestamp(6), action varchar(255), entity_type varchar(255), primary key (id))
2026-08-08T14:20:19.893+02:00 DEBUG 23752 --- [demo] [main] org.hibernate.SQL                        : create table employees (birth_date date, id bigint not null, organization_id bigint, position_id bigint, shift_id bigint, document_id varchar(255), employee_number varchar(255) unique, first_name varchar(255), last_name varchar(255), phone_number varchar(255), residence_address varchar(255), primary key (id))
2026-08-08T14:20:19.898+02:00 DEBUG 23752 --- [demo] [main] org.hibernate.SQL                        : create table gates (id bigint not null, symbol varchar(255), primary key (id))
2026-08-08T14:20:19.900+02:00 DEBUG 23752 --- [demo] [main] org.hibernate.SQL                        : create table order_pallets (id bigint not null, order_id bigint, pallet_id bigint, status_id bigint, primary key (id))
2026-08-08T14:20:19.902+02:00 DEBUG 23752 --- [demo] [main] org.hibernate.SQL                        : create table ordered_products (ordered_volume numeric(38,2), id bigint not null, order_id bigint, package_id bigint, primary key (id))
2026-08-08T14:20:19.904+02:00 DEBUG 23752 --- [demo] [main] org.hibernate.SQL                        : create table orders (gate_id bigint, id bigint not null, shift_id bigint, status_id bigint, store_id bigint, note varchar(255), primary key (id))
2026-08-08T14:20:19.906+02:00 DEBUG 23752 --- [demo] [main] org.hibernate.SQL                        : create table organization_types (id bigint not null, name varchar(255) unique, primary key (id))
2026-08-08T14:20:19.909+02:00 DEBUG 23752 --- [demo] [main] org.hibernate.SQL                        : create table organizations (id bigint not null, organization_type_id bigint, address varchar(255), email varchar(255), name varchar(255), organization_number varchar(255) unique, phone varchar(255), url varchar(255), primary key (id))
2026-08-08T14:20:19.912+02:00 DEBUG 23752 --- [demo] [main] org.hibernate.SQL                        : create table packages (products_amount integer not null, volume numeric(38,2), weight numeric(38,2), id bigint not null, product_id bigint, primary key (id))
2026-08-08T14:20:19.913+02:00 DEBUG 23752 --- [demo] [main] org.hibernate.SQL                        : create table pallets (height numeric(38,2), length numeric(38,2), weight numeric(38,2), width numeric(38,2), id bigint not null, color varchar(255), name varchar(255), primary key (id))
2026-08-08T14:20:19.917+02:00 DEBUG 23752 --- [demo] [main] org.hibernate.SQL                        : create table paper_cards (id bigint not null, order_id bigint, code varchar(255), primary key (id))
2026-08-08T14:20:19.919+02:00 DEBUG 23752 --- [demo] [main] org.hibernate.SQL                        : create table picked_products (picked_volume numeric(38,2), id bigint not null, order_pallet_id bigint, product_package_id bigint, primary key (id))
2026-08-08T14:20:19.921+02:00 DEBUG 23752 --- [demo] [main] org.hibernate.SQL                        : create table positions (id bigint not null, code_name varchar(255) unique, name varchar(255) unique, primary key (id))
2026-08-08T14:20:19.926+02:00 DEBUG 23752 --- [demo] [main] org.hibernate.SQL                        : create table product_pallets (package_amount integer not null, id bigint not null, pallet_id bigint, product_package_id bigint, status_id bigint, work_station_id bigint, id_number varchar(255), primary key (id))
2026-08-08T14:20:19.928+02:00 DEBUG 23752 --- [demo] [main] org.hibernate.SQL                        : create table products (cost numeric(38,2), id bigint not null, producer_id bigint, barcode_number varchar(255), name varchar(255), primary key (id))
2026-08-08T14:20:19.931+02:00 DEBUG 23752 --- [demo] [main] org.hibernate.SQL                        : create table return_products (products_amount integer not null, id bigint not null, order_id bigint, product_id bigint, primary key (id))
2026-08-08T14:20:19.934+02:00 DEBUG 23752 --- [demo] [main] org.hibernate.SQL                        : create table shifts (id bigint not null, symbol varchar(255), primary key (id))
2026-08-08T14:20:19.936+02:00 DEBUG 23752 --- [demo] [main] org.hibernate.SQL                        : create table statuses (id bigint not null, name varchar(255), primary key (id))
2026-08-08T14:20:19.938+02:00 DEBUG 23752 --- [demo] [main] org.hibernate.SQL                        : create table tracks (length numeric(38,2), width numeric(38,2), gate_id bigint, id bigint not null, symbol varchar(255), primary key (id))
2026-08-08T14:20:19.940+02:00 DEBUG 23752 --- [demo] [main] org.hibernate.SQL                        : create table users (enabled boolean not null, employee_id bigint unique, id bigint not null, password varchar(255), primary key (id))
2026-08-08T14:20:19.943+02:00 DEBUG 23752 --- [demo] [main] org.hibernate.SQL                        : create table work_stations (id bigint not null, workshop_id bigint, control_number varchar(255), station_number varchar(255), type varchar(255), primary key (id))
2026-08-08T14:20:19.946+02:00 DEBUG 23752 --- [demo] [main] org.hibernate.SQL                        : create table workshops (standard numeric(38,2), id bigint not null, name varchar(255), primary key (id))
2026-08-08T14:20:19.948+02:00 DEBUG 23752 --- [demo] [main] org.hibernate.SQL                        : alter table if exists action_logs add constraint FKabx32d38kv3htb0sytu0grnft foreign key (employee_id) references employees
2026-08-08T14:20:19.951+02:00 DEBUG 23752 --- [demo] [main] org.hibernate.SQL                        : alter table if exists employees add constraint FKh62l7gpgesex8wjd6himtb3e1 foreign key (organization_id) references organizations
2026-08-08T14:20:19.953+02:00 DEBUG 23752 --- [demo] [main] org.hibernate.SQL                        : alter table if exists employees add constraint FKngcpgx7fx5kednw3m7u0u8of3 foreign key (position_id) references positions
2026-08-08T14:20:19.955+02:00 DEBUG 23752 --- [demo] [main] org.hibernate.SQL                        : alter table if exists employees add constraint FKerjbet32797doputgk79dc4ga foreign key (shift_id) references shifts
2026-08-08T14:20:19.956+02:00 DEBUG 23752 --- [demo] [main] org.hibernate.SQL                        : alter table if exists order_pallets add constraint FKpqdqlwod8tktiphtoc7oer7rt foreign key (order_id) references orders
2026-08-08T14:20:19.957+02:00 DEBUG 23752 --- [demo] [main] org.hibernate.SQL                        : alter table if exists order_pallets add constraint FKre8sl05h2cj0mpxc2r8t7fvvx foreign key (pallet_id) references pallets
2026-08-08T14:20:19.958+02:00 DEBUG 23752 --- [demo] [main] org.hibernate.SQL                        : alter table if exists order_pallets add constraint FKamr5jy658vv73d04vembos2bw foreign key (status_id) references statuses
2026-08-08T14:20:19.958+02:00 DEBUG 23752 --- [demo] [main] org.hibernate.SQL                        : alter table if exists ordered_products add constraint FKi7isf670mbq331v0muqqry1cd foreign key (order_id) references orders
2026-08-08T14:20:19.959+02:00 DEBUG 23752 --- [demo] [main] org.hibernate.SQL                        : alter table if exists ordered_products add constraint FK4ximfyldt9wafxil44a95nbow foreign key (package_id) references packages
2026-08-08T14:20:19.961+02:00 DEBUG 23752 --- [demo] [main] org.hibernate.SQL                        : alter table if exists orders add constraint FKlwggw414a2ts5kuwn3w3xwey4 foreign key (gate_id) references gates
2026-08-08T14:20:19.962+02:00 DEBUG 23752 --- [demo] [main] org.hibernate.SQL                        : alter table if exists orders add constraint FK90a9kwkuq8tdssbn73patuj1o foreign key (shift_id) references shifts
2026-08-08T14:20:19.963+02:00 DEBUG 23752 --- [demo] [main] org.hibernate.SQL                        : alter table if exists orders add constraint FKsskkpl1vd8t45wcvx150udmvo foreign key (status_id) references statuses
2026-08-08T14:20:19.963+02:00 DEBUG 23752 --- [demo] [main] org.hibernate.SQL                        : alter table if exists orders add constraint FKp7dc0isy2d4u0q76rrmwyyye9 foreign key (store_id) references organizations
2026-08-08T14:20:19.965+02:00 DEBUG 23752 --- [demo] [main] org.hibernate.SQL                        : alter table if exists organizations add constraint FKapumdmay8yodgwtrshtoukpm1 foreign key (organization_type_id) references organization_types
2026-08-08T14:20:19.966+02:00 DEBUG 23752 --- [demo] [main] org.hibernate.SQL                        : alter table if exists packages add constraint FKpbap7arai7981kim42hnmllvy foreign key (product_id) references products
2026-08-08T14:20:19.968+02:00 DEBUG 23752 --- [demo] [main] org.hibernate.SQL                        : alter table if exists paper_cards add constraint FKd9updxxiind6n0qu03wobuvh6 foreign key (order_id) references orders
2026-08-08T14:20:19.969+02:00 DEBUG 23752 --- [demo] [main] org.hibernate.SQL                        : alter table if exists picked_products add constraint FKd7dkbt15tcqu5a44qp1f8fpvw foreign key (order_pallet_id) references order_pallets
2026-08-08T14:20:19.970+02:00 DEBUG 23752 --- [demo] [main] org.hibernate.SQL                        : alter table if exists picked_products add constraint FKl3toya91sky77ldb56ak25egp foreign key (product_package_id) references packages
2026-08-08T14:20:19.971+02:00 DEBUG 23752 --- [demo] [main] org.hibernate.SQL                        : alter table if exists product_pallets add constraint FKq0c540v7295mp0t33kl6sj0v3 foreign key (pallet_id) references pallets
2026-08-08T14:20:19.972+02:00 DEBUG 23752 --- [demo] [main] org.hibernate.SQL                        : alter table if exists product_pallets add constraint FKpnufn9ti4t3cus76xl9727jpl foreign key (product_package_id) references packages
2026-08-08T14:20:19.972+02:00 DEBUG 23752 --- [demo] [main] org.hibernate.SQL                        : alter table if exists product_pallets add constraint FKge9nts7ge6rddq124q7wm7geh foreign key (status_id) references statuses
2026-08-08T14:20:19.973+02:00 DEBUG 23752 --- [demo] [main] org.hibernate.SQL                        : alter table if exists product_pallets add constraint FK437c8obhesvrd78rdmv09bmym foreign key (work_station_id) references work_stations
2026-08-08T14:20:19.974+02:00 DEBUG 23752 --- [demo] [main] org.hibernate.SQL                        : alter table if exists products add constraint FK9f4oe4i29p9ah82tlxxfx9qmw foreign key (producer_id) references organizations
2026-08-08T14:20:19.975+02:00 DEBUG 23752 --- [demo] [main] org.hibernate.SQL                        : alter table if exists return_products add constraint FK4ncg3gnnd9f9wcadd80whdc89 foreign key (order_id) references orders
2026-08-08T14:20:19.976+02:00 DEBUG 23752 --- [demo] [main] org.hibernate.SQL                        : alter table if exists return_products add constraint FKv2qnmbp3kaqqe4wycem8mhti foreign key (product_id) references products
2026-08-08T14:20:19.977+02:00 DEBUG 23752 --- [demo] [main] org.hibernate.SQL                        : alter table if exists tracks add constraint FKh4jx673abomox36uqp69qe0a6 foreign key (gate_id) references gates
2026-08-08T14:20:19.977+02:00 DEBUG 23752 --- [demo] [main] org.hibernate.SQL                        : alter table if exists users add constraint FK6p2ib82uai0pj9yk1iassppgq foreign key (employee_id) references employees
2026-08-08T14:20:19.978+02:00 DEBUG 23752 --- [demo] [main] org.hibernate.SQL                        : alter table if exists work_stations add constraint FKsb494sowyhqf94e5oumi6b7a0 foreign key (workshop_id) references workshops
2026-08-08T14:20:19.982+02:00  INFO 23752 --- [demo] [main] j.LocalContainerEntityManagerFactoryBean : Initialized JPA EntityManagerFactory for persistence unit 'default'
2026-08-08T14:20:20.060+02:00  INFO 23752 --- [demo] [main] o.s.d.j.r.query.QueryEnhancerFactories   : Hibernate is in classpath; If applicable, HQL parser will be used.
2026-08-08T14:20:20.716+02:00  WARN 23752 --- [demo] [main] JpaBaseConfiguration$JpaWebConfiguration : spring.jpa.open-in-view is enabled by default. Therefore, database queries may be performed during view rendering. Explicitly configure spring.jpa.open-in-view to disable this warning
2026-08-08T14:20:20.804+02:00  INFO 23752 --- [demo] [main] r$InitializeUserDetailsManagerConfigurer : Global AuthenticationManager configured with UserDetailsService bean with name userDetailsServiceImpl
2026-08-08T14:20:21.409+02:00  INFO 23752 --- [demo] [main] o.s.b.a.e.web.EndpointLinksResolver      : Exposing 1 endpoint beneath base path '/actuator'
2026-08-08T14:20:21.484+02:00  INFO 23752 --- [demo] [main] o.s.boot.tomcat.TomcatWebServer          : Tomcat started on port 8080 (http) with context path '/'
2026-08-08T14:20:21.492+02:00  INFO 23752 --- [demo] [main] com.warehouse.demo.DemoApplication       : Started DemoApplication in 4.818 seconds (process running for 5.105)
2026-08-08T14:20:42.310+02:00  INFO 23752 --- [demo] [http-nio-8080-exec-3] o.a.c.c.C.[Tomcat].[localhost].[/]       : Initializing Spring DispatcherServlet 'dispatcherServlet'
2026-08-08T14:20:42.310+02:00  INFO 23752 --- [demo] [http-nio-8080-exec-3] o.s.web.servlet.DispatcherServlet        : Initializing Servlet 'dispatcherServlet'
2026-08-08T14:20:42.311+02:00  INFO 23752 --- [demo] [http-nio-8080-exec-3] o.s.web.servlet.DispatcherServlet        : Completed initialization in 1 ms
2026-08-08T14:20:42.490+02:00 DEBUG 23752 --- [demo] [http-nio-8080-exec-3] org.hibernate.SQL                        : select u1_0.id,e1_0.id,e1_0.birth_date,e1_0.document_id,e1_0.employee_number,e1_0.first_name,e1_0.last_name,e1_0.organization_id,e1_0.phone_number,p1_0.id,p1_0.code_name,p1_0.name,e1_0.residence_address,e1_0.shift_id,u1_0.enabled,u1_0.password from users u1_0 left join employees e1_0 on e1_0.id=u1_0.employee_id left join positions p1_0 on p1_0.id=e1_0.position_id where e1_0.employee_number=?
2026-08-08T14:20:42.495+02:00 TRACE 23752 --- [demo] [http-nio-8080-exec-3] org.hibernate.orm.jdbc.bind              : binding parameter (1:VARCHAR) <- [02000001]
2026-08-08T14:20:42.724+02:00 DEBUG 23752 --- [demo] [http-nio-8080-exec-2] org.hibernate.SQL                        : select u1_0.id,e1_0.id,e1_0.birth_date,e1_0.document_id,e1_0.employee_number,e1_0.first_name,e1_0.last_name,e1_0.organization_id,e1_0.phone_number,p1_0.id,p1_0.code_name,p1_0.name,e1_0.residence_address,e1_0.shift_id,u1_0.enabled,u1_0.password from users u1_0 left join employees e1_0 on e1_0.id=u1_0.employee_id left join positions p1_0 on p1_0.id=e1_0.position_id where e1_0.employee_number=?
2026-08-08T14:20:42.724+02:00 TRACE 23752 --- [demo] [http-nio-8080-exec-2] org.hibernate.orm.jdbc.bind              : binding parameter (1:VARCHAR) <- [03000001]
2026-08-08T14:20:42.813+02:00 DEBUG 23752 --- [demo] [http-nio-8080-exec-2] org.hibernate.SQL                        : select o1_0.id,o1_0.address,o1_0.email,o1_0.name,o1_0.organization_number,o1_0.organization_type_id,o1_0.phone,o1_0.url from organizations o1_0
2026-08-08T14:20:42.932+02:00 DEBUG 23752 --- [demo] [http-nio-8080-exec-4] org.hibernate.SQL                        : select u1_0.id,e1_0.id,e1_0.birth_date,e1_0.document_id,e1_0.employee_number,e1_0.first_name,e1_0.last_name,e1_0.organization_id,e1_0.phone_number,p1_0.id,p1_0.code_name,p1_0.name,e1_0.residence_address,e1_0.shift_id,u1_0.enabled,u1_0.password from users u1_0 left join employees e1_0 on e1_0.id=u1_0.employee_id left join positions p1_0 on p1_0.id=e1_0.position_id where e1_0.employee_number=?
2026-08-08T14:20:42.932+02:00 TRACE 23752 --- [demo] [http-nio-8080-exec-4] org.hibernate.orm.jdbc.bind              : binding parameter (1:VARCHAR) <- [04000001]
2026-08-08T14:20:43.001+02:00 DEBUG 23752 --- [demo] [http-nio-8080-exec-4] org.hibernate.SQL                        : select o1_0.id,o1_0.address,o1_0.email,o1_0.name,o1_0.organization_number,o1_0.organization_type_id,o1_0.phone,o1_0.url from organizations o1_0
2026-08-08T14:20:43.004+02:00 DEBUG 23752 --- [demo] [http-nio-8080-exec-4] org.hibernate.SQL                        : select ot1_0.id,ot1_0.name from organization_types ot1_0 where ot1_0.id=?
2026-08-08T14:20:43.005+02:00 TRACE 23752 --- [demo] [http-nio-8080-exec-4] org.hibernate.orm.jdbc.bind              : binding parameter (1:BIGINT) <- [1]
2026-08-08T14:20:43.081+02:00 DEBUG 23752 --- [demo] [http-nio-8080-exec-5] org.hibernate.SQL                        : select u1_0.id,e1_0.id,e1_0.birth_date,e1_0.document_id,e1_0.employee_number,e1_0.first_name,e1_0.last_name,e1_0.organization_id,e1_0.phone_number,p1_0.id,p1_0.code_name,p1_0.name,e1_0.residence_address,e1_0.shift_id,u1_0.enabled,u1_0.password from users u1_0 left join employees e1_0 on e1_0.id=u1_0.employee_id left join positions p1_0 on p1_0.id=e1_0.position_id where e1_0.employee_number=?
2026-08-08T14:20:43.082+02:00 TRACE 23752 --- [demo] [http-nio-8080-exec-5] org.hibernate.orm.jdbc.bind              : binding parameter (1:VARCHAR) <- [02000001]
2026-08-08T14:20:43.223+02:00 DEBUG 23752 --- [demo] [http-nio-8080-exec-6] org.hibernate.SQL                        : select u1_0.id,e1_0.id,e1_0.birth_date,e1_0.document_id,e1_0.employee_number,e1_0.first_name,e1_0.last_name,e1_0.organization_id,e1_0.phone_number,p1_0.id,p1_0.code_name,p1_0.name,e1_0.residence_address,e1_0.shift_id,u1_0.enabled,u1_0.password from users u1_0 left join employees e1_0 on e1_0.id=u1_0.employee_id left join positions p1_0 on p1_0.id=e1_0.position_id where e1_0.employee_number=?
2026-08-08T14:20:43.223+02:00 TRACE 23752 --- [demo] [http-nio-8080-exec-6] org.hibernate.orm.jdbc.bind              : binding parameter (1:VARCHAR) <- [03000001]
2026-08-08T14:20:43.299+02:00 DEBUG 23752 --- [demo] [http-nio-8080-exec-6] org.hibernate.SQL                        : select count(*) from organizations o1_0 where o1_0.id=?
2026-08-08T14:20:43.299+02:00 TRACE 23752 --- [demo] [http-nio-8080-exec-6] org.hibernate.orm.jdbc.bind              : binding parameter (1:BIGINT) <- [1]
2026-08-08T14:20:43.299+02:00 DEBUG 23752 --- [demo] [http-nio-8080-exec-6] org.hibernate.SQL                        : select o1_0.id,o1_0.address,o1_0.email,o1_0.name,o1_0.organization_number,o1_0.organization_type_id,o1_0.phone,o1_0.url from organizations o1_0 where o1_0.id=?
2026-08-08T14:20:43.299+02:00 TRACE 23752 --- [demo] [http-nio-8080-exec-6] org.hibernate.orm.jdbc.bind              : binding parameter (1:BIGINT) <- [1]
2026-08-08T14:20:43.381+02:00 DEBUG 23752 --- [demo] [http-nio-8080-exec-7] org.hibernate.SQL                        : select u1_0.id,e1_0.id,e1_0.birth_date,e1_0.document_id,e1_0.employee_number,e1_0.first_name,e1_0.last_name,e1_0.organization_id,e1_0.phone_number,p1_0.id,p1_0.code_name,p1_0.name,e1_0.residence_address,e1_0.shift_id,u1_0.enabled,u1_0.password from users u1_0 left join employees e1_0 on e1_0.id=u1_0.employee_id left join positions p1_0 on p1_0.id=e1_0.position_id where e1_0.employee_number=?
2026-08-08T14:20:43.381+02:00 TRACE 23752 --- [demo] [http-nio-8080-exec-7] org.hibernate.orm.jdbc.bind              : binding parameter (1:VARCHAR) <- [04000001]
2026-08-08T14:20:43.449+02:00 DEBUG 23752 --- [demo] [http-nio-8080-exec-7] org.hibernate.SQL                        : select count(*) from organizations o1_0 where o1_0.id=?
2026-08-08T14:20:43.450+02:00 TRACE 23752 --- [demo] [http-nio-8080-exec-7] org.hibernate.orm.jdbc.bind              : binding parameter (1:BIGINT) <- [1]
2026-08-08T14:20:43.451+02:00 DEBUG 23752 --- [demo] [http-nio-8080-exec-7] org.hibernate.SQL                        : select o1_0.id,o1_0.address,o1_0.email,o1_0.name,o1_0.organization_number,o1_0.organization_type_id,o1_0.phone,o1_0.url from organizations o1_0 where o1_0.id=?
2026-08-08T14:20:43.452+02:00 TRACE 23752 --- [demo] [http-nio-8080-exec-7] org.hibernate.orm.jdbc.bind              : binding parameter (1:BIGINT) <- [1]
2026-08-08T14:20:43.453+02:00 DEBUG 23752 --- [demo] [http-nio-8080-exec-7] org.hibernate.SQL                        : select ot1_0.id,ot1_0.name from organization_types ot1_0 where ot1_0.id=?
2026-08-08T14:20:43.453+02:00 TRACE 23752 --- [demo] [http-nio-8080-exec-7] org.hibernate.orm.jdbc.bind              : binding parameter (1:BIGINT) <- [1]
2026-08-08T14:20:43.532+02:00 DEBUG 23752 --- [demo] [http-nio-8080-exec-8] org.hibernate.SQL                        : select u1_0.id,e1_0.id,e1_0.birth_date,e1_0.document_id,e1_0.employee_number,e1_0.first_name,e1_0.last_name,e1_0.organization_id,e1_0.phone_number,p1_0.id,p1_0.code_name,p1_0.name,e1_0.residence_address,e1_0.shift_id,u1_0.enabled,u1_0.password from users u1_0 left join employees e1_0 on e1_0.id=u1_0.employee_id left join positions p1_0 on p1_0.id=e1_0.position_id where e1_0.employee_number=?
2026-08-08T14:20:43.532+02:00 TRACE 23752 --- [demo] [http-nio-8080-exec-8] org.hibernate.orm.jdbc.bind              : binding parameter (1:VARCHAR) <- [04000001]
2026-08-08T14:20:43.599+02:00 DEBUG 23752 --- [demo] [http-nio-8080-exec-8] org.hibernate.SQL                        : select count(*) from organizations o1_0 where o1_0.id=?
2026-08-08T14:20:43.600+02:00 TRACE 23752 --- [demo] [http-nio-8080-exec-8] org.hibernate.orm.jdbc.bind              : binding parameter (1:BIGINT) <- [999]
2026-08-08T14:20:43.681+02:00 DEBUG 23752 --- [demo] [http-nio-8080-exec-9] org.hibernate.SQL                        : select u1_0.id,e1_0.id,e1_0.birth_date,e1_0.document_id,e1_0.employee_number,e1_0.first_name,e1_0.last_name,e1_0.organization_id,e1_0.phone_number,p1_0.id,p1_0.code_name,p1_0.name,e1_0.residence_address,e1_0.shift_id,u1_0.enabled,u1_0.password from users u1_0 left join employees e1_0 on e1_0.id=u1_0.employee_id left join positions p1_0 on p1_0.id=e1_0.position_id where e1_0.employee_number=?
2026-08-08T14:20:43.681+02:00 TRACE 23752 --- [demo] [http-nio-8080-exec-9] org.hibernate.orm.jdbc.bind              : binding parameter (1:VARCHAR) <- [02000001]
2026-08-08T14:20:43.849+02:00 DEBUG 23752 --- [demo] [http-nio-8080-exec-10] org.hibernate.SQL                        : select u1_0.id,e1_0.id,e1_0.birth_date,e1_0.document_id,e1_0.employee_number,e1_0.first_name,e1_0.last_name,e1_0.organization_id,e1_0.phone_number,p1_0.id,p1_0.code_name,p1_0.name,e1_0.residence_address,e1_0.shift_id,u1_0.enabled,u1_0.password from users u1_0 left join employees e1_0 on e1_0.id=u1_0.employee_id left join positions p1_0 on p1_0.id=e1_0.position_id where e1_0.employee_number=?
2026-08-08T14:20:43.849+02:00 TRACE 23752 --- [demo] [http-nio-8080-exec-10] org.hibernate.orm.jdbc.bind              : binding parameter (1:VARCHAR) <- [03000001]
2026-08-08T14:20:43.981+02:00 DEBUG 23752 --- [demo] [http-nio-8080-exec-1] org.hibernate.SQL                        : select u1_0.id,e1_0.id,e1_0.birth_date,e1_0.document_id,e1_0.employee_number,e1_0.first_name,e1_0.last_name,e1_0.organization_id,e1_0.phone_number,p1_0.id,p1_0.code_name,p1_0.name,e1_0.residence_address,e1_0.shift_id,u1_0.enabled,u1_0.password from users u1_0 left join employees e1_0 on e1_0.id=u1_0.employee_id left join positions p1_0 on p1_0.id=e1_0.position_id where e1_0.employee_number=?
2026-08-08T14:20:43.981+02:00 TRACE 23752 --- [demo] [http-nio-8080-exec-1] org.hibernate.orm.jdbc.bind              : binding parameter (1:VARCHAR) <- [04000001]
2026-08-08T14:20:44.066+02:00 DEBUG 23752 --- [demo] [http-nio-8080-exec-1] org.hibernate.SQL                        : select o1_0.id from organizations o1_0 where o1_0.organization_number=? fetch first ? rows only
2026-08-08T14:20:44.067+02:00 TRACE 23752 --- [demo] [http-nio-8080-exec-1] org.hibernate.orm.jdbc.bind              : binding parameter (1:VARCHAR) <- [00000002]
2026-08-08T14:20:44.067+02:00 TRACE 23752 --- [demo] [http-nio-8080-exec-1] org.hibernate.orm.jdbc.bind              : binding parameter (2:INTEGER) <- [1]
2026-08-08T14:20:44.068+02:00 DEBUG 23752 --- [demo] [http-nio-8080-exec-1] org.hibernate.SQL                        : select ot1_0.id,ot1_0.name from organization_types ot1_0 where ot1_0.id=?
2026-08-08T14:20:44.068+02:00 TRACE 23752 --- [demo] [http-nio-8080-exec-1] org.hibernate.orm.jdbc.bind              : binding parameter (1:BIGINT) <- [1]
2026-08-08T14:20:44.075+02:00 DEBUG 23752 --- [demo] [http-nio-8080-exec-1] org.hibernate.SQL                        : select nextval('organization_seq')
2026-08-08T14:20:44.094+02:00 DEBUG 23752 --- [demo] [http-nio-8080-exec-1] org.hibernate.SQL                        : insert into organizations (address,email,name,organization_number,organization_type_id,phone,url,id) values (?,?,?,?,?,?,?,?)
2026-08-08T14:20:44.095+02:00 TRACE 23752 --- [demo] [http-nio-8080-exec-1] org.hibernate.orm.jdbc.bind              : binding parameter (1:VARCHAR) <- [Address B]
2026-08-08T14:20:44.095+02:00 TRACE 23752 --- [demo] [http-nio-8080-exec-1] org.hibernate.orm.jdbc.bind              : binding parameter (2:VARCHAR) <- [B@email.com]
2026-08-08T14:20:44.096+02:00 TRACE 23752 --- [demo] [http-nio-8080-exec-1] org.hibernate.orm.jdbc.bind              : binding parameter (3:VARCHAR) <- [Organization B]
2026-08-08T14:20:44.096+02:00 TRACE 23752 --- [demo] [http-nio-8080-exec-1] org.hibernate.orm.jdbc.bind              : binding parameter (4:VARCHAR) <- [00000002]
2026-08-08T14:20:44.096+02:00 TRACE 23752 --- [demo] [http-nio-8080-exec-1] org.hibernate.orm.jdbc.bind              : binding parameter (5:BIGINT) <- [1]
2026-08-08T14:20:44.096+02:00 TRACE 23752 --- [demo] [http-nio-8080-exec-1] org.hibernate.orm.jdbc.bind              : binding parameter (6:VARCHAR) <- [+1234567890]
2026-08-08T14:20:44.096+02:00 TRACE 23752 --- [demo] [http-nio-8080-exec-1] org.hibernate.orm.jdbc.bind              : binding parameter (7:VARCHAR) <- [B.com]
2026-08-08T14:20:44.096+02:00 TRACE 23752 --- [demo] [http-nio-8080-exec-1] org.hibernate.orm.jdbc.bind              : binding parameter (8:BIGINT) <- [2]
2026-08-08T14:20:44.197+02:00 DEBUG 23752 --- [demo] [http-nio-8080-exec-3] org.hibernate.SQL                        : select u1_0.id,e1_0.id,e1_0.birth_date,e1_0.document_id,e1_0.employee_number,e1_0.first_name,e1_0.last_name,e1_0.organization_id,e1_0.phone_number,p1_0.id,p1_0.code_name,p1_0.name,e1_0.residence_address,e1_0.shift_id,u1_0.enabled,u1_0.password from users u1_0 left join employees e1_0 on e1_0.id=u1_0.employee_id left join positions p1_0 on p1_0.id=e1_0.position_id where e1_0.employee_number=?
2026-08-08T14:20:44.197+02:00 TRACE 23752 --- [demo] [http-nio-8080-exec-3] org.hibernate.orm.jdbc.bind              : binding parameter (1:VARCHAR) <- [04000001]
2026-08-08T14:20:44.265+02:00 DEBUG 23752 --- [demo] [http-nio-8080-exec-3] org.hibernate.SQL                        : select o1_0.id from organizations o1_0 where o1_0.organization_number=? fetch first ? rows only
2026-08-08T14:20:44.265+02:00 TRACE 23752 --- [demo] [http-nio-8080-exec-3] org.hibernate.orm.jdbc.bind              : binding parameter (1:VARCHAR) <- [00000002]
2026-08-08T14:20:44.266+02:00 TRACE 23752 --- [demo] [http-nio-8080-exec-3] org.hibernate.orm.jdbc.bind              : binding parameter (2:INTEGER) <- [1]
2026-08-08T14:20:44.333+02:00 DEBUG 23752 --- [demo] [http-nio-8080-exec-2] org.hibernate.SQL                        : select u1_0.id,e1_0.id,e1_0.birth_date,e1_0.document_id,e1_0.employee_number,e1_0.first_name,e1_0.last_name,e1_0.organization_id,e1_0.phone_number,p1_0.id,p1_0.code_name,p1_0.name,e1_0.residence_address,e1_0.shift_id,u1_0.enabled,u1_0.password from users u1_0 left join employees e1_0 on e1_0.id=u1_0.employee_id left join positions p1_0 on p1_0.id=e1_0.position_id where e1_0.employee_number=?
2026-08-08T14:20:44.333+02:00 TRACE 23752 --- [demo] [http-nio-8080-exec-2] org.hibernate.orm.jdbc.bind              : binding parameter (1:VARCHAR) <- [02000001]
2026-08-08T14:20:44.486+02:00 DEBUG 23752 --- [demo] [http-nio-8080-exec-4] org.hibernate.SQL                        : select u1_0.id,e1_0.id,e1_0.birth_date,e1_0.document_id,e1_0.employee_number,e1_0.first_name,e1_0.last_name,e1_0.organization_id,e1_0.phone_number,p1_0.id,p1_0.code_name,p1_0.name,e1_0.residence_address,e1_0.shift_id,u1_0.enabled,u1_0.password from users u1_0 left join employees e1_0 on e1_0.id=u1_0.employee_id left join positions p1_0 on p1_0.id=e1_0.position_id where e1_0.employee_number=?
2026-08-08T14:20:44.490+02:00 TRACE 23752 --- [demo] [http-nio-8080-exec-4] org.hibernate.orm.jdbc.bind              : binding parameter (1:VARCHAR) <- [03000001]
2026-08-08T14:20:44.600+02:00 DEBUG 23752 --- [demo] [http-nio-8080-exec-5] org.hibernate.SQL                        : select u1_0.id,e1_0.id,e1_0.birth_date,e1_0.document_id,e1_0.employee_number,e1_0.first_name,e1_0.last_name,e1_0.organization_id,e1_0.phone_number,p1_0.id,p1_0.code_name,p1_0.name,e1_0.residence_address,e1_0.shift_id,u1_0.enabled,u1_0.password from users u1_0 left join employees e1_0 on e1_0.id=u1_0.employee_id left join positions p1_0 on p1_0.id=e1_0.position_id where e1_0.employee_number=?
2026-08-08T14:20:44.600+02:00 TRACE 23752 --- [demo] [http-nio-8080-exec-5] org.hibernate.orm.jdbc.bind              : binding parameter (1:VARCHAR) <- [04000001]
2026-08-08T14:20:44.670+02:00 DEBUG 23752 --- [demo] [http-nio-8080-exec-5] org.hibernate.SQL                        : select count(*) from organizations o1_0 where o1_0.id=?
2026-08-08T14:20:44.670+02:00 TRACE 23752 --- [demo] [http-nio-8080-exec-5] org.hibernate.orm.jdbc.bind              : binding parameter (1:BIGINT) <- [2]
2026-08-08T14:20:44.671+02:00 DEBUG 23752 --- [demo] [http-nio-8080-exec-5] org.hibernate.SQL                        : select o1_0.id,o1_0.address,o1_0.email,o1_0.name,o1_0.organization_number,o1_0.organization_type_id,o1_0.phone,o1_0.url from organizations o1_0 where o1_0.id=?
2026-08-08T14:20:44.671+02:00 TRACE 23752 --- [demo] [http-nio-8080-exec-5] org.hibernate.orm.jdbc.bind              : binding parameter (1:BIGINT) <- [2]
2026-08-08T14:20:44.672+02:00 DEBUG 23752 --- [demo] [http-nio-8080-exec-5] org.hibernate.SQL                        : select o1_0.id from organizations o1_0 where o1_0.organization_number=? fetch first ? rows only
2026-08-08T14:20:44.673+02:00 TRACE 23752 --- [demo] [http-nio-8080-exec-5] org.hibernate.orm.jdbc.bind              : binding parameter (1:VARCHAR) <- [00000002]
2026-08-08T14:20:44.673+02:00 TRACE 23752 --- [demo] [http-nio-8080-exec-5] org.hibernate.orm.jdbc.bind              : binding parameter (2:INTEGER) <- [1]
2026-08-08T14:20:44.674+02:00 DEBUG 23752 --- [demo] [http-nio-8080-exec-5] org.hibernate.SQL                        : select ot1_0.id,ot1_0.name from organization_types ot1_0 where ot1_0.id=?
2026-08-08T14:20:44.674+02:00 TRACE 23752 --- [demo] [http-nio-8080-exec-5] org.hibernate.orm.jdbc.bind              : binding parameter (1:BIGINT) <- [1]
2026-08-08T14:20:44.680+02:00 DEBUG 23752 --- [demo] [http-nio-8080-exec-5] org.hibernate.SQL                        : update organizations set address=?,email=?,name=?,organization_number=?,organization_type_id=?,phone=?,url=? where id=?
2026-08-08T14:20:44.680+02:00 TRACE 23752 --- [demo] [http-nio-8080-exec-5] org.hibernate.orm.jdbc.bind              : binding parameter (1:VARCHAR) <- [Address B]
2026-08-08T14:20:44.680+02:00 TRACE 23752 --- [demo] [http-nio-8080-exec-5] org.hibernate.orm.jdbc.bind              : binding parameter (2:VARCHAR) <- [B@email.com]
2026-08-08T14:20:44.680+02:00 TRACE 23752 --- [demo] [http-nio-8080-exec-5] org.hibernate.orm.jdbc.bind              : binding parameter (3:VARCHAR) <- [Organization B1]
2026-08-08T14:20:44.680+02:00 TRACE 23752 --- [demo] [http-nio-8080-exec-5] org.hibernate.orm.jdbc.bind              : binding parameter (4:VARCHAR) <- [00000002]
2026-08-08T14:20:44.681+02:00 TRACE 23752 --- [demo] [http-nio-8080-exec-5] org.hibernate.orm.jdbc.bind              : binding parameter (5:BIGINT) <- [1]
2026-08-08T14:20:44.681+02:00 TRACE 23752 --- [demo] [http-nio-8080-exec-5] org.hibernate.orm.jdbc.bind              : binding parameter (6:VARCHAR) <- [+1234567890]
2026-08-08T14:20:44.681+02:00 TRACE 23752 --- [demo] [http-nio-8080-exec-5] org.hibernate.orm.jdbc.bind              : binding parameter (7:VARCHAR) <- [B.com]
2026-08-08T14:20:44.681+02:00 TRACE 23752 --- [demo] [http-nio-8080-exec-5] org.hibernate.orm.jdbc.bind              : binding parameter (8:BIGINT) <- [2]
2026-08-08T14:20:44.766+02:00 DEBUG 23752 --- [demo] [http-nio-8080-exec-6] org.hibernate.SQL                        : select u1_0.id,e1_0.id,e1_0.birth_date,e1_0.document_id,e1_0.employee_number,e1_0.first_name,e1_0.last_name,e1_0.organization_id,e1_0.phone_number,p1_0.id,p1_0.code_name,p1_0.name,e1_0.residence_address,e1_0.shift_id,u1_0.enabled,u1_0.password from users u1_0 left join employees e1_0 on e1_0.id=u1_0.employee_id left join positions p1_0 on p1_0.id=e1_0.position_id where e1_0.employee_number=?
2026-08-08T14:20:44.766+02:00 TRACE 23752 --- [demo] [http-nio-8080-exec-6] org.hibernate.orm.jdbc.bind              : binding parameter (1:VARCHAR) <- [04000001]
2026-08-08T14:20:44.833+02:00 DEBUG 23752 --- [demo] [http-nio-8080-exec-6] org.hibernate.SQL                        : select count(*) from organizations o1_0 where o1_0.id=?
2026-08-08T14:20:44.834+02:00 TRACE 23752 --- [demo] [http-nio-8080-exec-6] org.hibernate.orm.jdbc.bind              : binding parameter (1:BIGINT) <- [999]
2026-08-08T14:20:44.898+02:00 DEBUG 23752 --- [demo] [http-nio-8080-exec-7] org.hibernate.SQL                        : select u1_0.id,e1_0.id,e1_0.birth_date,e1_0.document_id,e1_0.employee_number,e1_0.first_name,e1_0.last_name,e1_0.organization_id,e1_0.phone_number,p1_0.id,p1_0.code_name,p1_0.name,e1_0.residence_address,e1_0.shift_id,u1_0.enabled,u1_0.password from users u1_0 left join employees e1_0 on e1_0.id=u1_0.employee_id left join positions p1_0 on p1_0.id=e1_0.position_id where e1_0.employee_number=?
2026-08-08T14:20:44.899+02:00 TRACE 23752 --- [demo] [http-nio-8080-exec-7] org.hibernate.orm.jdbc.bind              : binding parameter (1:VARCHAR) <- [04000001]
2026-08-08T14:21:46.751+02:00 DEBUG 23752 --- [demo] [http-nio-8080-exec-10] org.hibernate.SQL                        : select u1_0.id,e1_0.id,e1_0.birth_date,e1_0.document_id,e1_0.employee_number,e1_0.first_name,e1_0.last_name,e1_0.organization_id,e1_0.phone_number,p1_0.id,p1_0.code_name,p1_0.name,e1_0.residence_address,e1_0.shift_id,u1_0.enabled,u1_0.password from users u1_0 left join employees e1_0 on e1_0.id=u1_0.employee_id left join positions p1_0 on p1_0.id=e1_0.position_id where e1_0.employee_number=?
2026-08-08T14:21:46.752+02:00 TRACE 23752 --- [demo] [http-nio-8080-exec-10] org.hibernate.orm.jdbc.bind              : binding parameter (1:VARCHAR) <- [04000001]
2026-08-08T14:21:46.833+02:00 DEBUG 23752 --- [demo] [http-nio-8080-exec-10] org.hibernate.SQL                        : select o1_0.id,o1_0.address,o1_0.email,o1_0.name,o1_0.organization_number,o1_0.organization_type_id,o1_0.phone,o1_0.url from organizations o1_0
2026-08-08T14:21:46.836+02:00 DEBUG 23752 --- [demo] [http-nio-8080-exec-10] org.hibernate.SQL                        : select ot1_0.id,ot1_0.name from organization_types ot1_0 where ot1_0.id=?
2026-08-08T14:21:46.836+02:00 TRACE 23752 --- [demo] [http-nio-8080-exec-10] org.hibernate.orm.jdbc.bind              : binding parameter (1:BIGINT) <- [1]
2026-08-08T14:21:53.021+02:00 DEBUG 23752 --- [demo] [http-nio-8080-exec-1] org.hibernate.SQL                        : select u1_0.id,e1_0.id,e1_0.birth_date,e1_0.document_id,e1_0.employee_number,e1_0.first_name,e1_0.last_name,e1_0.organization_id,e1_0.phone_number,p1_0.id,p1_0.code_name,p1_0.name,e1_0.residence_address,e1_0.shift_id,u1_0.enabled,u1_0.password from users u1_0 left join employees e1_0 on e1_0.id=u1_0.employee_id left join positions p1_0 on p1_0.id=e1_0.position_id where e1_0.employee_number=?
2026-08-08T14:21:53.021+02:00 TRACE 23752 --- [demo] [http-nio-8080-exec-1] org.hibernate.orm.jdbc.bind              : binding parameter (1:VARCHAR) <- [03000001]
2026-08-08T14:21:53.081+02:00 DEBUG 23752 --- [demo] [http-nio-8080-exec-1] org.hibernate.SQL                        : select o1_0.id,o1_0.address,o1_0.email,o1_0.name,o1_0.organization_number,o1_0.organization_type_id,o1_0.phone,o1_0.url from organizations o1_0
2026-08-08T14:22:14.235+02:00 DEBUG 23752 --- [demo] [http-nio-8080-exec-3] org.hibernate.SQL                        : select u1_0.id,e1_0.id,e1_0.birth_date,e1_0.document_id,e1_0.employee_number,e1_0.first_name,e1_0.last_name,e1_0.organization_id,e1_0.phone_number,p1_0.id,p1_0.code_name,p1_0.name,e1_0.residence_address,e1_0.shift_id,u1_0.enabled,u1_0.password from users u1_0 left join employees e1_0 on e1_0.id=u1_0.employee_id left join positions p1_0 on p1_0.id=e1_0.position_id where e1_0.employee_number=?
2026-08-08T14:22:14.235+02:00 TRACE 23752 --- [demo] [http-nio-8080-exec-3] org.hibernate.orm.jdbc.bind              : binding parameter (1:VARCHAR) <- [04000001]
2026-08-08T14:22:51.821+02:00 DEBUG 23752 --- [demo] [http-nio-8080-exec-2] org.hibernate.SQL                        : select u1_0.id,e1_0.id,e1_0.birth_date,e1_0.document_id,e1_0.employee_number,e1_0.first_name,e1_0.last_name,e1_0.organization_id,e1_0.phone_number,p1_0.id,p1_0.code_name,p1_0.name,e1_0.residence_address,e1_0.shift_id,u1_0.enabled,u1_0.password from users u1_0 left join employees e1_0 on e1_0.id=u1_0.employee_id left join positions p1_0 on p1_0.id=e1_0.position_id where e1_0.employee_number=?
2026-08-08T14:22:51.821+02:00 TRACE 23752 --- [demo] [http-nio-8080-exec-2] org.hibernate.orm.jdbc.bind              : binding parameter (1:VARCHAR) <- [04000001]
2026-08-08T14:22:51.878+02:00 DEBUG 23752 --- [demo] [http-nio-8080-exec-2] org.hibernate.SQL                        : select count(*) from organizations o1_0 where o1_0.id=?
2026-08-08T14:22:51.878+02:00 TRACE 23752 --- [demo] [http-nio-8080-exec-2] org.hibernate.orm.jdbc.bind              : binding parameter (1:BIGINT) <- [2]
2026-08-08T14:22:51.878+02:00 DEBUG 23752 --- [demo] [http-nio-8080-exec-2] org.hibernate.SQL                        : select o1_0.id,o1_0.address,o1_0.email,o1_0.name,o1_0.organization_number,o1_0.organization_type_id,o1_0.phone,o1_0.url from organizations o1_0 where o1_0.id=?
2026-08-08T14:22:51.878+02:00 TRACE 23752 --- [demo] [http-nio-8080-exec-2] org.hibernate.orm.jdbc.bind              : binding parameter (1:BIGINT) <- [2]
2026-08-08T14:22:51.878+02:00 DEBUG 23752 --- [demo] [http-nio-8080-exec-2] org.hibernate.SQL                        : select o1_0.id from organizations o1_0 where o1_0.organization_number=? fetch first ? rows only
2026-08-08T14:22:51.878+02:00 TRACE 23752 --- [demo] [http-nio-8080-exec-2] org.hibernate.orm.jdbc.bind              : binding parameter (1:VARCHAR) <- [00000001]
2026-08-08T14:22:51.878+02:00 TRACE 23752 --- [demo] [http-nio-8080-exec-2] org.hibernate.orm.jdbc.bind              : binding parameter (2:INTEGER) <- [1]
2026-08-08T14:25:05.597+02:00 DEBUG 23752 --- [demo] [http-nio-8080-exec-6] org.hibernate.SQL                        : select u1_0.id,e1_0.id,e1_0.birth_date,e1_0.document_id,e1_0.employee_number,e1_0.first_name,e1_0.last_name,e1_0.organization_id,e1_0.phone_number,p1_0.id,p1_0.code_name,p1_0.name,e1_0.residence_address,e1_0.shift_id,u1_0.enabled,u1_0.password from users u1_0 left join employees e1_0 on e1_0.id=u1_0.employee_id left join positions p1_0 on p1_0.id=e1_0.position_id where e1_0.employee_number=?
2026-08-08T14:25:05.597+02:00 TRACE 23752 --- [demo] [http-nio-8080-exec-6] org.hibernate.orm.jdbc.bind              : binding parameter (1:VARCHAR) <- [04000001]
2026-08-08T14:25:05.655+02:00 DEBUG 23752 --- [demo] [http-nio-8080-exec-6] org.hibernate.SQL                        : select count(*) from organizations o1_0 where o1_0.id=?
2026-08-08T14:25:05.655+02:00 TRACE 23752 --- [demo] [http-nio-8080-exec-6] org.hibernate.orm.jdbc.bind              : binding parameter (1:BIGINT) <- [2]
2026-08-08T14:25:05.655+02:00 DEBUG 23752 --- [demo] [http-nio-8080-exec-6] org.hibernate.SQL                        : select o1_0.id,o1_0.address,o1_0.email,o1_0.name,o1_0.organization_number,o1_0.organization_type_id,o1_0.phone,o1_0.url from organizations o1_0 where o1_0.id=?
2026-08-08T14:25:05.655+02:00 TRACE 23752 --- [demo] [http-nio-8080-exec-6] org.hibernate.orm.jdbc.bind              : binding parameter (1:BIGINT) <- [2]
2026-08-08T14:25:05.655+02:00 DEBUG 23752 --- [demo] [http-nio-8080-exec-6] org.hibernate.SQL                        : select o1_0.id from organizations o1_0 where o1_0.organization_number=? fetch first ? rows only
2026-08-08T14:25:05.655+02:00 TRACE 23752 --- [demo] [http-nio-8080-exec-6] org.hibernate.orm.jdbc.bind              : binding parameter (1:VARCHAR) <- [00000003]
2026-08-08T14:25:05.655+02:00 TRACE 23752 --- [demo] [http-nio-8080-exec-6] org.hibernate.orm.jdbc.bind              : binding parameter (2:INTEGER) <- [1]
2026-08-08T14:25:05.667+02:00 DEBUG 23752 --- [demo] [http-nio-8080-exec-6] org.hibernate.SQL                        : select ot1_0.id,ot1_0.name from organization_types ot1_0 where ot1_0.id=?
2026-08-08T14:25:05.667+02:00 TRACE 23752 --- [demo] [http-nio-8080-exec-6] org.hibernate.orm.jdbc.bind              : binding parameter (1:BIGINT) <- [1]
2026-08-08T14:25:05.668+02:00 DEBUG 23752 --- [demo] [http-nio-8080-exec-6] org.hibernate.SQL                        : update organizations set address=?,email=?,name=?,organization_number=?,organization_type_id=?,phone=?,url=? where id=?
2026-08-08T14:25:05.668+02:00 TRACE 23752 --- [demo] [http-nio-8080-exec-6] org.hibernate.orm.jdbc.bind              : binding parameter (1:VARCHAR) <- [Address B]
2026-08-08T14:25:05.668+02:00 TRACE 23752 --- [demo] [http-nio-8080-exec-6] org.hibernate.orm.jdbc.bind              : binding parameter (2:VARCHAR) <- [B@email.com]
2026-08-08T14:25:05.668+02:00 TRACE 23752 --- [demo] [http-nio-8080-exec-6] org.hibernate.orm.jdbc.bind              : binding parameter (3:VARCHAR) <- [Organization B2]
2026-08-08T14:25:05.668+02:00 TRACE 23752 --- [demo] [http-nio-8080-exec-6] org.hibernate.orm.jdbc.bind              : binding parameter (4:VARCHAR) <- [00000003]
2026-08-08T14:25:05.669+02:00 TRACE 23752 --- [demo] [http-nio-8080-exec-6] org.hibernate.orm.jdbc.bind              : binding parameter (5:BIGINT) <- [1]
2026-08-08T14:25:05.669+02:00 TRACE 23752 --- [demo] [http-nio-8080-exec-6] org.hibernate.orm.jdbc.bind              : binding parameter (6:VARCHAR) <- [+1234567890]
2026-08-08T14:25:05.669+02:00 TRACE 23752 --- [demo] [http-nio-8080-exec-6] org.hibernate.orm.jdbc.bind              : binding parameter (7:VARCHAR) <- [B.com]
2026-08-08T14:25:05.669+02:00 TRACE 23752 --- [demo] [http-nio-8080-exec-6] org.hibernate.orm.jdbc.bind              : binding parameter (8:BIGINT) <- [2]
2026-08-08T14:25:25.442+02:00 DEBUG 23752 --- [demo] [http-nio-8080-exec-7] org.hibernate.SQL                        : select u1_0.id,e1_0.id,e1_0.birth_date,e1_0.document_id,e1_0.employee_number,e1_0.first_name,e1_0.last_name,e1_0.organization_id,e1_0.phone_number,p1_0.id,p1_0.code_name,p1_0.name,e1_0.residence_address,e1_0.shift_id,u1_0.enabled,u1_0.password from users u1_0 left join employees e1_0 on e1_0.id=u1_0.employee_id left join positions p1_0 on p1_0.id=e1_0.position_id where e1_0.employee_number=?
2026-08-08T14:25:25.443+02:00 TRACE 23752 --- [demo] [http-nio-8080-exec-7] org.hibernate.orm.jdbc.bind              : binding parameter (1:VARCHAR) <- [02000001]
2026-08-08T14:25:50.906+02:00 DEBUG 23752 --- [demo] [http-nio-8080-exec-8] org.hibernate.SQL                        : select u1_0.id,e1_0.id,e1_0.birth_date,e1_0.document_id,e1_0.employee_number,e1_0.first_name,e1_0.last_name,e1_0.organization_id,e1_0.phone_number,p1_0.id,p1_0.code_name,p1_0.name,e1_0.residence_address,e1_0.shift_id,u1_0.enabled,u1_0.password from users u1_0 left join employees e1_0 on e1_0.id=u1_0.employee_id left join positions p1_0 on p1_0.id=e1_0.position_id where e1_0.employee_number=?
2026-08-08T14:25:50.906+02:00 TRACE 23752 --- [demo] [http-nio-8080-exec-8] org.hibernate.orm.jdbc.bind              : binding parameter (1:VARCHAR) <- [04000001]
2026-08-08T14:25:50.979+02:00 DEBUG 23752 --- [demo] [http-nio-8080-exec-8] org.hibernate.SQL                        : select count(*) from positions p1_0 where p1_0.id=?
2026-08-08T14:25:50.979+02:00 TRACE 23752 --- [demo] [http-nio-8080-exec-8] org.hibernate.orm.jdbc.bind              : binding parameter (1:BIGINT) <- [1]
2026-08-08T14:25:50.984+02:00 DEBUG 23752 --- [demo] [http-nio-8080-exec-8] org.hibernate.SQL                        : select e1_0.id from employees e1_0 where e1_0.position_id=? fetch first ? rows only
2026-08-08T14:25:50.984+02:00 TRACE 23752 --- [demo] [http-nio-8080-exec-8] org.hibernate.orm.jdbc.bind              : binding parameter (1:BIGINT) <- [1]
2026-08-08T14:25:50.985+02:00 TRACE 23752 --- [demo] [http-nio-8080-exec-8] org.hibernate.orm.jdbc.bind              : binding parameter (2:INTEGER) <- [1]
2026-08-08T14:26:03.037+02:00 DEBUG 23752 --- [demo] [http-nio-8080-exec-9] org.hibernate.SQL                        : select u1_0.id,e1_0.id,e1_0.birth_date,e1_0.document_id,e1_0.employee_number,e1_0.first_name,e1_0.last_name,e1_0.organization_id,e1_0.phone_number,p1_0.id,p1_0.code_name,p1_0.name,e1_0.residence_address,e1_0.shift_id,u1_0.enabled,u1_0.password from users u1_0 left join employees e1_0 on e1_0.id=u1_0.employee_id left join positions p1_0 on p1_0.id=e1_0.position_id where e1_0.employee_number=?
2026-08-08T14:26:03.038+02:00 TRACE 23752 --- [demo] [http-nio-8080-exec-9] org.hibernate.orm.jdbc.bind              : binding parameter (1:VARCHAR) <- [02000001]
2026-08-08T14:26:14.577+02:00 DEBUG 23752 --- [demo] [http-nio-8080-exec-10] org.hibernate.SQL                        : select u1_0.id,e1_0.id,e1_0.birth_date,e1_0.document_id,e1_0.employee_number,e1_0.first_name,e1_0.last_name,e1_0.organization_id,e1_0.phone_number,p1_0.id,p1_0.code_name,p1_0.name,e1_0.residence_address,e1_0.shift_id,u1_0.enabled,u1_0.password from users u1_0 left join employees e1_0 on e1_0.id=u1_0.employee_id left join positions p1_0 on p1_0.id=e1_0.position_id where e1_0.employee_number=?
2026-08-08T14:26:14.577+02:00 TRACE 23752 --- [demo] [http-nio-8080-exec-10] org.hibernate.orm.jdbc.bind              : binding parameter (1:VARCHAR) <- [04000001]
2026-08-08T14:26:14.635+02:00 DEBUG 23752 --- [demo] [http-nio-8080-exec-10] org.hibernate.SQL                        : select count(*) from organizations o1_0 where o1_0.id=?
2026-08-08T14:26:14.635+02:00 TRACE 23752 --- [demo] [http-nio-8080-exec-10] org.hibernate.orm.jdbc.bind              : binding parameter (1:BIGINT) <- [1]
2026-08-08T14:26:14.643+02:00 DEBUG 23752 --- [demo] [http-nio-8080-exec-10] org.hibernate.SQL                        : select e1_0.id from employees e1_0 where e1_0.organization_id=? fetch first ? rows only
2026-08-08T14:26:14.643+02:00 TRACE 23752 --- [demo] [http-nio-8080-exec-10] org.hibernate.orm.jdbc.bind              : binding parameter (1:BIGINT) <- [1]
2026-08-08T14:26:14.643+02:00 TRACE 23752 --- [demo] [http-nio-8080-exec-10] org.hibernate.orm.jdbc.bind              : binding parameter (2:INTEGER) <- [1]
2026-08-08T14:26:28.991+02:00 DEBUG 23752 --- [demo] [http-nio-8080-exec-1] org.hibernate.SQL                        : select u1_0.id,e1_0.id,e1_0.birth_date,e1_0.document_id,e1_0.employee_number,e1_0.first_name,e1_0.last_name,e1_0.organization_id,e1_0.phone_number,p1_0.id,p1_0.code_name,p1_0.name,e1_0.residence_address,e1_0.shift_id,u1_0.enabled,u1_0.password from users u1_0 left join employees e1_0 on e1_0.id=u1_0.employee_id left join positions p1_0 on p1_0.id=e1_0.position_id where e1_0.employee_number=?
2026-08-08T14:26:28.991+02:00 TRACE 23752 --- [demo] [http-nio-8080-exec-1] org.hibernate.orm.jdbc.bind              : binding parameter (1:VARCHAR) <- [04000001]
2026-08-08T14:26:29.051+02:00 DEBUG 23752 --- [demo] [http-nio-8080-exec-1] org.hibernate.SQL                        : select count(*) from organizations o1_0 where o1_0.id=?
2026-08-08T14:26:29.051+02:00 TRACE 23752 --- [demo] [http-nio-8080-exec-1] org.hibernate.orm.jdbc.bind              : binding parameter (1:BIGINT) <- [2]
2026-08-08T14:26:29.051+02:00 DEBUG 23752 --- [demo] [http-nio-8080-exec-1] org.hibernate.SQL                        : select e1_0.id from employees e1_0 where e1_0.organization_id=? fetch first ? rows only
2026-08-08T14:26:29.051+02:00 TRACE 23752 --- [demo] [http-nio-8080-exec-1] org.hibernate.orm.jdbc.bind              : binding parameter (1:BIGINT) <- [2]
2026-08-08T14:26:29.051+02:00 TRACE 23752 --- [demo] [http-nio-8080-exec-1] org.hibernate.orm.jdbc.bind              : binding parameter (2:INTEGER) <- [1]
2026-08-08T14:26:29.051+02:00 DEBUG 23752 --- [demo] [http-nio-8080-exec-1] org.hibernate.SQL                        : select o1_0.id,o1_0.address,o1_0.email,o1_0.name,o1_0.organization_number,o1_0.organization_type_id,o1_0.phone,o1_0.url from organizations o1_0 where o1_0.id=?
2026-08-08T14:26:29.051+02:00 TRACE 23752 --- [demo] [http-nio-8080-exec-1] org.hibernate.orm.jdbc.bind              : binding parameter (1:BIGINT) <- [2]
2026-08-08T14:26:29.064+02:00 DEBUG 23752 --- [demo] [http-nio-8080-exec-1] org.hibernate.SQL                        : delete from organizations where id=?
2026-08-08T14:26:29.064+02:00 TRACE 23752 --- [demo] [http-nio-8080-exec-1] org.hibernate.orm.jdbc.bind              : binding parameter (1:BIGINT) <- [2]
2026-08-08T14:26:41.733+02:00 DEBUG 23752 --- [demo] [http-nio-8080-exec-3] org.hibernate.SQL                        : select u1_0.id,e1_0.id,e1_0.birth_date,e1_0.document_id,e1_0.employee_number,e1_0.first_name,e1_0.last_name,e1_0.organization_id,e1_0.phone_number,p1_0.id,p1_0.code_name,p1_0.name,e1_0.residence_address,e1_0.shift_id,u1_0.enabled,u1_0.password from users u1_0 left join employees e1_0 on e1_0.id=u1_0.employee_id left join positions p1_0 on p1_0.id=e1_0.position_id where e1_0.employee_number=?
2026-08-08T14:26:41.733+02:00 TRACE 23752 --- [demo] [http-nio-8080-exec-3] org.hibernate.orm.jdbc.bind              : binding parameter (1:VARCHAR) <- [04000001]
2026-08-08T14:26:41.799+02:00 DEBUG 23752 --- [demo] [http-nio-8080-exec-3] org.hibernate.SQL                        : select count(*) from organizations o1_0 where o1_0.id=?
2026-08-08T14:26:41.799+02:00 TRACE 23752 --- [demo] [http-nio-8080-exec-3] org.hibernate.orm.jdbc.bind              : binding parameter (1:BIGINT) <- [999]
2026-08-08T14:27:10.693+02:00  INFO 23752 --- [demo] [SpringApplicationShutdownHook] o.s.boot.tomcat.GracefulShutdown         : Commencing graceful shutdown. Waiting for active requests to complete
2026-08-08T14:27:10.693+02:00  INFO 23752 --- [demo] [tomcat-shutdown] o.s.boot.tomcat.GracefulShutdown         : Graceful shutdown complete
2026-08-08T14:27:10.700+02:00  INFO 23752 --- [demo] [SpringApplicationShutdownHook] j.LocalContainerEntityManagerFactoryBean : Closing JPA EntityManagerFactory for persistence unit 'default'
2026-08-08T14:27:10.704+02:00 DEBUG 23752 --- [demo] [SpringApplicationShutdownHook] org.hibernate.SQL                        : set client_min_messages = WARNING
2026-08-08T14:27:10.705+02:00 DEBUG 23752 --- [demo] [SpringApplicationShutdownHook] org.hibernate.SQL                        : alter table if exists action_logs drop constraint if exists FKabx32d38kv3htb0sytu0grnft
2026-08-08T14:27:10.706+02:00 DEBUG 23752 --- [demo] [SpringApplicationShutdownHook] org.hibernate.SQL                        : alter table if exists employees drop constraint if exists FKh62l7gpgesex8wjd6himtb3e1
2026-08-08T14:27:10.708+02:00 DEBUG 23752 --- [demo] [SpringApplicationShutdownHook] org.hibernate.SQL                        : alter table if exists employees drop constraint if exists FKngcpgx7fx5kednw3m7u0u8of3
2026-08-08T14:27:10.709+02:00 DEBUG 23752 --- [demo] [SpringApplicationShutdownHook] org.hibernate.SQL                        : alter table if exists employees drop constraint if exists FKerjbet32797doputgk79dc4ga
2026-08-08T14:27:10.710+02:00 DEBUG 23752 --- [demo] [SpringApplicationShutdownHook] org.hibernate.SQL                        : alter table if exists order_pallets drop constraint if exists FKpqdqlwod8tktiphtoc7oer7rt
2026-08-08T14:27:10.710+02:00 DEBUG 23752 --- [demo] [SpringApplicationShutdownHook] org.hibernate.SQL                        : alter table if exists order_pallets drop constraint if exists FKre8sl05h2cj0mpxc2r8t7fvvx
2026-08-08T14:27:10.711+02:00 DEBUG 23752 --- [demo] [SpringApplicationShutdownHook] org.hibernate.SQL                        : alter table if exists order_pallets drop constraint if exists FKamr5jy658vv73d04vembos2bw
2026-08-08T14:27:10.711+02:00 DEBUG 23752 --- [demo] [SpringApplicationShutdownHook] org.hibernate.SQL                        : alter table if exists ordered_products drop constraint if exists FKi7isf670mbq331v0muqqry1cd
2026-08-08T14:27:10.713+02:00 DEBUG 23752 --- [demo] [SpringApplicationShutdownHook] org.hibernate.SQL                        : alter table if exists ordered_products drop constraint if exists FK4ximfyldt9wafxil44a95nbow
2026-08-08T14:27:10.713+02:00 DEBUG 23752 --- [demo] [SpringApplicationShutdownHook] org.hibernate.SQL                        : alter table if exists orders drop constraint if exists FKlwggw414a2ts5kuwn3w3xwey4
2026-08-08T14:27:10.714+02:00 DEBUG 23752 --- [demo] [SpringApplicationShutdownHook] org.hibernate.SQL                        : alter table if exists orders drop constraint if exists FK90a9kwkuq8tdssbn73patuj1o
2026-08-08T14:27:10.714+02:00 DEBUG 23752 --- [demo] [SpringApplicationShutdownHook] org.hibernate.SQL                        : alter table if exists orders drop constraint if exists FKsskkpl1vd8t45wcvx150udmvo
2026-08-08T14:27:10.714+02:00 DEBUG 23752 --- [demo] [SpringApplicationShutdownHook] org.hibernate.SQL                        : alter table if exists orders drop constraint if exists FKp7dc0isy2d4u0q76rrmwyyye9
2026-08-08T14:27:10.715+02:00 DEBUG 23752 --- [demo] [SpringApplicationShutdownHook] org.hibernate.SQL                        : alter table if exists organizations drop constraint if exists FKapumdmay8yodgwtrshtoukpm1
2026-08-08T14:27:10.715+02:00 DEBUG 23752 --- [demo] [SpringApplicationShutdownHook] org.hibernate.SQL                        : alter table if exists packages drop constraint if exists FKpbap7arai7981kim42hnmllvy
2026-08-08T14:27:10.715+02:00 DEBUG 23752 --- [demo] [SpringApplicationShutdownHook] org.hibernate.SQL                        : alter table if exists paper_cards drop constraint if exists FKd9updxxiind6n0qu03wobuvh6
2026-08-08T14:27:10.715+02:00 DEBUG 23752 --- [demo] [SpringApplicationShutdownHook] org.hibernate.SQL                        : alter table if exists picked_products drop constraint if exists FKd7dkbt15tcqu5a44qp1f8fpvw
2026-08-08T14:27:10.715+02:00 DEBUG 23752 --- [demo] [SpringApplicationShutdownHook] org.hibernate.SQL                        : alter table if exists picked_products drop constraint if exists FKl3toya91sky77ldb56ak25egp
2026-08-08T14:27:10.715+02:00 DEBUG 23752 --- [demo] [SpringApplicationShutdownHook] org.hibernate.SQL                        : alter table if exists product_pallets drop constraint if exists FKq0c540v7295mp0t33kl6sj0v3
2026-08-08T14:27:10.719+02:00 DEBUG 23752 --- [demo] [SpringApplicationShutdownHook] org.hibernate.SQL                        : alter table if exists product_pallets drop constraint if exists FKpnufn9ti4t3cus76xl9727jpl
2026-08-08T14:27:10.719+02:00 DEBUG 23752 --- [demo] [SpringApplicationShutdownHook] org.hibernate.SQL                        : alter table if exists product_pallets drop constraint if exists FKge9nts7ge6rddq124q7wm7geh
2026-08-08T14:27:10.719+02:00 DEBUG 23752 --- [demo] [SpringApplicationShutdownHook] org.hibernate.SQL                        : alter table if exists product_pallets drop constraint if exists FK437c8obhesvrd78rdmv09bmym
2026-08-08T14:27:10.719+02:00 DEBUG 23752 --- [demo] [SpringApplicationShutdownHook] org.hibernate.SQL                        : alter table if exists products drop constraint if exists FK9f4oe4i29p9ah82tlxxfx9qmw
2026-08-08T14:27:10.721+02:00 DEBUG 23752 --- [demo] [SpringApplicationShutdownHook] org.hibernate.SQL                        : alter table if exists return_products drop constraint if exists FK4ncg3gnnd9f9wcadd80whdc89
2026-08-08T14:27:10.721+02:00 DEBUG 23752 --- [demo] [SpringApplicationShutdownHook] org.hibernate.SQL                        : alter table if exists return_products drop constraint if exists FKv2qnmbp3kaqqe4wycem8mhti
2026-08-08T14:27:10.721+02:00 DEBUG 23752 --- [demo] [SpringApplicationShutdownHook] org.hibernate.SQL                        : alter table if exists tracks drop constraint if exists FKh4jx673abomox36uqp69qe0a6
2026-08-08T14:27:10.723+02:00 DEBUG 23752 --- [demo] [SpringApplicationShutdownHook] org.hibernate.SQL                        : alter table if exists users drop constraint if exists FK6p2ib82uai0pj9yk1iassppgq
2026-08-08T14:27:10.723+02:00 DEBUG 23752 --- [demo] [SpringApplicationShutdownHook] org.hibernate.SQL                        : alter table if exists work_stations drop constraint if exists FKsb494sowyhqf94e5oumi6b7a0
2026-08-08T14:27:10.724+02:00 DEBUG 23752 --- [demo] [SpringApplicationShutdownHook] org.hibernate.SQL                        : drop table if exists action_logs cascade
2026-08-08T14:27:10.725+02:00 DEBUG 23752 --- [demo] [SpringApplicationShutdownHook] org.hibernate.SQL                        : drop table if exists employees cascade
2026-08-08T14:27:10.728+02:00 DEBUG 23752 --- [demo] [SpringApplicationShutdownHook] org.hibernate.SQL                        : drop table if exists gates cascade
2026-08-08T14:27:10.729+02:00 DEBUG 23752 --- [demo] [SpringApplicationShutdownHook] org.hibernate.SQL                        : drop table if exists order_pallets cascade
2026-08-08T14:27:10.730+02:00 DEBUG 23752 --- [demo] [SpringApplicationShutdownHook] org.hibernate.SQL                        : drop table if exists ordered_products cascade
2026-08-08T14:27:10.731+02:00 DEBUG 23752 --- [demo] [SpringApplicationShutdownHook] org.hibernate.SQL                        : drop table if exists orders cascade
2026-08-08T14:27:10.732+02:00 DEBUG 23752 --- [demo] [SpringApplicationShutdownHook] org.hibernate.SQL                        : drop table if exists organization_types cascade
2026-08-08T14:27:10.733+02:00 DEBUG 23752 --- [demo] [SpringApplicationShutdownHook] org.hibernate.SQL                        : drop table if exists organizations cascade
2026-08-08T14:27:10.735+02:00 DEBUG 23752 --- [demo] [SpringApplicationShutdownHook] org.hibernate.SQL                        : drop table if exists packages cascade
2026-08-08T14:27:10.736+02:00 DEBUG 23752 --- [demo] [SpringApplicationShutdownHook] org.hibernate.SQL                        : drop table if exists pallets cascade
2026-08-08T14:27:10.737+02:00 DEBUG 23752 --- [demo] [SpringApplicationShutdownHook] org.hibernate.SQL                        : drop table if exists paper_cards cascade
2026-08-08T14:27:10.738+02:00 DEBUG 23752 --- [demo] [SpringApplicationShutdownHook] org.hibernate.SQL                        : drop table if exists picked_products cascade
2026-08-08T14:27:10.740+02:00 DEBUG 23752 --- [demo] [SpringApplicationShutdownHook] org.hibernate.SQL                        : drop table if exists positions cascade
2026-08-08T14:27:10.741+02:00 DEBUG 23752 --- [demo] [SpringApplicationShutdownHook] org.hibernate.SQL                        : drop table if exists product_pallets cascade
2026-08-08T14:27:10.743+02:00 DEBUG 23752 --- [demo] [SpringApplicationShutdownHook] org.hibernate.SQL                        : drop table if exists products cascade
2026-08-08T14:27:10.744+02:00 DEBUG 23752 --- [demo] [SpringApplicationShutdownHook] org.hibernate.SQL                        : drop table if exists return_products cascade
2026-08-08T14:27:10.745+02:00 DEBUG 23752 --- [demo] [SpringApplicationShutdownHook] org.hibernate.SQL                        : drop table if exists shifts cascade
2026-08-08T14:27:10.746+02:00 DEBUG 23752 --- [demo] [SpringApplicationShutdownHook] org.hibernate.SQL                        : drop table if exists statuses cascade
2026-08-08T14:27:10.748+02:00 DEBUG 23752 --- [demo] [SpringApplicationShutdownHook] org.hibernate.SQL                        : drop table if exists tracks cascade
2026-08-08T14:27:10.749+02:00 DEBUG 23752 --- [demo] [SpringApplicationShutdownHook] org.hibernate.SQL                        : drop table if exists users cascade
2026-08-08T14:27:10.750+02:00 DEBUG 23752 --- [demo] [SpringApplicationShutdownHook] org.hibernate.SQL                        : drop table if exists work_stations cascade
2026-08-08T14:27:10.751+02:00 DEBUG 23752 --- [demo] [SpringApplicationShutdownHook] org.hibernate.SQL                        : drop table if exists workshops cascade
2026-08-08T14:27:10.752+02:00 DEBUG 23752 --- [demo] [SpringApplicationShutdownHook] org.hibernate.SQL                        : drop sequence if exists action_logs_seq
2026-08-08T14:27:10.753+02:00 DEBUG 23752 --- [demo] [SpringApplicationShutdownHook] org.hibernate.SQL                        : drop sequence if exists employee_seq
2026-08-08T14:27:10.755+02:00 DEBUG 23752 --- [demo] [SpringApplicationShutdownHook] org.hibernate.SQL                        : drop sequence if exists gate_seq
2026-08-08T14:27:10.755+02:00 DEBUG 23752 --- [demo] [SpringApplicationShutdownHook] org.hibernate.SQL                        : drop sequence if exists order_pallets_seq
2026-08-08T14:27:10.756+02:00 DEBUG 23752 --- [demo] [SpringApplicationShutdownHook] org.hibernate.SQL                        : drop sequence if exists order_seq
2026-08-08T14:27:10.757+02:00 DEBUG 23752 --- [demo] [SpringApplicationShutdownHook] org.hibernate.SQL                        : drop sequence if exists ordered_products_seq
2026-08-08T14:27:10.757+02:00 DEBUG 23752 --- [demo] [SpringApplicationShutdownHook] org.hibernate.SQL                        : drop sequence if exists organization_seq
2026-08-08T14:27:10.758+02:00 DEBUG 23752 --- [demo] [SpringApplicationShutdownHook] org.hibernate.SQL                        : drop sequence if exists organization_type_seq
2026-08-08T14:27:10.758+02:00 DEBUG 23752 --- [demo] [SpringApplicationShutdownHook] org.hibernate.SQL                        : drop sequence if exists package_seq
2026-08-08T14:27:10.759+02:00 DEBUG 23752 --- [demo] [SpringApplicationShutdownHook] org.hibernate.SQL                        : drop sequence if exists pallet_seq
2026-08-08T14:27:10.760+02:00 DEBUG 23752 --- [demo] [SpringApplicationShutdownHook] org.hibernate.SQL                        : drop sequence if exists paper_cards_seq
2026-08-08T14:27:10.761+02:00 DEBUG 23752 --- [demo] [SpringApplicationShutdownHook] org.hibernate.SQL                        : drop sequence if exists picked_products_seq
2026-08-08T14:27:10.762+02:00 DEBUG 23752 --- [demo] [SpringApplicationShutdownHook] org.hibernate.SQL                        : drop sequence if exists position_seq
2026-08-08T14:27:10.763+02:00 DEBUG 23752 --- [demo] [SpringApplicationShutdownHook] org.hibernate.SQL                        : drop sequence if exists product_pallet_seq
2026-08-08T14:27:10.763+02:00 DEBUG 23752 --- [demo] [SpringApplicationShutdownHook] org.hibernate.SQL                        : drop sequence if exists products_seq
2026-08-08T14:27:10.764+02:00 DEBUG 23752 --- [demo] [SpringApplicationShutdownHook] org.hibernate.SQL                        : drop sequence if exists return_products_seq
2026-08-08T14:27:10.765+02:00 DEBUG 23752 --- [demo] [SpringApplicationShutdownHook] org.hibernate.SQL                        : drop sequence if exists shift_seq
2026-08-08T14:27:10.765+02:00 DEBUG 23752 --- [demo] [SpringApplicationShutdownHook] org.hibernate.SQL                        : drop sequence if exists status_seq
2026-08-08T14:27:10.766+02:00 DEBUG 23752 --- [demo] [SpringApplicationShutdownHook] org.hibernate.SQL                        : drop sequence if exists track_seq
2026-08-08T14:27:10.767+02:00 DEBUG 23752 --- [demo] [SpringApplicationShutdownHook] org.hibernate.SQL                        : drop sequence if exists user_seq
2026-08-08T14:27:10.768+02:00 DEBUG 23752 --- [demo] [SpringApplicationShutdownHook] org.hibernate.SQL                        : drop sequence if exists work_station_seq
2026-08-08T14:27:10.768+02:00 DEBUG 23752 --- [demo] [SpringApplicationShutdownHook] org.hibernate.SQL                        : drop sequence if exists workshop_seq
2026-08-08T14:27:10.770+02:00  INFO 23752 --- [demo] [SpringApplicationShutdownHook] com.zaxxer.hikari.HikariDataSource       : HikariPool-1 - Shutdown initiated...
2026-08-08T14:27:10.772+02:00  INFO 23752 --- [demo] [SpringApplicationShutdownHook] com.zaxxer.hikari.HikariDataSource       : HikariPool-1 - Shutdown completed.
